vehicle_id,station_seq,timestamp,cycle_time,joint_torque,process_temperature,tool_vibration,power_kw,optimal_power_kw,avoidable_waste_kw,optimal_temp_c,is_anomaly,anomaly_label
VEH_4800,1,2026-08-30T05:48:41.606177,67.33,44.61,36.22,1.426,17.79,17.21,0.58,34.3,0,NOMINAL
VEH_4800,2,2026-08-30T05:49:46.606177,70.92,42.19,36.34,1.409,18.4,18.09,0.31,34.6,0,NOMINAL
VEH_4800,3,2026-08-30T05:50:51.606177,71.39,,35.83,1.436,11.84,11.74,0.1,34.9,0,NOMINAL
VEH_4800,4,2026-08-30T05:51:56.606177,74.49,,37.02,1.446,12.87,12.61,0.26,35.2,0,NOMINAL
VEH_4800,5,2026-08-30T05:53:01.606177,62.43,,38.07,1.368,13.41,13.1,0.31,35.5,0,NOMINAL
VEH_4800,6,2026-08-30T05:54:06.606177,67.65,,38.0,1.522,11.92,11.58,0.34,35.8,0,NOMINAL
VEH_4800,7,2026-08-30T05:55:11.606177,71.14,42.82,38.32,1.926,17.75,17.29,0.46,36.1,0,NOMINAL
VEH_4800,8,2026-08-30T05:56:16.606177,71.23,41.42,39.02,1.732,18.45,18.17,0.28,36.4,0,NOMINAL
VEH_4800,9,2026-08-30T05:57:21.606177,76.31,,38.55,1.736,12.13,11.81,0.32,36.7,0,NOMINAL
VEH_4800,10,2026-08-30T05:58:26.606177,65.26,,40.75,1.591,12.87,12.3,0.57,37.0,0,NOMINAL
VEH_4800,11,2026-08-30T05:59:31.606177,65.6,,40.04,1.927,13.92,12.78,1.14,48.0,0,NOMINAL
VEH_4800,12,2026-08-30T06:00:36.606177,68.64,,40.91,1.885,11.18,10.16,1.02,48.0,0,NOMINAL
VEH_4800,13,2026-08-30T06:01:41.606177,73.57,,40.54,1.782,11.55,11.14,0.41,38.0,0,NOMINAL
VEH_4800,14,2026-08-30T06:02:46.606177,73.19,42.37,42.5,1.835,18.88,18.24,0.64,38.2,0,NOMINAL
VEH_4800,15,2026-08-30T06:03:51.606177,65.98,,43.09,1.877,13.5,12.7,0.8,38.0,0,NOMINAL
VEH_4800,16,2026-08-30T06:04:56.606177,68.7,,43.18,2.039,10.9,10.08,0.82,38.0,0,NOMINAL
VEH_4800,17,2026-08-30T06:06:01.606177,69.96,,44.06,1.55,13.45,11.06,2.39,60.0,0,NOMINAL
VEH_4800,18,2026-08-30T06:07:06.606177,73.49,,42.07,2.138,12.68,12.04,0.64,38.0,0,NOMINAL
VEH_4800,19,2026-08-30T06:08:11.606177,74.74,,43.89,2.238,11.36,9.21,2.15,29.5,0,NOMINAL
VEH_4800,20,2026-08-30T06:09:16.606177,64.38,,43.83,1.975,8.71,6.8,1.91,31.0,0,NOMINAL
VEH_4800,21,2026-08-30T06:10:21.606177,68.6,,44.67,1.99,10.11,7.58,2.53,28.0,0,NOMINAL
VEH_4800,22,2026-08-30T06:11:26.606177,70.62,,45.92,2.135,10.84,8.36,2.48,29.5,0,NOMINAL
VEH_4800,23,2026-08-30T06:12:31.606177,71.66,,44.97,2.079,11.2,9.14,2.06,31.0,0,NOMINAL
VEH_4800,24,2026-08-30T06:13:36.606177,73.24,,43.5,2.22,9.38,7.11,2.27,28.0,0,NOMINAL
VEH_4800,25,2026-08-30T06:14:41.606177,64.59,,45.36,2.169,9.87,7.5,2.37,29.5,0,NOMINAL
VEH_4800,26,2026-08-30T06:15:46.606177,67.98,42.81,45.65,2.44,15.42,13.11,2.31,31.0,0,NOMINAL
VEH_4800,27,2026-08-30T06:16:51.606177,67.99,42.62,46.85,2.632,16.73,13.89,2.84,28.0,0,NOMINAL
VEH_4800,28,2026-08-30T06:17:56.606177,72.86,,47.47,2.284,9.74,7.04,2.7,29.5,0,NOMINAL
VEH_4800,29,2026-08-30T06:19:01.606177,76.37,,48.2,2.437,10.44,7.81,2.63,31.0,0,NOMINAL
VEH_4800,30,2026-08-30T06:20:06.606177,63.91,,49.13,2.56,11.34,8.2,3.14,28.0,0,NOMINAL
VEH_4801,1,2026-08-30T05:49:56.606177,67.59,40.53,37.78,1.51,17.57,17.21,0.36,34.3,0,NOMINAL
VEH_4801,2,2026-08-30T05:51:01.606177,69.56,39.54,35.95,1.478,18.09,18.09,0.0,34.6,0,NOMINAL
VEH_4801,3,2026-08-30T05:52:06.606177,74.36,,36.93,1.321,12.1,11.74,0.36,34.9,0,NOMINAL
VEH_4801,4,2026-08-30T05:53:11.606177,75.98,,36.63,1.503,12.86,12.61,0.25,35.2,0,NOMINAL
VEH_4801,5,2026-08-30T05:54:16.606177,66.57,,37.77,1.473,13.49,13.1,0.39,35.5,0,NOMINAL
VEH_4801,6,2026-08-30T05:55:21.606177,67.81,,39.06,1.355,12.08,11.58,0.5,35.8,0,NOMINAL
VEH_4801,7,2026-08-30T05:56:26.606177,68.42,40.76,39.31,1.734,17.58,17.29,0.29,36.1,0,NOMINAL
VEH_4801,8,2026-08-30T05:57:31.606177,73.52,42.5,39.43,1.479,18.71,18.17,0.54,36.4,0,NOMINAL
VEH_4801,9,2026-08-30T05:58:36.606177,75.57,,40.21,1.479,12.36,11.81,0.55,36.7,0,NOMINAL
VEH_4801,10,2026-08-30T05:59:41.606177,66.39,,39.39,1.792,12.71,12.3,0.41,37.0,0,NOMINAL
VEH_4801,11,2026-08-30T06:00:46.606177,68.0,,39.72,1.695,14.04,12.78,1.26,48.0,0,NOMINAL
VEH_4801,12,2026-08-30T06:01:51.606177,68.93,,40.16,1.689,11.3,10.16,1.14,48.0,0,NOMINAL
VEH_4801,13,2026-08-30T06:02:56.606177,72.91,,42.21,1.816,11.78,11.14,0.64,38.0,0,NOMINAL
VEH_4801,14,2026-08-30T06:04:01.606177,74.68,39.61,43.81,1.855,18.8,18.24,0.56,38.2,0,NOMINAL
VEH_4801,15,2026-08-30T06:05:06.606177,65.05,,41.9,1.769,13.29,12.7,0.59,38.0,0,NOMINAL
VEH_4801,16,2026-08-30T06:06:11.606177,68.39,,41.76,1.606,10.67,10.08,0.59,38.0,0,NOMINAL
VEH_4801,17,2026-08-30T06:07:16.606177,68.89,,42.42,1.954,13.66,11.06,2.6,60.0,0,NOMINAL
VEH_4801,18,2026-08-30T06:08:21.606177,72.61,,42.51,1.898,12.71,12.04,0.67,38.0,0,NOMINAL
VEH_4801,19,2026-08-30T06:09:26.606177,76.27,,43.66,2.032,11.38,9.21,2.17,29.5,0,NOMINAL
VEH_4801,20,2026-08-30T06:10:31.606177,66.28,,42.92,1.799,8.63,6.8,1.83,31.0,0,NOMINAL
VEH_4801,21,2026-08-30T06:11:36.606177,67.87,,44.63,1.968,10.09,7.58,2.51,28.0,0,NOMINAL
VEH_4801,22,2026-08-30T06:12:41.606177,71.05,,45.29,2.161,10.76,8.36,2.4,29.5,0,NOMINAL
VEH_4801,23,2026-08-30T06:13:46.606177,72.78,,45.38,1.861,11.3,9.14,2.16,31.0,0,NOMINAL
VEH_4801,24,2026-08-30T06:14:51.606177,73.2,,45.23,2.063,9.64,7.11,2.53,28.0,0,NOMINAL
VEH_4801,25,2026-08-30T06:15:56.606177,62.85,,46.3,2.017,9.96,7.5,2.46,29.5,0,NOMINAL
VEH_4801,26,2026-08-30T06:17:01.606177,67.6,40.59,46.03,2.263,15.21,13.11,2.1,31.0,0,NOMINAL
VEH_4801,27,2026-08-30T06:18:06.606177,68.71,43.06,47.26,1.954,16.86,13.89,2.97,28.0,0,NOMINAL
VEH_4801,28,2026-08-30T06:19:11.606177,74.71,,45.59,2.192,9.52,7.04,2.48,29.5,0,NOMINAL
VEH_4801,29,2026-08-30T06:20:16.606177,74.47,,46.29,2.084,10.09,7.81,2.28,31.0,0,NOMINAL
VEH_4801,30,2026-08-30T06:21:21.606177,66.99,,47.63,2.127,11.21,8.2,3.01,28.0,0,NOMINAL
VEH_4802,1,2026-08-30T05:51:11.606177,67.99,43.18,38.12,1.702,17.93,17.21,0.72,34.3,0,NOMINAL
VEH_4802,2,2026-08-30T05:52:16.606177,69.42,44.94,36.62,1.866,18.71,18.09,0.62,34.6,0,NOMINAL
VEH_4802,3,2026-08-30T05:53:21.606177,71.38,,37.05,1.408,12.02,11.74,0.28,34.9,0,NOMINAL
VEH_4802,4,2026-08-30T05:54:26.606177,76.85,,38.68,1.612,13.19,12.61,0.58,35.2,0,NOMINAL
VEH_4802,5,2026-08-30T05:55:31.606177,64.44,,38.97,1.672,13.61,13.1,0.51,35.5,0,NOMINAL
VEH_4802,6,2026-08-30T05:56:36.606177,67.26,,38.5,1.809,11.98,11.58,0.4,35.8,0,NOMINAL
VEH_4802,7,2026-08-30T05:57:41.606177,70.15,47.48,40.1,1.532,18.52,17.29,1.23,36.1,0,NOMINAL
VEH_4802,8,2026-08-30T05:58:46.606177,70.16,44.39,39.59,1.748,18.85,18.17,0.68,36.4,0,NOMINAL
VEH_4802,9,2026-08-30T05:59:51.606177,75.25,,39.15,1.931,12.19,11.81,0.38,36.7,0,NOMINAL
VEH_4802,10,2026-08-30T06:00:56.606177,66.14,,41.21,1.891,12.97,12.3,0.67,37.0,0,NOMINAL
VEH_4802,11,2026-08-30T06:02:01.606177,68.2,,39.77,1.772,14.04,12.78,1.26,48.0,0,NOMINAL
VEH_4802,12,2026-08-30T06:03:06.606177,67.85,,39.85,1.784,11.31,10.16,1.15,48.0,0,NOMINAL
VEH_4802,13,2026-08-30T06:04:11.606177,73.89,,41.1,2.113,11.64,11.14,0.5,38.0,0,NOMINAL
VEH_4802,14,2026-08-30T06:05:16.606177,74.51,46.06,41.86,1.964,19.24,18.24,1.0,38.2,0,NOMINAL
VEH_4802,15,2026-08-30T06:06:21.606177,65.82,,41.78,2.041,13.3,12.7,0.6,38.0,0,NOMINAL
VEH_4802,16,2026-08-30T06:07:26.606177,67.34,,44.01,2.205,10.98,10.08,0.9,38.0,0,NOMINAL
VEH_4802,17,2026-08-30T06:08:31.606177,68.79,,41.87,2.242,13.74,11.06,2.68,60.0,0,NOMINAL
VEH_4802,18,2026-08-30T06:09:36.606177,73.45,,42.67,2.084,12.77,12.04,0.73,38.0,0,NOMINAL
VEH_4802,19,2026-08-30T06:10:41.606177,76.17,,43.51,1.984,11.35,9.21,2.14,29.5,0,NOMINAL
VEH_4802,20,2026-08-30T06:11:46.606177,64.61,,44.51,2.365,8.82,6.8,2.02,31.0,0,NOMINAL
VEH_4802,21,2026-08-30T06:12:51.606177,67.79,,44.02,2.104,9.99,7.58,2.41,28.0,0,NOMINAL
VEH_4802,22,2026-08-30T06:13:56.606177,70.28,,45.76,2.138,10.81,8.36,2.45,29.5,0,NOMINAL
VEH_4802,23,2026-08-30T06:15:01.606177,71.64,,45.11,2.308,11.22,9.14,2.08,31.0,0,NOMINAL
VEH_4802,24,2026-08-30T06:16:06.606177,76.77,,45.39,2.277,9.78,7.11,2.67,28.0,0,NOMINAL
VEH_4802,25,2026-08-30T06:17:11.606177,65.39,,45.36,2.39,9.89,7.5,2.39,29.5,0,NOMINAL
VEH_4802,26,2026-08-30T06:18:16.606177,69.34,44.56,45.29,2.211,15.61,13.11,2.5,31.0,0,NOMINAL
VEH_4802,27,2026-08-30T06:19:21.606177,70.55,45.08,47.04,2.385,17.12,13.89,3.23,28.0,0,NOMINAL
VEH_4802,28,2026-08-30T06:20:26.606177,71.57,,49.08,2.478,9.94,7.04,2.9,29.5,0,NOMINAL
VEH_4802,29,2026-08-30T06:21:31.606177,77.58,,47.02,2.58,10.3,7.81,2.49,31.0,0,NOMINAL
VEH_4802,30,2026-08-30T06:22:36.606177,65.22,,47.92,2.621,11.2,8.2,3.0,28.0,0,NOMINAL
VEH_4803,1,2026-08-30T05:52:26.606177,68.44,37.58,37.25,1.098,17.21,17.21,0.0,34.3,0,NOMINAL
VEH_4803,2,2026-08-30T05:53:31.606177,70.43,38.19,36.11,1.452,18.09,18.09,0.0,34.6,0,NOMINAL
VEH_4803,3,2026-08-30T05:54:36.606177,74.7,,37.22,1.385,12.15,11.74,0.41,34.9,0,NOMINAL
VEH_4803,4,2026-08-30T05:55:41.606177,72.94,,38.72,1.426,13.08,12.61,0.47,35.2,0,NOMINAL
VEH_4803,5,2026-08-30T05:56:46.606177,66.49,,37.96,1.464,13.52,13.1,0.42,35.5,0,NOMINAL
VEH_4803,6,2026-08-30T05:57:51.606177,67.51,,38.51,1.445,11.99,11.58,0.41,35.8,0,NOMINAL
VEH_4803,7,2026-08-30T05:58:56.606177,70.75,40.66,37.74,1.601,17.4,17.29,0.11,36.1,0,NOMINAL
VEH_4803,8,2026-08-30T06:00:01.606177,74.35,41.17,39.51,1.45,18.59,18.17,0.42,36.4,0,NOMINAL
VEH_4803,9,2026-08-30T06:01:06.606177,75.14,,39.77,1.745,12.28,11.81,0.47,36.7,0,NOMINAL
VEH_4803,10,2026-08-30T06:02:11.606177,64.7,,40.83,1.707,12.87,12.3,0.57,37.0,0,NOMINAL
VEH_4803,11,2026-08-30T06:03:16.606177,69.14,,40.1,1.595,14.02,12.78,1.24,48.0,0,NOMINAL
VEH_4803,12,2026-08-30T06:04:21.606177,71.27,,39.42,1.498,11.48,10.16,1.32,48.0,0,NOMINAL
VEH_4803,13,2026-08-30T06:05:26.606177,70.05,,41.46,1.407,11.58,11.14,0.44,38.0,0,NOMINAL
VEH_4803,14,2026-08-30T06:06:31.606177,76.95,39.5,40.56,1.492,18.37,18.24,0.13,38.2,0,NOMINAL
VEH_4803,15,2026-08-30T06:07:36.606177,64.99,,42.36,1.911,13.36,12.7,0.66,38.0,0,NOMINAL
VEH_4803,16,2026-08-30T06:08:41.606177,65.77,,42.78,1.66,10.74,10.08,0.66,38.0,0,NOMINAL
VEH_4803,17,2026-08-30T06:09:46.606177,70.9,,42.61,2.101,13.69,11.06,2.63,60.0,0,NOMINAL
VEH_4803,18,2026-08-30T06:10:51.606177,72.12,,42.81,1.725,12.75,12.04,0.71,38.0,0,NOMINAL
VEH_4803,19,2026-08-30T06:11:56.606177,73.28,,43.48,1.872,11.26,9.21,2.05,29.5,0,NOMINAL
VEH_4803,20,2026-08-30T06:13:01.606177,62.26,,43.47,1.923,8.59,6.8,1.79,31.0,0,NOMINAL
VEH_4803,21,2026-08-30T06:14:06.606177,68.52,,43.95,1.821,10.01,7.58,2.43,28.0,0,NOMINAL
VEH_4803,22,2026-08-30T06:15:11.606177,70.7,,44.62,1.625,10.65,8.36,2.29,29.5,0,NOMINAL
VEH_4803,23,2026-08-30T06:16:16.606177,71.75,,43.53,2.112,10.99,9.14,1.85,31.0,0,NOMINAL
VEH_4803,24,2026-08-30T06:17:21.606177,73.81,,48.12,2.17,10.09,7.11,2.98,28.0,0,NOMINAL
VEH_4803,25,2026-08-30T06:18:26.606177,66.83,,44.05,1.916,9.74,7.5,2.24,29.5,0,NOMINAL
VEH_4803,26,2026-08-30T06:19:31.606177,66.41,41.31,45.94,1.915,15.24,13.11,2.13,31.0,0,NOMINAL
VEH_4803,27,2026-08-30T06:20:36.606177,71.06,42.02,46.18,2.103,16.65,13.89,2.76,28.0,0,NOMINAL
VEH_4803,28,2026-08-30T06:21:41.606177,73.72,,46.44,2.102,9.61,7.04,2.57,29.5,0,NOMINAL
VEH_4803,29,2026-08-30T06:22:46.606177,76.67,,46.59,1.879,10.2,7.81,2.39,31.0,0,NOMINAL
VEH_4803,30,2026-08-30T06:23:51.606177,66.13,,46.94,2.262,11.08,8.2,2.88,28.0,0,NOMINAL
VEH_4804,1,2026-08-30T05:53:41.606177,66.92,41.2,36.47,1.28,17.43,17.21,0.22,34.3,0,NOMINAL
VEH_4804,2,2026-08-30T05:54:46.606177,69.94,41.16,37.14,1.418,18.37,18.09,0.28,34.6,0,NOMINAL
VEH_4804,3,2026-08-30T05:55:51.606177,72.83,,37.69,1.331,12.16,11.74,0.42,34.9,0,NOMINAL
VEH_4804,4,2026-08-30T05:56:56.606177,77.45,,38.97,1.636,13.25,12.61,0.64,35.2,0,NOMINAL
VEH_4804,5,2026-08-30T05:58:01.606177,64.09,,37.44,1.259,13.37,13.1,0.27,35.5,0,NOMINAL
VEH_4804,6,2026-08-30T05:59:06.606177,66.95,,38.24,1.338,11.93,11.58,0.35,35.8,0,NOMINAL
VEH_4804,7,2026-08-30T06:00:11.606177,70.96,40.21,38.79,1.403,17.52,17.29,0.23,36.1,0,NOMINAL
VEH_4804,8,2026-08-30T06:01:16.606177,72.56,42.09,38.76,1.72,18.53,18.17,0.36,36.4,0,NOMINAL
VEH_4804,9,2026-08-30T06:02:21.606177,75.93,,37.67,1.522,11.99,11.81,0.18,36.7,0,NOMINAL
VEH_4804,10,2026-08-30T06:03:26.606177,65.2,,40.13,1.744,12.78,12.3,0.48,37.0,0,NOMINAL
VEH_4804,11,2026-08-30T06:04:31.606177,69.4,,40.74,1.644,13.93,12.78,1.15,48.0,0,NOMINAL
VEH_4804,12,2026-08-30T06:05:36.606177,69.62,,40.57,1.801,11.26,10.16,1.1,48.0,0,NOMINAL
VEH_4804,13,2026-08-30T06:06:41.606177,73.74,,42.01,1.726,11.77,11.14,0.63,38.0,0,NOMINAL
VEH_4804,14,2026-08-30T06:07:46.606177,74.7,38.52,42.71,1.693,18.51,18.24,0.27,38.2,0,NOMINAL
VEH_4804,15,2026-08-30T06:08:51.606177,65.02,,43.38,1.861,13.51,12.7,0.81,38.0,0,NOMINAL
VEH_4804,16,2026-08-30T06:09:56.606177,67.24,,43.2,1.868,10.85,10.08,0.77,38.0,0,NOMINAL
VEH_4804,17,2026-08-30T06:11:01.606177,68.23,,43.77,1.924,13.44,11.06,2.38,60.0,0,NOMINAL
VEH_4804,18,2026-08-30T06:12:06.606177,72.0,,44.02,1.914,12.92,12.04,0.88,38.0,0,NOMINAL
VEH_4804,19,2026-08-30T06:13:11.606177,74.45,,42.97,2.054,11.22,9.21,2.01,29.5,0,NOMINAL
VEH_4804,20,2026-08-30T06:14:16.606177,63.97,,45.24,2.016,8.91,6.8,2.11,31.0,0,NOMINAL
VEH_4804,21,2026-08-30T06:15:21.606177,68.75,,44.07,1.957,10.03,7.58,2.45,28.0,0,NOMINAL
VEH_4804,22,2026-08-30T06:16:26.606177,68.83,,44.52,1.941,10.57,8.36,2.21,29.5,0,NOMINAL
VEH_4804,23,2026-08-30T06:17:31.606177,73.54,,46.39,2.124,11.48,9.14,2.34,31.0,0,NOMINAL
VEH_4804,24,2026-08-30T06:18:36.606177,77.25,,44.81,2.006,9.7,7.11,2.59,28.0,0,NOMINAL
VEH_4804,25,2026-08-30T06:19:41.606177,62.87,,47.25,2.202,10.1,7.5,2.6,29.5,0,NOMINAL
VEH_4804,26,2026-08-30T06:20:46.606177,67.43,40.69,46.6,2.524,15.3,13.11,2.19,31.0,0,NOMINAL
VEH_4804,27,2026-08-30T06:21:51.606177,70.06,41.42,46.99,2.286,16.67,13.89,2.78,28.0,0,NOMINAL
VEH_4804,28,2026-08-30T06:22:56.606177,72.77,,47.49,2.038,9.74,7.04,2.7,29.5,0,NOMINAL
VEH_4804,29,2026-08-30T06:24:01.606177,76.91,,47.24,2.08,10.31,7.81,2.5,31.0,0,NOMINAL
VEH_4804,30,2026-08-30T06:25:06.606177,64.85,,50.14,2.346,11.52,8.2,3.32,28.0,0,NOMINAL
VEH_4805,1,2026-08-30T05:54:56.606177,67.34,40.77,37.13,1.07,17.49,17.21,0.28,34.3,0,NOMINAL
VEH_4805,2,2026-08-30T05:56:01.606177,70.75,40.73,36.57,1.68,18.26,18.09,0.17,34.6,0,NOMINAL
VEH_4805,3,2026-08-30T05:57:06.606177,70.7,,37.28,1.285,12.04,11.74,0.3,34.9,0,NOMINAL
VEH_4805,4,2026-08-30T05:58:11.606177,74.72,,38.23,1.776,13.06,12.61,0.45,35.2,0,NOMINAL
VEH_4805,5,2026-08-30T05:59:16.606177,66.35,,37.23,1.602,13.41,13.1,0.31,35.5,0,NOMINAL
VEH_4805,6,2026-08-30T06:00:21.606177,67.18,,37.64,1.952,11.85,11.58,0.27,35.8,0,NOMINAL
VEH_4805,7,2026-08-30T06:01:26.606177,70.07,40.89,38.22,1.683,17.48,17.29,0.19,36.1,0,NOMINAL
VEH_4805,8,2026-08-30T06:02:31.606177,72.69,40.25,39.22,1.534,18.39,18.17,0.22,36.4,0,NOMINAL
VEH_4805,9,2026-08-30T06:03:36.606177,75.13,,40.77,1.258,12.43,11.81,0.62,36.7,0,NOMINAL
VEH_4805,10,2026-08-30T06:04:41.606177,66.5,,38.41,1.628,12.56,12.3,0.26,37.0,0,NOMINAL
VEH_4805,11,2026-08-30T06:05:46.606177,67.05,,40.38,1.792,13.91,12.78,1.13,48.0,0,NOMINAL
VEH_4805,12,2026-08-30T06:06:51.606177,68.67,,42.23,1.864,10.98,10.16,0.82,48.0,0,NOMINAL
VEH_4805,13,2026-08-30T06:07:56.606177,74.03,,40.75,1.671,11.59,11.14,0.45,38.0,0,NOMINAL
VEH_4805,14,2026-08-30T06:09:01.606177,74.37,41.78,42.08,1.621,18.78,18.24,0.54,38.2,0,NOMINAL
VEH_4805,15,2026-08-30T06:10:06.606177,65.98,,41.29,1.852,13.23,12.7,0.53,38.0,0,NOMINAL
VEH_4805,16,2026-08-30T06:11:11.606177,67.8,,41.63,1.951,10.63,10.08,0.55,38.0,0,NOMINAL
VEH_4805,17,2026-08-30T06:12:16.606177,68.0,,44.27,1.699,13.36,11.06,2.3,60.0,0,NOMINAL
VEH_4805,18,2026-08-30T06:13:21.606177,71.52,,42.01,1.997,12.61,12.04,0.57,38.0,0,NOMINAL
VEH_4805,19,2026-08-30T06:14:26.606177,76.5,,41.93,1.683,11.12,9.21,1.91,29.5,0,NOMINAL
VEH_4805,20,2026-08-30T06:15:31.606177,64.35,,43.63,2.03,8.68,6.8,1.88,31.0,0,NOMINAL
VEH_4805,21,2026-08-30T06:16:36.606177,68.67,,44.47,1.959,10.09,7.58,2.51,28.0,0,NOMINAL
VEH_4805,22,2026-08-30T06:17:41.606177,71.62,,45.1,1.777,10.75,8.36,2.39,29.5,0,NOMINAL
VEH_4805,23,2026-08-30T06:18:46.606177,71.75,,44.98,1.883,11.21,9.14,2.07,31.0,0,NOMINAL
VEH_4805,24,2026-08-30T06:19:51.606177,75.12,,45.82,1.944,9.79,7.11,2.68,28.0,0,NOMINAL
VEH_4805,25,2026-08-30T06:20:56.606177,67.41,,46.63,2.045,10.15,7.5,2.65,29.5,0,NOMINAL
VEH_4805,26,2026-08-30T06:22:01.606177,68.13,42.8,46.66,2.288,15.57,13.11,2.46,31.0,0,NOMINAL
VEH_4805,27,2026-08-30T06:23:06.606177,71.22,41.42,46.78,2.305,16.68,13.89,2.79,28.0,0,NOMINAL
VEH_4805,28,2026-08-30T06:24:11.606177,69.66,,47.7,2.104,9.68,7.04,2.64,29.5,0,NOMINAL
VEH_4805,29,2026-08-30T06:25:16.606177,73.28,,48.12,2.007,10.33,7.81,2.52,31.0,0,NOMINAL
VEH_4805,30,2026-08-30T06:26:21.606177,64.04,,47.33,2.431,11.07,8.2,2.87,28.0,0,NOMINAL
VEH_4806,1,2026-08-30T05:56:11.606177,70.66,39.8,35.8,1.499,17.28,17.21,0.07,34.3,0,NOMINAL
VEH_4806,2,2026-08-30T05:57:16.606177,70.15,40.03,35.49,1.559,18.09,18.09,0.0,34.6,0,NOMINAL
VEH_4806,3,2026-08-30T05:58:21.606177,72.79,,37.26,1.713,12.1,11.74,0.36,34.9,0,NOMINAL
VEH_4806,4,2026-08-30T05:59:26.606177,73.13,,37.37,1.559,12.88,12.61,0.27,35.2,0,NOMINAL
VEH_4806,5,2026-08-30T06:00:31.606177,65.64,,38.56,1.281,13.58,13.1,0.48,35.5,0,NOMINAL
VEH_4806,6,2026-08-30T06:01:36.606177,65.92,,38.35,1.708,11.91,11.58,0.33,35.8,0,NOMINAL
VEH_4806,7,2026-08-30T06:02:41.606177,70.14,41.29,39.31,1.721,17.69,17.29,0.4,36.1,0,NOMINAL
VEH_4806,8,2026-08-30T06:03:46.606177,73.05,41.27,38.03,1.583,18.34,18.17,0.17,36.4,0,NOMINAL
VEH_4806,9,2026-08-30T06:04:51.606177,75.16,,38.8,1.776,12.13,11.81,0.32,36.7,0,NOMINAL
VEH_4806,10,2026-08-30T06:05:56.606177,66.35,,40.04,1.595,12.8,12.3,0.5,37.0,0,NOMINAL
VEH_4806,11,2026-08-30T06:07:01.606177,68.56,,40.59,1.629,13.92,12.78,1.14,48.0,0,NOMINAL
VEH_4806,12,2026-08-30T06:08:06.606177,68.75,,41.86,1.665,11.04,10.16,0.88,48.0,0,NOMINAL
VEH_4806,13,2026-08-30T06:09:11.606177,72.66,,42.47,1.781,11.81,11.14,0.67,38.0,0,NOMINAL
VEH_4806,14,2026-08-30T06:10:16.606177,76.04,41.02,41.92,1.58,18.72,18.24,0.48,38.2,0,NOMINAL
VEH_4806,15,2026-08-30T06:11:21.606177,65.1,,42.9,1.717,13.44,12.7,0.74,38.0,0,NOMINAL
VEH_4806,16,2026-08-30T06:12:26.606177,69.19,,43.24,1.881,10.92,10.08,0.84,38.0,0,NOMINAL
VEH_4806,17,2026-08-30T06:13:31.606177,69.47,,44.07,2.094,13.43,11.06,2.37,60.0,0,NOMINAL
VEH_4806,18,2026-08-30T06:14:36.606177,71.87,,43.02,1.765,12.77,12.04,0.73,38.0,0,NOMINAL
VEH_4806,19,2026-08-30T06:15:41.606177,73.8,,43.05,1.908,11.21,9.21,2.0,29.5,0,NOMINAL
VEH_4806,20,2026-08-30T06:16:46.606177,65.28,,43.22,2.043,8.65,6.8,1.85,31.0,0,NOMINAL
VEH_4806,21,2026-08-30T06:17:51.606177,68.68,,44.36,1.981,10.07,7.58,2.49,28.0,0,NOMINAL
VEH_4806,22,2026-08-30T06:18:56.606177,70.81,,45.8,2.234,10.83,8.36,2.47,29.5,0,NOMINAL
VEH_4806,23,2026-08-30T06:20:01.606177,71.73,,44.9,1.954,11.2,9.14,2.06,31.0,0,NOMINAL
VEH_4806,24,2026-08-30T06:21:06.606177,74.33,,45.28,2.037,9.68,7.11,2.57,28.0,0,NOMINAL
VEH_4806,25,2026-08-30T06:22:11.606177,66.7,,45.64,1.973,9.98,7.5,2.48,29.5,0,NOMINAL
VEH_4806,26,2026-08-30T06:23:16.606177,68.07,42.9,45.91,2.016,15.47,13.11,2.36,31.0,0,NOMINAL
VEH_4806,27,2026-08-30T06:24:21.606177,71.13,40.71,46.43,2.102,16.54,13.89,2.65,28.0,0,NOMINAL
VEH_4806,28,2026-08-30T06:25:26.606177,72.9,,46.62,2.197,9.62,7.04,2.58,29.5,0,NOMINAL
VEH_4806,29,2026-08-30T06:26:31.606177,73.34,,47.07,2.195,10.17,7.81,2.36,31.0,0,NOMINAL
VEH_4806,30,2026-08-30T06:27:36.606177,67.15,,48.67,2.091,11.37,8.2,3.17,28.0,0,NOMINAL
VEH_4807,1,2026-08-30T05:57:26.606177,66.46,34.6,37.56,1.113,17.21,17.21,0.0,34.3,0,NOMINAL
VEH_4807,2,2026-08-30T05:58:31.606177,70.56,36.93,37.34,1.418,18.09,18.09,0.0,34.6,0,NOMINAL
VEH_4807,3,2026-08-30T05:59:36.606177,73.11,,38.11,1.508,12.24,11.74,0.5,34.9,0,NOMINAL
VEH_4807,4,2026-08-30T06:00:41.606177,74.8,,37.83,1.493,13.0,12.61,0.39,35.2,0,NOMINAL
VEH_4807,5,2026-08-30T06:01:46.606177,64.02,,38.4,1.403,13.51,13.1,0.41,35.5,0,NOMINAL
VEH_4807,6,2026-08-30T06:02:51.606177,67.73,,38.57,1.221,12.0,11.58,0.42,35.8,0,NOMINAL
VEH_4807,7,2026-08-30T06:03:56.606177,70.9,36.4,40.07,1.433,17.29,17.29,0.0,36.1,0,NOMINAL
VEH_4807,8,2026-08-30T06:05:01.606177,72.02,36.73,39.18,1.464,18.17,18.17,0.0,36.4,0,NOMINAL
VEH_4807,9,2026-08-30T06:06:06.606177,75.22,,39.81,1.508,12.29,11.81,0.48,36.7,0,NOMINAL
VEH_4807,10,2026-08-30T06:07:11.606177,66.29,,39.28,1.507,12.69,12.3,0.39,37.0,0,NOMINAL
VEH_4807,11,2026-08-30T06:08:16.606177,66.66,,40.14,1.538,13.93,12.78,1.15,48.0,0,NOMINAL
VEH_4807,12,2026-08-30T06:09:21.606177,69.33,,41.16,1.733,11.16,10.16,1.0,48.0,0,NOMINAL
VEH_4807,13,2026-08-30T06:10:26.606177,72.42,,39.97,1.523,11.43,11.14,0.29,38.0,0,NOMINAL
VEH_4807,14,2026-08-30T06:11:31.606177,73.26,35.68,40.0,1.666,18.24,18.24,0.0,38.2,0,NOMINAL
VEH_4807,15,2026-08-30T06:12:36.606177,66.35,,43.11,1.579,13.51,12.7,0.81,38.0,0,NOMINAL
VEH_4807,16,2026-08-30T06:13:41.606177,66.12,,44.01,1.516,10.94,10.08,0.86,38.0,0,NOMINAL
VEH_4807,17,2026-08-30T06:14:46.606177,71.08,,42.75,1.583,13.68,11.06,2.62,60.0,0,NOMINAL
VEH_4807,18,2026-08-30T06:15:51.606177,71.7,,42.26,1.871,12.65,12.04,0.61,38.0,0,NOMINAL
VEH_4807,19,2026-08-30T06:16:56.606177,75.61,,43.67,1.755,11.36,9.21,2.15,29.5,0,NOMINAL
VEH_4807,20,2026-08-30T06:18:01.606177,64.72,,44.55,1.804,8.83,6.8,2.03,31.0,0,NOMINAL
VEH_4807,21,2026-08-30T06:19:06.606177,66.37,,44.81,1.949,10.07,7.58,2.49,28.0,0,NOMINAL
VEH_4807,22,2026-08-30T06:20:11.606177,70.59,,44.34,2.026,10.6,8.36,2.24,29.5,0,NOMINAL
VEH_4807,23,2026-08-30T06:21:16.606177,71.61,,45.32,1.627,11.26,9.14,2.12,31.0,0,NOMINAL
VEH_4807,24,2026-08-30T06:22:21.606177,75.68,,45.34,1.608,9.73,7.11,2.62,28.0,0,NOMINAL
VEH_4807,25,2026-08-30T06:23:26.606177,64.79,,45.54,2.195,9.9,7.5,2.4,29.5,0,NOMINAL
VEH_4807,26,2026-08-30T06:24:31.606177,66.9,35.24,47.11,1.953,14.73,13.11,1.62,31.0,0,NOMINAL
VEH_4807,27,2026-08-30T06:25:36.606177,69.94,36.65,48.84,1.932,16.4,13.89,2.51,28.0,0,NOMINAL
VEH_4807,28,2026-08-30T06:26:41.606177,74.64,,47.47,1.691,9.8,7.04,2.76,29.5,0,NOMINAL
VEH_4807,29,2026-08-30T06:27:46.606177,74.68,,47.59,1.947,10.29,7.81,2.48,31.0,0,NOMINAL
VEH_4807,30,2026-08-30T06:28:51.606177,64.12,,49.56,2.094,11.41,8.2,3.21,28.0,0,NOMINAL
VEH_4808,1,2026-08-30T05:58:41.606177,68.19,41.1,37.63,1.561,17.63,17.21,0.42,34.3,0,NOMINAL
VEH_4808,2,2026-08-30T05:59:46.606177,69.22,40.42,37.2,1.549,18.27,18.09,0.18,34.6,0,NOMINAL
VEH_4808,3,2026-08-30T06:00:51.606177,73.81,,38.38,1.518,12.3,11.74,0.56,34.9,0,NOMINAL
VEH_4808,4,2026-08-30T06:01:56.606177,75.48,,39.46,1.462,13.27,12.61,0.66,35.2,0,NOMINAL
VEH_4808,5,2026-08-30T06:03:01.606177,65.25,,37.54,1.461,13.42,13.1,0.32,35.5,0,NOMINAL
VEH_4808,6,2026-08-30T06:04:06.606177,66.26,,38.14,1.678,11.89,11.58,0.31,35.8,0,NOMINAL
VEH_4808,7,2026-08-30T06:05:11.606177,71.36,41.08,40.26,1.659,17.85,17.29,0.56,36.1,0,NOMINAL
VEH_4808,8,2026-08-30T06:06:16.606177,72.64,42.21,38.86,1.65,18.56,18.17,0.39,36.4,0,NOMINAL
VEH_4808,9,2026-08-30T06:07:21.606177,74.87,,39.29,1.884,12.2,11.81,0.39,36.7,0,NOMINAL
VEH_4808,10,2026-08-30T06:08:26.606177,63.13,,41.71,1.674,12.95,12.3,0.65,37.0,0,NOMINAL
VEH_4808,11,2026-08-30T06:09:31.606177,69.64,,40.41,1.859,13.99,12.78,1.21,48.0,0,NOMINAL
VEH_4808,12,2026-08-30T06:10:36.606177,70.96,,41.01,1.815,11.24,10.16,1.08,48.0,0,NOMINAL
VEH_4808,13,2026-08-30T06:11:41.606177,71.0,,40.84,1.845,11.52,11.14,0.38,38.0,0,NOMINAL
VEH_4808,14,2026-08-30T06:12:46.606177,75.39,40.99,41.54,1.584,18.64,18.24,0.4,38.2,0,NOMINAL
VEH_4808,15,2026-08-30T06:13:51.606177,65.93,,39.8,1.998,13.0,12.7,0.3,38.0,0,NOMINAL
VEH_4808,16,2026-08-30T06:14:56.606177,65.41,,42.84,1.861,10.74,10.08,0.66,38.0,0,NOMINAL
VEH_4808,17,2026-08-30T06:16:01.606177,68.45,,43.85,1.829,13.43,11.06,2.37,60.0,0,NOMINAL
VEH_4808,18,2026-08-30T06:17:06.606177,72.92,,42.05,1.882,12.66,12.04,0.62,38.0,0,NOMINAL
VEH_4808,19,2026-08-30T06:18:11.606177,75.09,,42.66,2.095,11.19,9.21,1.98,29.5,0,NOMINAL
VEH_4808,20,2026-08-30T06:19:16.606177,64.41,,44.62,1.777,8.83,6.8,2.03,31.0,0,NOMINAL
VEH_4808,21,2026-08-30T06:20:21.606177,67.08,,44.29,1.981,10.01,7.58,2.43,28.0,0,NOMINAL
VEH_4808,22,2026-08-30T06:21:26.606177,72.49,,45.19,2.23,10.79,8.36,2.43,29.5,0,NOMINAL
VEH_4808,23,2026-08-30T06:22:31.606177,72.19,,45.19,2.072,11.26,9.14,2.12,31.0,0,NOMINAL
VEH_4808,24,2026-08-30T06:23:36.606177,74.96,,45.6,1.949,9.75,7.11,2.64,28.0,0,NOMINAL
VEH_4808,25,2026-08-30T06:24:41.606177,65.09,,44.53,2.269,9.76,7.5,2.26,29.5,0,NOMINAL
VEH_4808,26,2026-08-30T06:25:46.606177,67.92,40.1,44.81,2.584,14.98,13.11,1.87,31.0,0,NOMINAL
VEH_4808,27,2026-08-30T06:26:51.606177,70.48,41.7,47.81,2.039,16.84,13.89,2.95,28.0,0,NOMINAL
VEH_4808,28,2026-08-30T06:27:56.606177,71.24,,47.56,2.131,9.71,7.04,2.67,29.5,0,NOMINAL
VEH_4808,29,2026-08-30T06:29:01.606177,74.77,,47.84,2.364,10.33,7.81,2.52,31.0,0,NOMINAL
VEH_4808,30,2026-08-30T06:30:06.606177,65.59,,48.13,2.582,11.24,8.2,3.04,28.0,0,NOMINAL
VEH_4809,1,2026-08-30T05:59:56.606177,67.87,42.39,36.66,1.583,17.62,17.21,0.41,34.3,0,NOMINAL
VEH_4809,2,2026-08-30T06:01:01.606177,70.8,43.96,38.2,1.363,18.88,18.09,0.79,34.6,0,NOMINAL
VEH_4809,3,2026-08-30T06:02:06.606177,71.59,,38.22,1.565,12.2,11.74,0.46,34.9,0,NOMINAL
VEH_4809,4,2026-08-30T06:03:11.606177,76.94,,38.1,1.576,13.11,12.61,0.5,35.2,0,NOMINAL
VEH_4809,5,2026-08-30T06:04:16.606177,66.16,,38.91,1.717,13.65,13.1,0.55,35.5,0,NOMINAL
VEH_4809,6,2026-08-30T06:05:21.606177,67.14,,39.68,1.665,12.15,11.58,0.57,35.8,0,NOMINAL
VEH_4809,7,2026-08-30T06:06:26.606177,70.15,42.61,37.87,1.44,17.63,17.29,0.34,36.1,0,NOMINAL
VEH_4809,8,2026-08-30T06:07:31.606177,74.36,45.49,38.76,1.516,18.98,18.17,0.81,36.4,0,NOMINAL
VEH_4809,9,2026-08-30T06:08:36.606177,76.21,,37.89,1.653,12.03,11.81,0.22,36.7,0,NOMINAL
VEH_4809,10,2026-08-30T06:09:41.606177,62.0,,41.96,1.584,12.96,12.3,0.66,37.0,0,NOMINAL
VEH_4809,11,2026-08-30T06:10:46.606177,65.53,,42.42,1.952,13.56,12.78,0.78,48.0,0,NOMINAL
VEH_4809,12,2026-08-30T06:11:51.606177,70.71,,41.56,1.968,11.15,10.16,0.99,48.0,0,NOMINAL
VEH_4809,13,2026-08-30T06:12:56.606177,72.84,,41.19,1.984,11.62,11.14,0.48,38.0,0,NOMINAL
VEH_4809,14,2026-08-30T06:14:01.606177,72.97,42.36,41.7,1.784,18.75,18.24,0.51,38.2,0,NOMINAL
VEH_4809,15,2026-08-30T06:15:06.606177,62.71,,42.42,2.184,13.3,12.7,0.6,38.0,0,NOMINAL
VEH_4809,16,2026-08-30T06:16:11.606177,68.43,,41.76,1.955,10.67,10.08,0.59,38.0,0,NOMINAL
VEH_4809,17,2026-08-30T06:17:16.606177,68.84,,43.36,2.303,13.52,11.06,2.46,60.0,0,NOMINAL
VEH_4809,18,2026-08-30T06:18:21.606177,72.77,,42.03,2.11,12.65,12.04,0.61,38.0,0,NOMINAL
VEH_4809,19,2026-08-30T06:19:26.606177,76.68,,43.67,1.991,11.39,9.21,2.18,29.5,0,NOMINAL
VEH_4809,20,2026-08-30T06:20:31.606177,65.08,,44.21,2.192,8.79,6.8,1.99,31.0,0,NOMINAL
VEH_4809,21,2026-08-30T06:21:36.606177,67.16,,44.91,2.236,10.11,7.58,2.53,28.0,0,NOMINAL
VEH_4809,22,2026-08-30T06:22:41.606177,68.44,,43.91,2.06,10.47,8.36,2.11,29.5,0,NOMINAL
VEH_4809,23,2026-08-30T06:23:46.606177,73.46,,44.92,2.499,11.25,9.14,2.11,31.0,0,NOMINAL
VEH_4809,24,2026-08-30T06:24:51.606177,74.01,,45.04,2.565,9.64,7.11,2.53,28.0,0,NOMINAL
VEH_4809,25,2026-08-30T06:25:56.606177,65.63,,45.55,2.214,9.93,7.5,2.43,29.5,0,NOMINAL
VEH_4809,26,2026-08-30T06:27:01.606177,68.04,44.72,46.52,2.265,15.77,13.11,2.66,31.0,0,NOMINAL
VEH_4809,27,2026-08-30T06:28:06.606177,72.65,43.98,48.09,2.066,17.21,13.89,3.32,28.0,0,NOMINAL
VEH_4809,28,2026-08-30T06:29:11.606177,72.5,,46.7,2.62,9.62,7.04,2.58,29.5,0,NOMINAL
VEH_4809,29,2026-08-30T06:30:16.606177,76.17,,48.56,2.424,10.48,7.81,2.67,31.0,0,NOMINAL
VEH_4809,30,2026-08-30T06:31:21.606177,64.36,,47.86,2.4,11.16,8.2,2.96,28.0,0,NOMINAL
VEH_4810,1,2026-08-30T06:01:11.606177,66.28,41.27,36.54,1.314,17.43,17.21,0.22,34.3,0,NOMINAL
VEH_4810,2,2026-08-30T06:02:16.606177,68.13,39.76,37.29,1.769,18.18,18.09,0.09,34.6,0,NOMINAL
VEH_4810,3,2026-08-30T06:03:21.606177,71.02,,38.76,1.577,12.27,11.74,0.53,34.9,0,NOMINAL
VEH_4810,4,2026-08-30T06:04:26.606177,75.12,,37.2,1.377,12.92,12.61,0.31,35.2,0,NOMINAL
VEH_4810,5,2026-08-30T06:05:31.606177,65.76,,37.99,1.403,13.5,13.1,0.4,35.5,0,NOMINAL
VEH_4810,6,2026-08-30T06:06:36.606177,69.08,,37.62,1.517,11.9,11.58,0.32,35.8,0,NOMINAL
VEH_4810,7,2026-08-30T06:07:41.606177,68.31,43.51,39.86,1.618,17.97,17.29,0.68,36.1,0,NOMINAL
VEH_4810,8,2026-08-30T06:08:46.606177,72.97,41.56,38.85,1.674,18.5,18.17,0.33,36.4,0,NOMINAL
VEH_4810,9,2026-08-30T06:09:51.606177,75.7,,39.08,1.465,12.19,11.81,0.38,36.7,0,NOMINAL
VEH_4810,10,2026-08-30T06:10:56.606177,65.1,,40.7,1.571,12.86,12.3,0.56,37.0,0,NOMINAL
VEH_4810,11,2026-08-30T06:12:01.606177,65.58,,40.88,2.099,13.79,12.78,1.01,48.0,0,NOMINAL
VEH_4810,12,2026-08-30T06:13:06.606177,70.3,,40.91,1.693,11.23,10.16,1.07,48.0,0,NOMINAL
VEH_4810,13,2026-08-30T06:14:11.606177,73.06,,41.44,1.781,11.67,11.14,0.53,38.0,0,NOMINAL
VEH_4810,14,2026-08-30T06:15:16.606177,75.68,40.77,42.26,1.752,18.73,18.24,0.49,38.2,0,NOMINAL
VEH_4810,15,2026-08-30T06:16:21.606177,65.64,,41.39,1.84,13.23,12.7,0.53,38.0,0,NOMINAL
VEH_4810,16,2026-08-30T06:17:26.606177,67.49,,42.37,1.906,10.74,10.08,0.66,38.0,0,NOMINAL
VEH_4810,17,2026-08-30T06:18:31.606177,69.97,,43.6,2.108,13.52,11.06,2.46,60.0,0,NOMINAL
VEH_4810,18,2026-08-30T06:19:36.606177,73.17,,41.28,1.932,12.55,12.04,0.51,38.0,0,NOMINAL
VEH_4810,19,2026-08-30T06:20:41.606177,74.27,,43.58,1.968,11.3,9.21,2.09,29.5,0,NOMINAL
VEH_4810,20,2026-08-30T06:21:46.606177,65.64,,42.71,1.899,8.58,6.8,1.78,31.0,0,NOMINAL
VEH_4810,21,2026-08-30T06:22:51.606177,66.37,,44.48,1.857,10.02,7.58,2.44,28.0,0,NOMINAL
VEH_4810,22,2026-08-30T06:23:56.606177,70.72,,44.14,2.105,10.58,8.36,2.22,29.5,0,NOMINAL
VEH_4810,23,2026-08-30T06:25:01.606177,72.24,,46.56,2.109,11.46,9.14,2.32,31.0,0,NOMINAL
VEH_4810,24,2026-08-30T06:26:06.606177,74.6,,45.31,2.053,9.7,7.11,2.59,28.0,0,NOMINAL
VEH_4810,25,2026-08-30T06:27:11.606177,64.26,,45.9,2.08,9.94,7.5,2.44,29.5,0,NOMINAL
VEH_4810,26,2026-08-30T06:28:16.606177,67.7,41.56,45.27,2.289,15.21,13.11,2.1,31.0,0,NOMINAL
VEH_4810,27,2026-08-30T06:29:21.606177,72.75,39.77,45.84,2.161,16.39,13.89,2.5,28.0,0,NOMINAL
VEH_4810,28,2026-08-30T06:30:26.606177,70.34,,48.07,2.344,9.75,7.04,2.71,29.5,0,NOMINAL
VEH_4810,29,2026-08-30T06:31:31.606177,74.31,,45.6,2.157,9.98,7.81,2.17,31.0,0,NOMINAL
VEH_4810,30,2026-08-30T06:32:36.606177,65.47,,47.38,2.288,11.13,8.2,2.93,28.0,0,NOMINAL
VEH_4811,1,2026-08-30T06:02:26.606177,69.97,39.89,35.56,1.342,17.23,17.21,0.02,34.3,0,NOMINAL
VEH_4811,2,2026-08-30T06:03:31.606177,68.96,40.2,35.83,1.157,18.09,18.09,0.0,34.6,0,NOMINAL
VEH_4811,3,2026-08-30T06:04:36.606177,72.25,,38.37,1.286,12.25,11.74,0.51,34.9,0,NOMINAL
VEH_4811,4,2026-08-30T06:05:41.606177,75.81,,37.36,1.738,12.96,12.61,0.35,35.2,0,NOMINAL
VEH_4811,5,2026-08-30T06:06:46.606177,64.27,,38.31,1.564,13.5,13.1,0.4,35.5,0,NOMINAL
VEH_4811,6,2026-08-30T06:07:51.606177,67.54,,38.0,1.575,11.91,11.58,0.33,35.8,0,NOMINAL
VEH_4811,7,2026-08-30T06:08:56.606177,69.19,38.95,38.72,1.523,17.3,17.29,0.01,36.1,0,NOMINAL
VEH_4811,8,2026-08-30T06:10:01.606177,71.95,39.92,38.19,1.396,18.18,18.17,0.01,36.4,0,NOMINAL
VEH_4811,9,2026-08-30T06:11:06.606177,74.21,,39.36,1.511,12.19,11.81,0.38,36.7,0,NOMINAL
VEH_4811,10,2026-08-30T06:12:11.606177,66.42,,40.71,1.74,12.9,12.3,0.6,37.0,0,NOMINAL
VEH_4811,11,2026-08-30T06:13:16.606177,66.59,,39.57,1.572,14.02,12.78,1.24,48.0,0,NOMINAL
VEH_4811,12,2026-08-30T06:14:21.606177,71.59,,41.36,1.715,11.2,10.16,1.04,48.0,0,NOMINAL
VEH_4811,13,2026-08-30T06:15:26.606177,75.1,,42.54,1.946,11.9,11.14,0.76,38.0,0,NOMINAL
VEH_4811,14,2026-08-30T06:16:31.606177,75.65,37.86,42.66,1.68,18.45,18.24,0.21,38.2,0,NOMINAL
VEH_4811,15,2026-08-30T06:17:36.606177,64.29,,41.11,1.502,13.15,12.7,0.45,38.0,0,NOMINAL
VEH_4811,16,2026-08-30T06:18:41.606177,65.16,,42.39,1.738,10.67,10.08,0.59,38.0,0,NOMINAL
VEH_4811,17,2026-08-30T06:19:46.606177,68.39,,43.7,1.848,13.45,11.06,2.39,60.0,0,NOMINAL
VEH_4811,18,2026-08-30T06:20:51.606177,72.82,,43.19,1.86,12.82,12.04,0.78,38.0,0,NOMINAL
VEH_4811,19,2026-08-30T06:21:56.606177,76.46,,43.64,1.978,11.38,9.21,2.17,29.5,0,NOMINAL
VEH_4811,20,2026-08-30T06:23:01.606177,65.88,,44.31,1.708,8.83,6.8,2.03,31.0,0,NOMINAL
VEH_4811,21,2026-08-30T06:24:06.606177,67.39,,44.58,2.048,10.06,7.58,2.48,28.0,0,NOMINAL
VEH_4811,22,2026-08-30T06:25:11.606177,70.69,,45.91,1.934,10.84,8.36,2.48,29.5,0,NOMINAL
VEH_4811,23,2026-08-30T06:26:16.606177,75.26,,46.25,1.713,11.51,9.14,2.37,31.0,0,NOMINAL
VEH_4811,24,2026-08-30T06:27:21.606177,75.09,,46.37,2.052,9.87,7.11,2.76,28.0,0,NOMINAL
VEH_4811,25,2026-08-30T06:28:26.606177,64.25,,46.53,1.987,10.04,7.5,2.54,29.5,0,NOMINAL
VEH_4811,26,2026-08-30T06:29:31.606177,67.48,38.12,46.33,1.918,14.96,13.11,1.85,31.0,0,NOMINAL
VEH_4811,27,2026-08-30T06:30:36.606177,70.71,38.19,47.52,2.274,16.4,13.89,2.51,28.0,0,NOMINAL
VEH_4811,28,2026-08-30T06:31:41.606177,71.17,,47.28,2.115,9.66,7.04,2.62,29.5,0,NOMINAL
VEH_4811,29,2026-08-30T06:32:46.606177,73.26,,46.81,2.054,10.13,7.81,2.32,31.0,0,NOMINAL
VEH_4811,30,2026-08-30T06:33:51.606177,64.02,,49.58,2.117,11.41,8.2,3.21,28.0,0,NOMINAL
VEH_4812,1,2026-08-30T06:03:41.606177,68.62,41.76,35.3,1.666,17.37,17.21,0.16,34.3,0,NOMINAL
VEH_4812,2,2026-08-30T06:04:46.606177,73.07,44.44,37.04,1.407,18.83,18.09,0.74,34.6,0,NOMINAL
VEH_4812,3,2026-08-30T06:05:51.606177,74.76,,38.28,1.663,12.31,11.74,0.57,34.9,0,NOMINAL
VEH_4812,4,2026-08-30T06:06:56.606177,74.99,,38.8,1.743,13.15,12.61,0.54,35.2,0,NOMINAL
VEH_4812,5,2026-08-30T06:08:01.606177,64.22,,38.18,1.816,13.48,13.1,0.38,35.5,0,NOMINAL
VEH_4812,6,2026-08-30T06:09:06.606177,66.98,,37.9,1.524,11.88,11.58,0.3,35.8,0,NOMINAL
VEH_4812,7,2026-08-30T06:10:11.606177,69.84,41.24,40.12,1.748,17.8,17.29,0.51,36.1,0,NOMINAL
VEH_4812,8,2026-08-30T06:11:16.606177,74.72,43.65,39.0,1.717,18.81,18.17,0.64,36.4,0,NOMINAL
VEH_4812,9,2026-08-30T06:12:21.606177,74.63,,41.23,1.952,12.48,11.81,0.67,36.7,0,NOMINAL
VEH_4812,10,2026-08-30T06:13:26.606177,63.31,,39.19,1.671,12.58,12.3,0.28,37.0,0,NOMINAL
VEH_4812,11,2026-08-30T06:14:31.606177,68.43,,40.84,1.773,13.88,12.78,1.1,48.0,0,NOMINAL
VEH_4812,12,2026-08-30T06:15:36.606177,71.24,,40.76,1.751,11.28,10.16,1.12,48.0,0,NOMINAL
VEH_4812,13,2026-08-30T06:16:41.606177,72.98,,40.46,1.424,11.52,11.14,0.38,38.0,0,NOMINAL
VEH_4812,14,2026-08-30T06:17:46.606177,75.25,42.2,41.5,1.456,18.77,18.24,0.53,38.2,0,NOMINAL
VEH_4812,15,2026-08-30T06:18:51.606177,64.28,,42.53,1.757,13.36,12.7,0.66,38.0,0,NOMINAL
VEH_4812,16,2026-08-30T06:19:56.606177,67.86,,42.87,1.964,10.82,10.08,0.74,38.0,0,NOMINAL
VEH_4812,17,2026-08-30T06:21:01.606177,69.88,,42.81,1.84,13.63,11.06,2.57,60.0,0,NOMINAL
VEH_4812,18,2026-08-30T06:22:06.606177,71.51,,42.68,1.859,12.71,12.04,0.67,38.0,0,NOMINAL
VEH_4812,19,2026-08-30T06:23:11.606177,76.79,,43.55,2.029,11.38,9.21,2.17,29.5,0,NOMINAL
VEH_4812,20,2026-08-30T06:24:16.606177,64.1,,44.25,1.891,8.76,6.8,1.96,31.0,0,NOMINAL
VEH_4812,21,2026-08-30T06:25:21.606177,68.38,,44.43,2.125,10.07,7.58,2.49,28.0,0,NOMINAL
VEH_4812,22,2026-08-30T06:26:26.606177,70.62,,44.87,2.028,10.68,8.36,2.32,29.5,0,NOMINAL
VEH_4812,23,2026-08-30T06:27:31.606177,73.45,,44.39,2.204,11.17,9.14,2.03,31.0,0,NOMINAL
VEH_4812,24,2026-08-30T06:28:36.606177,73.37,,45.84,2.239,9.74,7.11,2.63,28.0,0,NOMINAL
VEH_4812,25,2026-08-30T06:29:41.606177,64.12,,45.51,2.241,9.88,7.5,2.38,29.5,0,NOMINAL
VEH_4812,26,2026-08-30T06:30:46.606177,68.88,42.8,46.27,2.252,15.54,13.11,2.43,31.0,0,NOMINAL
VEH_4812,27,2026-08-30T06:31:51.606177,72.17,42.86,46.08,1.826,16.77,13.89,2.88,28.0,0,NOMINAL
VEH_4812,28,2026-08-30T06:32:56.606177,73.58,,48.81,2.155,9.96,7.04,2.92,29.5,0,NOMINAL
VEH_4812,29,2026-08-30T06:34:01.606177,75.02,,47.12,2.29,10.23,7.81,2.42,31.0,0,NOMINAL
VEH_4812,30,2026-08-30T06:35:06.606177,66.65,,47.7,2.465,11.21,8.2,3.01,28.0,0,NOMINAL
VEH_4813,1,2026-08-30T06:04:56.606177,66.89,40.42,35.38,1.44,17.21,17.21,0.0,34.3,0,NOMINAL
VEH_4813,2,2026-08-30T06:06:01.606177,70.61,40.62,37.66,1.447,18.41,18.09,0.32,34.6,0,NOMINAL
VEH_4813,3,2026-08-30T06:07:06.606177,76.33,,38.3,1.592,12.36,11.74,0.62,34.9,0,NOMINAL
VEH_4813,4,2026-08-30T06:08:11.606177,75.14,,36.61,1.653,12.83,12.61,0.22,35.2,0,NOMINAL
VEH_4813,5,2026-08-30T06:09:16.606177,64.2,,39.07,1.616,13.61,13.1,0.51,35.5,0,NOMINAL
VEH_4813,6,2026-08-30T06:10:21.606177,67.58,,39.3,1.664,12.11,11.58,0.53,35.8,0,NOMINAL
VEH_4813,7,2026-08-30T06:11:26.606177,68.98,40.53,39.59,1.535,17.61,17.29,0.32,36.1,0,NOMINAL
VEH_4813,8,2026-08-30T06:12:31.606177,73.08,39.79,39.07,1.57,18.33,18.17,0.16,36.4,0,NOMINAL
VEH_4813,9,2026-08-30T06:13:36.606177,75.51,,39.14,1.688,12.19,11.81,0.38,36.7,0,NOMINAL
VEH_4813,10,2026-08-30T06:14:41.606177,65.03,,41.29,1.683,12.95,12.3,0.65,37.0,0,NOMINAL
VEH_4813,11,2026-08-30T06:15:46.606177,68.04,,41.55,1.952,13.76,12.78,0.98,48.0,0,NOMINAL
VEH_4813,12,2026-08-30T06:16:51.606177,69.78,,41.71,1.915,11.1,10.16,0.94,48.0,0,NOMINAL
VEH_4813,13,2026-08-30T06:17:56.606177,75.61,,40.77,1.883,11.65,11.14,0.51,38.0,0,NOMINAL
VEH_4813,14,2026-08-30T06:19:01.606177,75.2,42.03,42.88,1.682,18.95,18.24,0.71,38.2,0,NOMINAL
VEH_4813,15,2026-08-30T06:20:06.606177,64.8,,43.21,1.828,13.48,12.7,0.78,38.0,0,NOMINAL
VEH_4813,16,2026-08-30T06:21:11.606177,64.81,,41.8,1.807,10.57,10.08,0.49,38.0,0,NOMINAL
VEH_4813,17,2026-08-30T06:22:16.606177,69.32,,42.66,1.809,13.64,11.06,2.58,60.0,0,NOMINAL
VEH_4813,18,2026-08-30T06:23:21.606177,70.06,,44.34,2.152,12.91,12.04,0.87,38.0,0,NOMINAL
VEH_4813,19,2026-08-30T06:24:26.606177,74.88,,44.75,1.965,11.5,9.21,2.29,29.5,0,NOMINAL
VEH_4813,20,2026-08-30T06:25:31.606177,65.16,,43.22,2.161,8.64,6.8,1.84,31.0,0,NOMINAL
VEH_4813,21,2026-08-30T06:26:36.606177,67.02,,45.08,1.969,10.13,7.58,2.55,28.0,0,NOMINAL
VEH_4813,22,2026-08-30T06:27:41.606177,70.93,,45.07,2.329,10.72,8.36,2.36,29.5,0,NOMINAL
VEH_4813,23,2026-08-30T06:28:46.606177,73.73,,44.34,2.188,11.17,9.14,2.03,31.0,0,NOMINAL
VEH_4813,24,2026-08-30T06:29:51.606177,75.8,,46.12,2.075,9.85,7.11,2.74,28.0,0,NOMINAL
VEH_4813,25,2026-08-30T06:30:56.606177,63.84,,46.29,1.886,9.99,7.5,2.49,29.5,0,NOMINAL
VEH_4813,26,2026-08-30T06:32:01.606177,64.77,40.24,44.8,2.277,14.89,13.11,1.78,31.0,0,NOMINAL
VEH_4813,27,2026-08-30T06:33:06.606177,69.89,40.34,46.78,2.251,16.51,13.89,2.62,28.0,0,NOMINAL
VEH_4813,28,2026-08-30T06:34:11.606177,73.4,,48.01,2.325,9.84,7.04,2.8,29.5,0,NOMINAL
VEH_4813,29,2026-08-30T06:35:16.606177,76.07,,47.28,2.329,10.29,7.81,2.48,31.0,0,NOMINAL
VEH_4813,30,2026-08-30T06:36:21.606177,64.54,,48.49,2.556,11.26,8.2,3.06,28.0,0,NOMINAL
VEH_4814,1,2026-08-30T06:06:11.606177,67.08,40.91,37.14,1.323,17.5,17.21,0.29,34.3,0,NOMINAL
VEH_4814,2,2026-08-30T06:07:16.606177,70.18,42.23,36.69,1.612,18.43,18.09,0.34,34.6,0,NOMINAL
VEH_4814,3,2026-08-30T06:08:21.606177,75.2,,37.04,1.302,12.14,11.74,0.4,34.9,0,NOMINAL
VEH_4814,4,2026-08-30T06:09:26.606177,75.42,,38.88,1.367,13.18,12.61,0.57,35.2,0,NOMINAL
VEH_4814,5,2026-08-30T06:10:31.606177,65.94,,39.5,1.556,13.73,13.1,0.63,35.5,0,NOMINAL
VEH_4814,6,2026-08-30T06:11:36.606177,66.16,,38.54,1.48,11.95,11.58,0.37,35.8,0,NOMINAL
VEH_4814,7,2026-08-30T06:12:41.606177,69.44,42.26,38.86,1.723,17.72,17.29,0.43,36.1,0,NOMINAL
VEH_4814,8,2026-08-30T06:13:46.606177,73.94,40.65,39.06,1.59,18.45,18.17,0.28,36.4,0,NOMINAL
VEH_4814,9,2026-08-30T06:14:51.606177,73.88,,40.47,1.661,12.34,11.81,0.53,36.7,0,NOMINAL
VEH_4814,10,2026-08-30T06:15:56.606177,65.13,,39.78,1.698,12.73,12.3,0.43,37.0,0,NOMINAL
VEH_4814,11,2026-08-30T06:17:01.606177,67.87,,39.51,1.394,14.07,12.78,1.29,48.0,0,NOMINAL
VEH_4814,12,2026-08-30T06:18:06.606177,66.98,,39.77,2.149,11.3,10.16,1.14,48.0,0,NOMINAL
VEH_4814,13,2026-08-30T06:19:11.606177,71.66,,41.66,1.876,11.66,11.14,0.52,38.0,0,NOMINAL
VEH_4814,14,2026-08-30T06:20:16.606177,72.14,40.16,40.68,1.792,18.31,18.24,0.07,38.2,0,NOMINAL
VEH_4814,15,2026-08-30T06:21:21.606177,66.0,,41.7,2.003,13.29,12.7,0.59,38.0,0,NOMINAL
VEH_4814,16,2026-08-30T06:22:26.606177,66.81,,42.77,2.067,10.78,10.08,0.7,38.0,0,NOMINAL
VEH_4814,17,2026-08-30T06:23:31.606177,69.65,,43.08,2.055,13.59,11.06,2.53,60.0,0,NOMINAL
VEH_4814,18,2026-08-30T06:24:36.606177,72.4,,44.56,1.863,13.02,12.04,0.98,38.0,0,NOMINAL
VEH_4814,19,2026-08-30T06:25:41.606177,73.58,,44.47,1.827,11.41,9.21,2.2,29.5,0,NOMINAL
VEH_4814,20,2026-08-30T06:26:46.606177,66.24,,44.83,2.11,8.92,6.8,2.12,31.0,0,NOMINAL
VEH_4814,21,2026-08-30T06:27:51.606177,67.05,,45.13,2.243,10.14,7.58,2.56,28.0,0,NOMINAL
VEH_4814,22,2026-08-30T06:28:56.606177,70.71,,45.13,1.968,10.73,8.36,2.37,29.5,0,NOMINAL
VEH_4814,23,2026-08-30T06:30:01.606177,72.25,,46.09,2.294,11.39,9.14,2.25,31.0,0,NOMINAL
VEH_4814,24,2026-08-30T06:31:06.606177,106.79,,52.26,2.351,11.73,7.11,4.62,28.0,1,MICRO_STOPPAGE_PRESSURE_DROP
VEH_4814,25,2026-08-30T06:32:11.606177,64.64,,45.92,2.376,9.96,7.5,2.46,29.5,0,NOMINAL
VEH_4814,26,2026-08-30T06:33:16.606177,68.41,38.95,46.99,2.335,15.19,13.11,2.08,31.0,0,NOMINAL
VEH_4814,27,2026-08-30T06:34:21.606177,71.87,41.0,47.6,2.204,16.77,13.89,2.88,28.0,0,NOMINAL
VEH_4814,28,2026-08-30T06:35:26.606177,73.24,,48.27,2.231,9.87,7.04,2.83,29.5,0,NOMINAL
VEH_4814,29,2026-08-30T06:36:31.606177,75.1,,47.06,2.317,10.22,7.81,2.41,31.0,0,NOMINAL
VEH_4814,30,2026-08-30T06:37:36.606177,66.26,,47.46,2.013,11.16,8.2,2.96,28.0,0,NOMINAL
VEH_4815,1,2026-08-30T06:07:26.606177,68.05,46.14,36.5,1.505,18.04,17.21,0.83,34.3,0,NOMINAL
VEH_4815,2,2026-08-30T06:08:31.606177,73.7,44.78,36.65,1.615,18.83,18.09,0.74,34.6,0,NOMINAL
VEH_4815,3,2026-08-30T06:09:36.606177,69.96,,37.84,1.868,12.1,11.74,0.36,34.9,0,NOMINAL
VEH_4815,4,2026-08-30T06:10:41.606177,75.13,,38.72,1.697,13.14,12.61,0.53,35.2,0,NOMINAL
VEH_4815,5,2026-08-30T06:11:46.606177,66.39,,38.15,1.744,13.54,13.1,0.44,35.5,0,NOMINAL
VEH_4815,6,2026-08-30T06:12:51.606177,67.36,,38.5,1.712,11.98,11.58,0.4,35.8,0,NOMINAL
VEH_4815,7,2026-08-30T06:13:56.606177,70.88,43.24,38.26,1.671,17.78,17.29,0.49,36.1,0,NOMINAL
VEH_4815,8,2026-08-30T06:15:01.606177,72.46,41.45,38.25,1.552,18.38,18.17,0.21,36.4,0,NOMINAL
VEH_4815,9,2026-08-30T06:16:06.606177,73.54,,39.11,1.839,12.13,11.81,0.32,36.7,0,NOMINAL
VEH_4815,10,2026-08-30T06:17:11.606177,64.98,,40.49,1.646,12.83,12.3,0.53,37.0,0,NOMINAL
VEH_4815,11,2026-08-30T06:18:16.606177,67.65,,40.3,2.061,13.94,12.78,1.16,48.0,0,NOMINAL
VEH_4815,12,2026-08-30T06:19:21.606177,68.97,,41.4,2.229,11.12,10.16,0.96,48.0,0,NOMINAL
VEH_4815,13,2026-08-30T06:20:26.606177,72.6,,41.56,2.157,11.67,11.14,0.53,38.0,0,NOMINAL
VEH_4815,14,2026-08-30T06:21:31.606177,75.39,43.75,41.55,2.091,18.96,18.24,0.72,38.2,0,NOMINAL
VEH_4815,15,2026-08-30T06:22:36.606177,63.74,,41.22,1.978,13.15,12.7,0.45,38.0,0,NOMINAL
VEH_4815,16,2026-08-30T06:23:41.606177,69.23,,42.7,2.04,10.84,10.08,0.76,38.0,0,NOMINAL
VEH_4815,17,2026-08-30T06:24:46.606177,72.0,,44.25,1.983,13.48,11.06,2.42,60.0,0,NOMINAL
VEH_4815,18,2026-08-30T06:25:51.606177,69.98,,43.63,2.361,12.8,12.04,0.76,38.0,0,NOMINAL
VEH_4815,19,2026-08-30T06:26:56.606177,74.57,,45.37,2.144,11.58,9.21,2.37,29.5,0,NOMINAL
VEH_4815,20,2026-08-30T06:28:01.606177,65.78,,44.14,2.43,8.8,6.8,2.0,31.0,0,NOMINAL
VEH_4815,21,2026-08-30T06:29:06.606177,71.41,,43.67,1.935,10.05,7.58,2.47,28.0,0,NOMINAL
VEH_4815,22,2026-08-30T06:30:11.606177,72.32,,44.81,2.341,10.73,8.36,2.37,29.5,0,NOMINAL
VEH_4815,23,2026-08-30T06:31:16.606177,72.37,,46.18,2.609,11.41,9.14,2.27,31.0,0,NOMINAL
VEH_4815,24,2026-08-30T06:32:21.606177,73.6,,45.72,2.523,9.73,7.11,2.62,28.0,0,NOMINAL
VEH_4815,25,2026-08-30T06:33:26.606177,63.34,,47.01,2.219,10.08,7.5,2.58,29.5,0,NOMINAL
VEH_4815,26,2026-08-30T06:34:31.606177,66.2,47.12,47.12,2.212,16.08,13.11,2.97,31.0,0,NOMINAL
VEH_4815,27,2026-08-30T06:35:36.606177,70.55,44.76,46.55,2.549,17.01,13.89,3.12,28.0,0,NOMINAL
VEH_4815,28,2026-08-30T06:36:41.606177,74.57,,48.41,2.211,9.94,7.04,2.9,29.5,0,NOMINAL
VEH_4815,29,2026-08-30T06:37:46.606177,75.56,,48.1,2.49,10.39,7.81,2.58,31.0,0,NOMINAL
VEH_4815,30,2026-08-30T06:38:51.606177,65.81,,49.44,2.381,11.44,8.2,3.24,28.0,0,NOMINAL
VEH_4816,1,2026-08-30T06:08:41.606177,66.15,43.65,36.66,1.51,17.71,17.21,0.5,34.3,0,NOMINAL
VEH_4816,2,2026-08-30T06:09:46.606177,70.73,44.37,36.98,1.437,18.74,18.09,0.65,34.6,0,NOMINAL
VEH_4816,3,2026-08-30T06:10:51.606177,73.63,,37.36,1.515,12.14,11.74,0.4,34.9,0,NOMINAL
VEH_4816,4,2026-08-30T06:11:56.606177,74.08,,37.01,1.752,12.86,12.61,0.25,35.2,0,NOMINAL
VEH_4816,5,2026-08-30T06:13:01.606177,64.77,,36.9,1.625,13.31,13.1,0.21,35.5,0,NOMINAL
VEH_4816,6,2026-08-30T06:14:06.606177,67.57,,38.86,1.917,12.04,11.58,0.46,35.8,0,NOMINAL
VEH_4816,7,2026-08-30T06:15:11.606177,68.43,46.11,38.94,1.864,18.14,17.29,0.85,36.1,0,NOMINAL
VEH_4816,8,2026-08-30T06:16:16.606177,70.95,44.54,39.55,1.675,18.88,18.17,0.71,36.4,0,NOMINAL
VEH_4816,9,2026-08-30T06:17:21.606177,73.83,,40.01,2.008,12.27,11.81,0.46,36.7,0,NOMINAL
VEH_4816,10,2026-08-30T06:18:26.606177,65.47,,39.77,1.809,12.73,12.3,0.43,37.0,0,NOMINAL
VEH_4816,11,2026-08-30T06:19:31.606177,81.46,,46.91,1.716,13.37,12.78,0.59,48.0,1,MICRO_STOPPAGE_PRESSURE_DROP
VEH_4816,12,2026-08-30T06:20:36.606177,70.0,,40.95,1.818,11.22,10.16,1.06,48.0,0,NOMINAL
VEH_4816,13,2026-08-30T06:21:41.606177,72.69,,40.76,2.1,11.56,11.14,0.42,38.0,0,NOMINAL
VEH_4816,14,2026-08-30T06:22:46.606177,73.38,44.61,41.18,1.878,18.94,18.24,0.7,38.2,0,NOMINAL
VEH_4816,15,2026-08-30T06:23:51.606177,64.81,,42.95,1.939,13.44,12.7,0.74,38.0,0,NOMINAL
VEH_4816,16,2026-08-30T06:24:56.606177,68.41,,42.88,1.933,10.84,10.08,0.76,38.0,0,NOMINAL
VEH_4816,17,2026-08-30T06:26:01.606177,71.88,,41.95,2.121,13.82,11.06,2.76,60.0,0,NOMINAL
VEH_4816,18,2026-08-30T06:27:06.606177,71.52,,43.46,2.095,12.82,12.04,0.78,38.0,0,NOMINAL
VEH_4816,19,2026-08-30T06:28:11.606177,75.24,,43.57,2.032,11.33,9.21,2.12,29.5,0,NOMINAL
VEH_4816,20,2026-08-30T06:29:16.606177,65.17,,44.19,2.221,8.79,6.8,1.99,31.0,0,NOMINAL
VEH_4816,21,2026-08-30T06:30:21.606177,65.77,,44.51,1.963,10.0,7.58,2.42,28.0,0,NOMINAL
VEH_4816,22,2026-08-30T06:31:26.606177,68.3,,44.63,2.416,10.58,8.36,2.22,29.5,0,NOMINAL
VEH_4816,23,2026-08-30T06:32:31.606177,72.02,,45.83,2.177,11.34,9.14,2.2,31.0,0,NOMINAL
VEH_4816,24,2026-08-30T06:33:36.606177,77.52,,46.37,2.097,9.95,7.11,2.84,28.0,0,NOMINAL
VEH_4816,25,2026-08-30T06:34:41.606177,64.11,,45.92,2.499,9.94,7.5,2.44,29.5,0,NOMINAL
VEH_4816,26,2026-08-30T06:35:46.606177,68.47,42.59,45.6,2.56,15.4,13.11,2.29,31.0,0,NOMINAL
VEH_4816,27,2026-08-30T06:36:51.606177,70.77,41.62,46.3,2.128,16.61,13.89,2.72,28.0,0,NOMINAL
VEH_4816,28,2026-08-30T06:37:56.606177,72.64,,47.29,2.243,9.71,7.04,2.67,29.5,0,NOMINAL
VEH_4816,29,2026-08-30T06:39:01.606177,75.93,,45.79,2.376,10.06,7.81,2.25,31.0,0,NOMINAL
VEH_4816,30,2026-08-30T06:40:06.606177,65.02,,48.23,2.53,11.24,8.2,3.04,28.0,0,NOMINAL
VEH_4817,1,2026-08-30T06:09:56.606177,68.84,40.72,36.94,1.416,17.5,17.21,0.29,34.3,0,NOMINAL
VEH_4817,2,2026-08-30T06:11:01.606177,70.71,37.75,37.77,1.334,18.1,18.09,0.01,34.6,0,NOMINAL
VEH_4817,3,2026-08-30T06:12:06.606177,72.81,,37.63,1.507,12.15,11.74,0.41,34.9,0,NOMINAL
VEH_4817,4,2026-08-30T06:13:11.606177,75.8,,38.33,1.174,13.11,12.61,0.5,35.2,0,NOMINAL
VEH_4817,5,2026-08-30T06:14:16.606177,63.88,,38.06,1.279,13.45,13.1,0.35,35.5,0,NOMINAL
VEH_4817,6,2026-08-30T06:15:21.606177,66.67,,38.63,1.651,11.98,11.58,0.4,35.8,0,NOMINAL
VEH_4817,7,2026-08-30T06:16:26.606177,70.06,39.62,37.93,1.482,17.29,17.29,0.0,36.1,0,NOMINAL
VEH_4817,8,2026-08-30T06:17:31.606177,72.12,40.36,39.71,1.816,18.46,18.17,0.29,36.4,0,NOMINAL
VEH_4817,9,2026-08-30T06:18:36.606177,74.56,,41.1,1.509,12.46,11.81,0.65,36.7,0,NOMINAL
VEH_4817,10,2026-08-30T06:19:41.606177,65.77,,39.99,1.631,12.78,12.3,0.48,37.0,0,NOMINAL
VEH_4817,11,2026-08-30T06:20:46.606177,65.3,,40.42,1.744,13.85,12.78,1.07,48.0,0,NOMINAL
VEH_4817,12,2026-08-30T06:21:51.606177,68.69,,40.83,1.725,11.19,10.16,1.03,48.0,0,NOMINAL
VEH_4817,13,2026-08-30T06:22:56.606177,73.2,,43.07,1.773,11.92,11.14,0.78,38.0,0,NOMINAL
VEH_4817,14,2026-08-30T06:24:01.606177,88.01,43.33,47.54,4.069,20.2,18.24,1.96,38.2,1,CALIBRATION_DRIFT_S14
VEH_4817,15,2026-08-30T06:25:06.606177,63.29,,41.99,1.756,13.25,12.7,0.55,38.0,0,NOMINAL
VEH_4817,16,2026-08-30T06:26:11.606177,68.21,,42.75,1.921,10.81,10.08,0.73,38.0,0,NOMINAL
VEH_4817,17,2026-08-30T06:27:16.606177,72.43,,41.92,1.904,13.84,11.06,2.78,60.0,0,NOMINAL
VEH_4817,18,2026-08-30T06:28:21.606177,71.71,,43.87,1.828,12.89,12.04,0.85,38.0,0,NOMINAL
VEH_4817,19,2026-08-30T06:29:26.606177,75.51,,43.85,1.847,11.38,9.21,2.17,29.5,0,NOMINAL
VEH_4817,20,2026-08-30T06:30:31.606177,65.59,,43.43,2.077,8.69,6.8,1.89,31.0,0,NOMINAL
VEH_4817,21,2026-08-30T06:31:36.606177,69.39,,45.07,3.123,10.2,7.58,2.62,28.0,2,DOWNSTREAM_GEOMETRY_MISALIGNMENT
VEH_4817,22,2026-08-30T06:32:41.606177,75.33,,45.49,2.721,10.92,8.36,2.56,29.5,2,DOWNSTREAM_GEOMETRY_MISALIGNMENT
VEH_4817,23,2026-08-30T06:33:46.606177,73.56,,45.08,1.989,11.28,9.14,2.14,31.0,0,NOMINAL
VEH_4817,24,2026-08-30T06:34:51.606177,75.32,,45.82,2.014,9.8,7.11,2.69,28.0,0,NOMINAL
VEH_4817,25,2026-08-30T06:35:56.606177,64.57,,45.75,2.226,9.93,7.5,2.43,29.5,0,NOMINAL
VEH_4817,26,2026-08-30T06:37:01.606177,72.01,40.28,45.54,3.075,15.23,13.11,2.12,31.0,2,DOWNSTREAM_GEOMETRY_MISALIGNMENT
VEH_4817,27,2026-08-30T06:38:06.606177,73.9,37.95,46.46,3.267,16.31,13.89,2.42,28.0,2,DOWNSTREAM_GEOMETRY_MISALIGNMENT
VEH_4817,28,2026-08-30T06:39:11.606177,73.57,,46.25,2.211,9.58,7.04,2.54,29.5,0,NOMINAL
VEH_4817,29,2026-08-30T06:40:16.606177,74.51,,48.27,2.209,10.39,7.81,2.58,31.0,0,NOMINAL
VEH_4817,30,2026-08-30T06:41:21.606177,65.7,,48.66,2.626,11.32,8.2,3.12,28.0,0,NOMINAL
VEH_4818,1,2026-08-30T06:11:11.606177,68.65,40.26,37.75,1.383,17.56,17.21,0.35,34.3,0,NOMINAL
VEH_4818,2,2026-08-30T06:12:16.606177,65.83,41.59,35.98,1.515,18.12,18.09,0.03,34.6,0,NOMINAL
VEH_4818,3,2026-08-30T06:13:21.606177,72.0,,37.51,1.625,12.11,11.74,0.37,34.9,0,NOMINAL
VEH_4818,4,2026-08-30T06:14:26.606177,75.52,,38.12,1.703,13.07,12.61,0.46,35.2,0,NOMINAL
VEH_4818,5,2026-08-30T06:15:31.606177,63.71,,37.4,1.603,13.35,13.1,0.25,35.5,0,NOMINAL
VEH_4818,6,2026-08-30T06:16:36.606177,65.37,,38.94,1.532,11.99,11.58,0.41,35.8,0,NOMINAL
VEH_4818,7,2026-08-30T06:17:41.606177,69.9,39.87,39.49,1.223,17.55,17.29,0.26,36.1,0,NOMINAL
VEH_4818,8,2026-08-30T06:18:46.606177,71.27,41.36,39.94,1.473,18.58,18.17,0.41,36.4,0,NOMINAL
VEH_4818,9,2026-08-30T06:19:51.606177,75.56,,38.99,1.507,12.17,11.81,0.36,36.7,0,NOMINAL
VEH_4818,10,2026-08-30T06:20:56.606177,64.44,,40.57,1.812,12.82,12.3,0.52,37.0,0,NOMINAL
VEH_4818,11,2026-08-30T06:22:01.606177,67.2,,41.86,1.504,13.69,12.78,0.91,48.0,0,NOMINAL
VEH_4818,12,2026-08-30T06:23:06.606177,70.1,,40.32,1.629,11.31,10.16,1.15,48.0,0,NOMINAL
VEH_4818,13,2026-08-30T06:24:11.606177,73.13,,41.92,1.819,11.74,11.14,0.6,38.0,0,NOMINAL
VEH_4818,14,2026-08-30T06:25:16.606177,87.78,45.68,46.83,4.097,20.36,18.24,2.12,38.2,1,CALIBRATION_DRIFT_S14
VEH_4818,15,2026-08-30T06:26:21.606177,65.04,,41.46,1.514,13.22,12.7,0.52,38.0,0,NOMINAL
VEH_4818,16,2026-08-30T06:27:26.606177,67.69,,43.17,2.039,10.86,10.08,0.78,38.0,0,NOMINAL
VEH_4818,17,2026-08-30T06:28:31.606177,70.98,,42.97,2.067,13.64,11.06,2.58,60.0,0,NOMINAL
VEH_4818,18,2026-08-30T06:29:36.606177,73.61,,44.13,1.856,12.99,12.04,0.95,38.0,0,NOMINAL
VEH_4818,19,2026-08-30T06:30:41.606177,73.44,,42.86,2.122,11.17,9.21,1.96,29.5,0,NOMINAL
VEH_4818,20,2026-08-30T06:31:46.606177,66.13,,44.2,2.088,8.82,6.8,2.02,31.0,0,NOMINAL
VEH_4818,21,2026-08-30T06:32:51.606177,73.56,,44.27,2.555,10.21,7.58,2.63,28.0,2,DOWNSTREAM_GEOMETRY_MISALIGNMENT
VEH_4818,22,2026-08-30T06:33:56.606177,77.18,,43.78,3.016,10.72,8.36,2.36,29.5,2,DOWNSTREAM_GEOMETRY_MISALIGNMENT
VEH_4818,23,2026-08-30T06:35:01.606177,74.68,,45.48,2.056,11.38,9.14,2.24,31.0,0,NOMINAL
VEH_4818,24,2026-08-30T06:36:06.606177,75.32,,44.14,2.28,9.54,7.11,2.43,28.0,0,NOMINAL
VEH_4818,25,2026-08-30T06:37:11.606177,63.66,,45.46,2.207,9.86,7.5,2.36,29.5,0,NOMINAL
VEH_4818,26,2026-08-30T06:38:16.606177,71.51,41.94,47.18,3.117,15.65,13.11,2.54,31.0,2,DOWNSTREAM_GEOMETRY_MISALIGNMENT
VEH_4818,27,2026-08-30T06:39:21.606177,75.18,39.58,47.07,2.916,16.63,13.89,2.74,28.0,2,DOWNSTREAM_GEOMETRY_MISALIGNMENT
VEH_4818,28,2026-08-30T06:40:26.606177,71.18,,46.97,2.464,9.62,7.04,2.58,29.5,0,NOMINAL
VEH_4818,29,2026-08-30T06:41:31.606177,74.16,,48.46,2.491,10.41,7.81,2.6,31.0,0,NOMINAL
VEH_4818,30,2026-08-30T06:42:36.606177,64.21,,48.1,2.206,11.19,8.2,2.99,28.0,0,NOMINAL
VEH_4819,1,2026-08-30T06:12:26.606177,68.1,41.81,36.34,1.3,17.51,17.21,0.3,34.3,0,NOMINAL
VEH_4819,2,2026-08-30T06:13:31.606177,70.31,40.8,36.58,1.268,18.26,18.09,0.17,34.6,0,NOMINAL
VEH_4819,3,2026-08-30T06:14:36.606177,72.59,,37.36,1.452,12.11,11.74,0.37,34.9,0,NOMINAL
VEH_4819,4,2026-08-30T06:15:41.606177,74.23,,39.17,1.419,13.18,12.61,0.57,35.2,0,NOMINAL
VEH_4819,5,2026-08-30T06:16:46.606177,63.01,,38.09,1.384,13.43,13.1,0.33,35.5,0,NOMINAL
VEH_4819,6,2026-08-30T06:17:51.606177,68.64,,37.66,1.68,11.9,11.58,0.32,35.8,0,NOMINAL
VEH_4819,7,2026-08-30T06:18:56.606177,70.48,44.12,38.5,1.616,17.91,17.29,0.62,36.1,0,NOMINAL
VEH_4819,8,2026-08-30T06:20:01.606177,74.11,40.53,40.36,1.859,18.64,18.17,0.47,36.4,0,NOMINAL
VEH_4819,9,2026-08-30T06:21:06.606177,76.11,,40.66,1.788,12.44,11.81,0.63,36.7,0,NOMINAL
VEH_4819,10,2026-08-30T06:22:11.606177,64.74,,40.46,2.024,12.81,12.3,0.51,37.0,0,NOMINAL
VEH_4819,11,2026-08-30T06:23:16.606177,68.37,,40.53,1.817,13.93,12.78,1.15,48.0,0,NOMINAL
VEH_4819,12,2026-08-30T06:24:21.606177,69.61,,39.68,1.803,11.39,10.16,1.23,48.0,0,NOMINAL
VEH_4819,13,2026-08-30T06:25:26.606177,73.1,,41.94,1.725,11.75,11.14,0.61,38.0,0,NOMINAL
VEH_4819,14,2026-08-30T06:26:31.606177,85.96,49.38,47.97,4.234,20.89,18.24,2.65,38.2,1,CALIBRATION_DRIFT_S14
VEH_4819,15,2026-08-30T06:27:36.606177,64.48,,40.94,2.187,13.13,12.7,0.43,38.0,0,NOMINAL
VEH_4819,16,2026-08-30T06:28:41.606177,69.16,,43.4,1.839,10.94,10.08,0.86,38.0,0,NOMINAL
VEH_4819,17,2026-08-30T06:29:46.606177,70.35,,42.84,1.865,13.64,11.06,2.58,60.0,0,NOMINAL
VEH_4819,18,2026-08-30T06:30:51.606177,71.67,,44.82,1.977,13.03,12.04,0.99,38.0,0,NOMINAL
VEH_4819,19,2026-08-30T06:31:56.606177,74.3,,44.04,2.123,11.37,9.21,2.16,29.5,0,NOMINAL
VEH_4819,20,2026-08-30T06:33:01.606177,65.57,,43.12,2.108,8.64,6.8,1.84,31.0,0,NOMINAL
VEH_4819,21,2026-08-30T06:34:06.606177,74.31,,45.42,2.832,10.4,7.58,2.82,28.0,2,DOWNSTREAM_GEOMETRY_MISALIGNMENT
VEH_4819,22,2026-08-30T06:35:11.606177,75.73,,43.63,2.991,10.65,8.36,2.29,29.5,2,DOWNSTREAM_GEOMETRY_MISALIGNMENT
VEH_4819,23,2026-08-30T06:36:16.606177,72.22,,46.63,1.972,11.47,9.14,2.33,31.0,0,NOMINAL
VEH_4819,24,2026-08-30T06:37:21.606177,75.83,,44.58,1.899,9.63,7.11,2.52,28.0,0,NOMINAL
VEH_4819,25,2026-08-30T06:38:26.606177,64.34,,46.97,2.181,10.1,7.5,2.6,29.5,0,NOMINAL
VEH_4819,26,2026-08-30T06:39:31.606177,72.74,43.15,46.08,2.92,15.67,13.11,2.56,31.0,2,DOWNSTREAM_GEOMETRY_MISALIGNMENT
VEH_4819,27,2026-08-30T06:40:36.606177,73.54,41.96,46.02,3.049,16.7,13.89,2.81,28.0,2,DOWNSTREAM_GEOMETRY_MISALIGNMENT
VEH_4819,28,2026-08-30T06:41:41.606177,72.16,,47.6,2.356,9.74,7.04,2.7,29.5,0,NOMINAL
VEH_4819,29,2026-08-30T06:42:46.606177,74.6,,47.24,2.156,10.24,7.81,2.43,31.0,0,NOMINAL
VEH_4819,30,2026-08-30T06:43:51.606177,64.01,,46.52,2.457,10.95,8.2,2.75,28.0,0,NOMINAL
VEH_4820,1,2026-08-30T06:13:41.606177,66.94,44.57,35.72,1.339,17.7,17.21,0.49,34.3,0,NOMINAL
VEH_4820,2,2026-08-30T06:14:46.606177,70.01,43.96,36.83,1.445,18.65,18.09,0.56,34.6,0,NOMINAL
VEH_4820,3,2026-08-30T06:15:51.606177,76.08,,37.88,1.777,12.29,11.74,0.55,34.9,0,NOMINAL
VEH_4820,4,2026-08-30T06:16:56.606177,75.5,,38.32,1.967,13.1,12.61,0.49,35.2,0,NOMINAL
VEH_4820,5,2026-08-30T06:18:01.606177,63.64,,37.37,1.742,13.34,13.1,0.24,35.5,0,NOMINAL
VEH_4820,6,2026-08-30T06:19:06.606177,67.0,,38.47,1.879,11.97,11.58,0.39,35.8,0,NOMINAL
VEH_4820,7,2026-08-30T06:20:11.606177,71.1,42.87,38.72,1.783,17.82,17.29,0.53,36.1,0,NOMINAL
VEH_4820,8,2026-08-30T06:21:16.606177,72.15,42.18,41.35,1.833,18.92,18.17,0.75,36.4,0,NOMINAL
VEH_4820,9,2026-08-30T06:22:21.606177,74.32,,39.94,1.876,12.28,11.81,0.47,36.7,0,NOMINAL
VEH_4820,10,2026-08-30T06:23:26.606177,63.1,,38.74,2.129,12.51,12.3,0.21,37.0,0,NOMINAL
VEH_4820,11,2026-08-30T06:24:31.606177,67.97,,40.73,1.687,13.89,12.78,1.11,48.0,0,NOMINAL
VEH_4820,12,2026-08-30T06:25:36.606177,70.39,,41.73,1.726,11.11,10.16,0.95,48.0,0,NOMINAL
VEH_4820,13,2026-08-30T06:26:41.606177,72.6,,41.23,1.822,11.62,11.14,0.48,38.0,0,NOMINAL
VEH_4820,14,2026-08-30T06:27:46.606177,85.81,51.19,48.6,4.546,21.19,18.24,2.95,38.2,1,CALIBRATION_DRIFT_S14
VEH_4820,15,2026-08-30T06:28:51.606177,61.78,,42.44,1.982,13.27,12.7,0.57,38.0,0,NOMINAL
VEH_4820,16,2026-08-30T06:29:56.606177,66.58,,43.93,2.211,10.94,10.08,0.86,38.0,0,NOMINAL
VEH_4820,17,2026-08-30T06:31:01.606177,71.49,,43.14,2.109,13.63,11.06,2.57,60.0,0,NOMINAL
VEH_4820,18,2026-08-30T06:32:06.606177,72.91,,44.35,1.995,13.0,12.04,0.96,38.0,0,NOMINAL
VEH_4820,19,2026-08-30T06:33:11.606177,75.4,,43.61,2.106,11.34,9.21,2.13,29.5,0,NOMINAL
VEH_4820,20,2026-08-30T06:34:16.606177,66.23,,45.23,2.077,8.98,6.8,2.18,31.0,0,NOMINAL
VEH_4820,21,2026-08-30T06:35:21.606177,72.11,,45.49,2.922,10.35,7.58,2.77,28.0,2,DOWNSTREAM_GEOMETRY_MISALIGNMENT
VEH_4820,22,2026-08-30T06:36:26.606177,76.04,,45.96,2.984,11.01,8.36,2.65,29.5,2,DOWNSTREAM_GEOMETRY_MISALIGNMENT
VEH_4820,23,2026-08-30T06:37:31.606177,71.21,,44.92,2.055,11.18,9.14,2.04,31.0,0,NOMINAL
VEH_4820,24,2026-08-30T06:38:36.606177,73.23,,45.39,1.937,9.67,7.11,2.56,28.0,0,NOMINAL
VEH_4820,25,2026-08-30T06:39:41.606177,66.55,,47.07,2.287,10.19,7.5,2.69,29.5,0,NOMINAL
VEH_4820,26,2026-08-30T06:40:46.606177,74.78,42.92,47.11,3.498,15.86,13.11,2.75,31.0,2,DOWNSTREAM_GEOMETRY_MISALIGNMENT
VEH_4820,27,2026-08-30T06:41:51.606177,74.96,42.45,47.64,3.467,17.04,13.89,3.15,28.0,2,DOWNSTREAM_GEOMETRY_MISALIGNMENT
VEH_4820,28,2026-08-30T06:42:56.606177,72.57,,47.15,2.34,9.69,7.04,2.65,29.5,0,NOMINAL
VEH_4820,29,2026-08-30T06:44:01.606177,75.43,,47.93,2.492,10.37,7.81,2.56,31.0,0,NOMINAL
VEH_4820,30,2026-08-30T06:45:06.606177,66.73,,48.4,2.609,11.32,8.2,3.12,28.0,0,NOMINAL
VEH_4821,1,2026-08-30T06:14:56.606177,67.98,39.12,35.97,1.343,17.21,17.21,0.0,34.3,0,NOMINAL
VEH_4821,2,2026-08-30T06:16:01.606177,69.06,38.82,37.7,1.435,18.16,18.09,0.07,34.6,0,NOMINAL
VEH_4821,3,2026-08-30T06:17:06.606177,72.54,,36.82,1.74,12.02,11.74,0.28,34.9,0,NOMINAL
VEH_4821,4,2026-08-30T06:18:11.606177,76.33,,38.33,1.658,13.12,12.61,0.51,35.2,0,NOMINAL
VEH_4821,5,2026-08-30T06:19:16.606177,63.68,,38.3,1.61,13.48,13.1,0.38,35.5,0,NOMINAL
VEH_4821,6,2026-08-30T06:20:21.606177,66.52,,38.22,1.451,11.91,11.58,0.33,35.8,0,NOMINAL
VEH_4821,7,2026-08-30T06:21:26.606177,70.84,40.85,39.64,1.408,17.71,17.29,0.42,36.1,0,NOMINAL
VEH_4821,8,2026-08-30T06:22:31.606177,73.25,39.78,38.67,1.84,18.27,18.17,0.1,36.4,0,NOMINAL
VEH_4821,9,2026-08-30T06:23:36.606177,74.92,,40.13,1.444,12.33,11.81,0.52,36.7,0,NOMINAL
VEH_4821,10,2026-08-30T06:24:41.606177,63.52,,41.18,1.791,12.88,12.3,0.58,37.0,0,NOMINAL
VEH_4821,11,2026-08-30T06:25:46.606177,67.15,,41.06,1.808,13.81,12.78,1.03,48.0,0,NOMINAL
VEH_4821,12,2026-08-30T06:26:51.606177,69.15,,41.09,1.905,11.17,10.16,1.01,48.0,0,NOMINAL
VEH_4821,13,2026-08-30T06:27:56.606177,71.53,,40.71,1.767,11.51,11.14,0.37,38.0,0,NOMINAL
VEH_4821,14,2026-08-30T06:29:01.606177,88.46,49.44,47.6,4.159,20.92,18.24,2.68,38.2,1,CALIBRATION_DRIFT_S14
VEH_4821,15,2026-08-30T06:30:06.606177,65.75,,43.31,1.894,13.52,12.7,0.82,38.0,0,NOMINAL
VEH_4821,16,2026-08-30T06:31:11.606177,68.81,,43.54,1.949,10.95,10.08,0.87,38.0,0,NOMINAL
VEH_4821,17,2026-08-30T06:32:16.606177,70.17,,43.06,1.845,13.6,11.06,2.54,60.0,0,NOMINAL
VEH_4821,18,2026-08-30T06:33:21.606177,74.38,,42.4,1.856,12.75,12.04,0.71,38.0,0,NOMINAL
VEH_4821,19,2026-08-30T06:34:26.606177,75.44,,42.18,2.049,11.13,9.21,1.92,29.5,0,NOMINAL
VEH_4821,20,2026-08-30T06:35:31.606177,66.06,,44.2,1.89,8.82,6.8,2.02,31.0,0,NOMINAL
VEH_4821,21,2026-08-30T06:36:36.606177,71.18,,45.93,3.339,10.38,7.58,2.8,28.0,2,DOWNSTREAM_GEOMETRY_MISALIGNMENT
VEH_4821,22,2026-08-30T06:37:41.606177,73.54,,45.33,2.843,10.84,8.36,2.48,29.5,2,DOWNSTREAM_GEOMETRY_MISALIGNMENT
VEH_4821,23,2026-08-30T06:38:46.606177,74.88,,45.07,2.033,11.32,9.14,2.18,31.0,0,NOMINAL
VEH_4821,24,2026-08-30T06:39:51.606177,75.41,,46.29,2.297,9.87,7.11,2.76,28.0,0,NOMINAL
VEH_4821,25,2026-08-30T06:40:56.606177,65.5,,46.68,2.151,10.1,7.5,2.6,29.5,0,NOMINAL
VEH_4821,26,2026-08-30T06:42:01.606177,72.92,38.52,45.76,3.263,15.09,13.11,1.98,31.0,2,DOWNSTREAM_GEOMETRY_MISALIGNMENT
VEH_4821,27,2026-08-30T06:43:06.606177,75.47,40.19,46.68,2.815,16.65,13.89,2.76,28.0,2,DOWNSTREAM_GEOMETRY_MISALIGNMENT
VEH_4821,28,2026-08-30T06:44:11.606177,71.96,,47.8,2.351,9.76,7.04,2.72,29.5,0,NOMINAL
VEH_4821,29,2026-08-30T06:45:16.606177,75.76,,47.12,2.348,10.25,7.81,2.44,31.0,0,NOMINAL
VEH_4821,30,2026-08-30T06:46:21.606177,64.24,,48.55,2.3,11.26,8.2,3.06,28.0,0,NOMINAL
VEH_4822,1,2026-08-30T06:16:11.606177,67.36,43.24,36.93,1.614,17.74,17.21,0.53,34.3,0,NOMINAL
VEH_4822,2,2026-08-30T06:17:16.606177,69.79,43.44,36.88,1.345,18.59,18.09,0.5,34.6,0,NOMINAL
VEH_4822,3,2026-08-30T06:18:21.606177,72.16,,36.19,1.582,11.92,11.74,0.18,34.9,0,NOMINAL
VEH_4822,4,2026-08-30T06:19:26.606177,73.56,,37.04,1.589,12.84,12.61,0.23,35.2,0,NOMINAL
VEH_4822,5,2026-08-30T06:20:31.606177,64.58,,39.27,1.49,13.66,13.1,0.56,35.5,0,NOMINAL
VEH_4822,6,2026-08-30T06:21:36.606177,68.21,,38.26,1.672,11.97,11.58,0.39,35.8,0,NOMINAL
VEH_4822,7,2026-08-30T06:22:41.606177,68.89,45.56,37.45,1.711,17.87,17.29,0.58,36.1,0,NOMINAL
VEH_4822,8,2026-08-30T06:23:46.606177,72.84,44.41,39.58,2.203,18.93,18.17,0.76,36.4,0,NOMINAL
VEH_4822,9,2026-08-30T06:24:51.606177,73.8,,39.18,1.815,12.15,11.81,0.34,36.7,0,NOMINAL
VEH_4822,10,2026-08-30T06:25:56.606177,66.1,,39.81,1.83,12.76,12.3,0.46,37.0,0,NOMINAL
VEH_4822,11,2026-08-30T06:27:01.606177,66.74,,41.23,2.177,13.77,12.78,0.99,48.0,0,NOMINAL
VEH_4822,12,2026-08-30T06:28:06.606177,70.58,,41.3,1.961,11.18,10.16,1.02,48.0,0,NOMINAL
VEH_4822,13,2026-08-30T06:29:11.606177,70.19,,40.6,1.888,11.45,11.14,0.31,38.0,0,NOMINAL
VEH_4822,14,2026-08-30T06:30:16.606177,86.94,53.23,49.45,4.94,21.59,18.24,3.35,38.2,1,CALIBRATION_DRIFT_S14
VEH_4822,15,2026-08-30T06:31:21.606177,64.67,,43.09,1.922,13.46,12.7,0.76,38.0,0,NOMINAL
VEH_4822,16,2026-08-30T06:32:26.606177,65.14,,42.59,2.026,10.7,10.08,0.62,38.0,0,NOMINAL
VEH_4822,17,2026-08-30T06:33:31.606177,70.31,,42.08,2.02,13.76,11.06,2.7,60.0,0,NOMINAL
VEH_4822,18,2026-08-30T06:34:36.606177,75.72,,43.73,1.873,12.99,12.04,0.95,38.0,0,NOMINAL
VEH_4822,19,2026-08-30T06:35:41.606177,73.93,,44.19,1.933,11.38,9.21,2.17,29.5,0,NOMINAL
VEH_4822,20,2026-08-30T06:36:46.606177,65.35,,43.77,2.079,8.73,6.8,1.93,31.0,0,NOMINAL
VEH_4822,21,2026-08-30T06:37:51.606177,72.08,,44.62,2.921,10.21,7.58,2.63,28.0,2,DOWNSTREAM_GEOMETRY_MISALIGNMENT
VEH_4822,22,2026-08-30T06:38:56.606177,76.07,,44.45,3.116,10.79,8.36,2.43,29.5,2,DOWNSTREAM_GEOMETRY_MISALIGNMENT
VEH_4822,23,2026-08-30T06:40:01.606177,73.12,,44.73,2.165,11.21,9.14,2.07,31.0,0,NOMINAL
VEH_4822,24,2026-08-30T06:41:06.606177,74.19,,45.23,2.162,9.67,7.11,2.56,28.0,0,NOMINAL
VEH_4822,25,2026-08-30T06:42:11.606177,65.36,,46.61,2.549,10.08,7.5,2.58,29.5,0,NOMINAL
VEH_4822,26,2026-08-30T06:43:16.606177,71.45,43.97,44.98,3.41,15.56,13.11,2.45,31.0,2,DOWNSTREAM_GEOMETRY_MISALIGNMENT
VEH_4822,27,2026-08-30T06:44:21.606177,74.19,43.92,46.53,3.148,17.02,13.89,3.13,28.0,2,DOWNSTREAM_GEOMETRY_MISALIGNMENT
VEH_4822,28,2026-08-30T06:45:26.606177,73.57,,45.33,2.357,9.44,7.04,2.4,29.5,0,NOMINAL
VEH_4822,29,2026-08-30T06:46:31.606177,76.41,,47.48,2.33,10.33,7.81,2.52,31.0,0,NOMINAL
VEH_4822,30,2026-08-30T06:47:36.606177,63.67,,48.94,2.53,11.3,8.2,3.1,28.0,0,NOMINAL
VEH_4823,1,2026-08-30T06:17:26.606177,72.21,42.37,36.03,1.634,17.66,17.21,0.45,34.3,0,NOMINAL
VEH_4823,2,2026-08-30T06:18:31.606177,67.54,41.45,37.22,1.627,18.34,18.09,0.25,34.6,0,NOMINAL
VEH_4823,3,2026-08-30T06:19:36.606177,73.06,,39.08,1.746,12.38,11.74,0.64,34.9,0,NOMINAL
VEH_4823,4,2026-08-30T06:20:41.606177,76.35,,38.02,1.405,13.08,12.61,0.47,35.2,0,NOMINAL
VEH_4823,5,2026-08-30T06:21:46.606177,63.73,,37.52,1.61,13.37,13.1,0.27,35.5,0,NOMINAL
VEH_4823,6,2026-08-30T06:22:51.606177,65.49,,38.19,1.506,11.88,11.58,0.3,35.8,0,NOMINAL
VEH_4823,7,2026-08-30T06:23:56.606177,68.8,41.62,39.95,1.952,17.79,17.29,0.5,36.1,0,NOMINAL
VEH_4823,8,2026-08-30T06:25:01.606177,73.16,40.39,40.54,1.99,18.62,18.17,0.45,36.4,0,NOMINAL
VEH_4823,9,2026-08-30T06:26:06.606177,75.11,,39.44,1.471,12.23,11.81,0.42,36.7,0,NOMINAL
VEH_4823,10,2026-08-30T06:27:11.606177,62.53,,40.73,2.018,12.79,12.3,0.49,37.0,0,NOMINAL
VEH_4823,11,2026-08-30T06:28:16.606177,67.14,,40.46,1.747,13.9,12.78,1.12,48.0,0,NOMINAL
VEH_4823,12,2026-08-30T06:29:21.606177,70.39,,41.05,1.845,11.21,10.16,1.05,48.0,0,NOMINAL
VEH_4823,13,2026-08-30T06:30:26.606177,73.34,,41.15,1.821,11.63,11.14,0.49,38.0,0,NOMINAL
VEH_4823,14,2026-08-30T06:31:31.606177,85.94,52.84,47.1,4.988,21.16,18.24,2.92,38.2,1,CALIBRATION_DRIFT_S14
VEH_4823,15,2026-08-30T06:32:36.606177,65.32,,42.83,1.833,13.44,12.7,0.74,38.0,0,NOMINAL
VEH_4823,16,2026-08-30T06:33:41.606177,66.83,,42.64,2.249,10.76,10.08,0.68,38.0,0,NOMINAL
VEH_4823,17,2026-08-30T06:34:46.606177,71.01,,42.33,1.971,13.74,11.06,2.68,60.0,0,NOMINAL
VEH_4823,18,2026-08-30T06:35:51.606177,73.64,,42.68,1.9,12.77,12.04,0.73,38.0,0,NOMINAL
VEH_4823,19,2026-08-30T06:36:56.606177,77.0,,43.52,2.104,11.38,9.21,2.17,29.5,0,NOMINAL
VEH_4823,20,2026-08-30T06:38:01.606177,90.46,,47.41,2.178,10.05,6.8,3.25,31.0,1,MICRO_STOPPAGE_PRESSURE_DROP
VEH_4823,21,2026-08-30T06:39:06.606177,71.57,,45.88,2.71,10.39,7.58,2.81,28.0,2,DOWNSTREAM_GEOMETRY_MISALIGNMENT
VEH_4823,22,2026-08-30T06:40:11.606177,77.27,,45.06,2.787,10.92,8.36,2.56,29.5,2,DOWNSTREAM_GEOMETRY_MISALIGNMENT
VEH_4823,23,2026-08-30T06:41:16.606177,71.61,,46.85,2.319,11.49,9.14,2.35,31.0,0,NOMINAL
VEH_4823,24,2026-08-30T06:42:21.606177,75.11,,46.55,2.134,9.9,7.11,2.79,28.0,0,NOMINAL
VEH_4823,25,2026-08-30T06:43:26.606177,64.75,,45.8,2.304,9.94,7.5,2.44,29.5,0,NOMINAL
VEH_4823,26,2026-08-30T06:44:31.606177,70.17,43.85,46.8,3.449,15.78,13.11,2.67,31.0,2,DOWNSTREAM_GEOMETRY_MISALIGNMENT
VEH_4823,27,2026-08-30T06:45:36.606177,77.2,41.09,47.62,3.305,16.95,13.89,3.06,28.0,2,DOWNSTREAM_GEOMETRY_MISALIGNMENT
VEH_4823,28,2026-08-30T06:46:41.606177,72.95,,46.97,2.49,9.67,7.04,2.63,29.5,0,NOMINAL
VEH_4823,29,2026-08-30T06:47:46.606177,73.19,,47.87,2.367,10.29,7.81,2.48,31.0,0,NOMINAL
VEH_4823,30,2026-08-30T06:48:51.606177,65.24,,48.84,2.48,11.34,8.2,3.14,28.0,0,NOMINAL
VEH_4824,1,2026-08-30T06:18:41.606177,67.68,41.09,35.73,1.518,17.33,17.21,0.12,34.3,0,NOMINAL
VEH_4824,2,2026-08-30T06:19:46.606177,71.25,41.82,36.04,1.556,18.32,18.09,0.23,34.6,0,NOMINAL
VEH_4824,3,2026-08-30T06:20:51.606177,71.2,,37.0,1.706,12.01,11.74,0.27,34.9,0,NOMINAL
VEH_4824,4,2026-08-30T06:21:56.606177,74.83,,37.27,1.674,12.92,12.61,0.31,35.2,0,NOMINAL
VEH_4824,5,2026-08-30T06:23:01.606177,65.18,,38.8,1.401,13.61,13.1,0.51,35.5,0,NOMINAL
VEH_4824,6,2026-08-30T06:24:06.606177,68.15,,38.55,1.585,12.01,11.58,0.43,35.8,0,NOMINAL
VEH_4824,7,2026-08-30T06:25:11.606177,70.66,41.66,40.22,1.653,17.89,17.29,0.6,36.1,0,NOMINAL
VEH_4824,8,2026-08-30T06:26:16.606177,72.28,40.88,40.04,1.527,18.58,18.17,0.41,36.4,0,NOMINAL
VEH_4824,9,2026-08-30T06:27:21.606177,72.77,,39.86,1.816,12.22,11.81,0.41,36.7,0,NOMINAL
VEH_4824,10,2026-08-30T06:28:26.606177,67.8,,41.85,1.624,13.12,12.3,0.82,37.0,0,NOMINAL
VEH_4824,11,2026-08-30T06:29:31.606177,66.65,,40.44,1.829,13.89,12.78,1.11,48.0,0,NOMINAL
VEH_4824,12,2026-08-30T06:30:36.606177,69.47,,40.63,2.085,11.25,10.16,1.09,48.0,0,NOMINAL
VEH_4824,13,2026-08-30T06:31:41.606177,72.69,,40.85,1.699,11.57,11.14,0.43,38.0,0,NOMINAL
VEH_4824,14,2026-08-30T06:32:46.606177,86.94,51.39,47.62,4.743,21.1,18.24,2.86,38.2,1,CALIBRATION_DRIFT_S14
VEH_4824,15,2026-08-30T06:33:51.606177,64.67,,41.78,1.726,13.26,12.7,0.56,38.0,0,NOMINAL
VEH_4824,16,2026-08-30T06:34:56.606177,64.96,,43.02,1.918,10.76,10.08,0.68,38.0,0,NOMINAL
VEH_4824,17,2026-08-30T06:36:01.606177,68.12,,42.78,1.718,13.58,11.06,2.52,60.0,0,NOMINAL
VEH_4824,18,2026-08-30T06:37:06.606177,72.93,,43.81,1.974,12.92,12.04,0.88,38.0,0,NOMINAL
VEH_4824,19,2026-08-30T06:38:11.606177,75.65,,44.54,1.866,11.49,9.21,2.28,29.5,0,NOMINAL
VEH_4824,20,2026-08-30T06:39:16.606177,66.43,,44.64,2.001,8.89,6.8,2.09,31.0,0,NOMINAL
VEH_4824,21,2026-08-30T06:40:21.606177,71.55,,44.66,3.21,10.21,7.58,2.63,28.0,2,DOWNSTREAM_GEOMETRY_MISALIGNMENT
VEH_4824,22,2026-08-30T06:41:26.606177,72.15,,44.96,2.776,10.74,8.36,2.38,29.5,2,DOWNSTREAM_GEOMETRY_MISALIGNMENT
VEH_4824,23,2026-08-30T06:42:31.606177,72.37,,43.36,2.182,10.99,9.14,1.85,31.0,0,NOMINAL
VEH_4824,24,2026-08-30T06:43:36.606177,73.73,,46.43,2.309,9.84,7.11,2.73,28.0,0,NOMINAL
VEH_4824,25,2026-08-30T06:44:41.606177,66.3,,45.87,2.13,10.0,7.5,2.5,29.5,0,NOMINAL
VEH_4824,26,2026-08-30T06:45:46.606177,73.01,40.51,45.79,2.714,15.33,13.11,2.22,31.0,2,DOWNSTREAM_GEOMETRY_MISALIGNMENT
VEH_4824,27,2026-08-30T06:46:51.606177,74.19,42.05,46.96,3.428,16.87,13.89,2.98,28.0,2,DOWNSTREAM_GEOMETRY_MISALIGNMENT
VEH_4824,28,2026-08-30T06:47:56.606177,73.31,,48.2,2.151,9.86,7.04,2.82,29.5,0,NOMINAL
VEH_4824,29,2026-08-30T06:49:01.606177,74.86,,47.79,2.303,10.33,7.81,2.52,31.0,0,NOMINAL
VEH_4824,30,2026-08-30T06:50:06.606177,64.14,,47.89,2.423,11.16,8.2,2.96,28.0,0,NOMINAL
VEH_4825,1,2026-08-30T06:19:56.606177,67.57,38.47,36.31,1.345,17.21,17.21,0.0,34.3,0,NOMINAL
VEH_4825,2,2026-08-30T06:21:01.606177,68.97,38.6,37.18,1.378,18.09,18.09,0.0,34.6,0,NOMINAL
VEH_4825,3,2026-08-30T06:22:06.606177,71.33,,38.25,1.558,12.2,11.74,0.46,34.9,0,NOMINAL
VEH_4825,4,2026-08-30T06:23:11.606177,74.85,,39.31,1.585,13.22,12.61,0.61,35.2,0,NOMINAL
VEH_4825,5,2026-08-30T06:24:16.606177,67.21,,37.66,1.379,13.5,13.1,0.4,35.5,0,NOMINAL
VEH_4825,6,2026-08-30T06:25:21.606177,69.52,,39.03,1.437,12.13,11.58,0.55,35.8,0,NOMINAL
VEH_4825,7,2026-08-30T06:26:26.606177,67.92,37.8,39.29,1.514,17.29,17.29,0.0,36.1,0,NOMINAL
VEH_4825,8,2026-08-30T06:27:31.606177,73.61,38.88,38.43,1.445,18.17,18.17,0.0,36.4,0,NOMINAL
VEH_4825,9,2026-08-30T06:28:36.606177,74.56,,40.61,1.709,12.38,11.81,0.57,36.7,0,NOMINAL
VEH_4825,10,2026-08-30T06:29:41.606177,65.17,,39.4,1.751,12.67,12.3,0.37,37.0,0,NOMINAL
VEH_4825,11,2026-08-30T06:30:46.606177,70.0,,40.76,1.676,13.94,12.78,1.16,48.0,0,NOMINAL
VEH_4825,12,2026-08-30T06:31:51.606177,71.49,,40.5,2.053,11.33,10.16,1.17,48.0,0,NOMINAL
VEH_4825,13,2026-08-30T06:32:56.606177,72.64,,41.3,2.008,11.64,11.14,0.5,38.0,0,NOMINAL
VEH_4825,14,2026-08-30T06:34:01.606177,88.85,51.36,49.02,5.362,21.37,18.24,3.13,38.2,1,CALIBRATION_DRIFT_S14
VEH_4825,15,2026-08-30T06:35:06.606177,63.0,,41.83,1.893,13.22,12.7,0.52,38.0,0,NOMINAL
VEH_4825,16,2026-08-30T06:36:11.606177,70.42,,42.13,1.429,10.79,10.08,0.71,38.0,0,NOMINAL
VEH_4825,17,2026-08-30T06:37:16.606177,71.41,,43.62,1.952,13.56,11.06,2.5,60.0,0,NOMINAL
VEH_4825,18,2026-08-30T06:38:21.606177,74.07,,43.44,1.884,12.9,12.04,0.86,38.0,0,NOMINAL
VEH_4825,19,2026-08-30T06:39:26.606177,73.79,,43.61,1.931,11.29,9.21,2.08,29.5,0,NOMINAL
VEH_4825,20,2026-08-30T06:40:31.606177,64.55,,45.24,1.793,8.93,6.8,2.13,31.0,0,NOMINAL
VEH_4825,21,2026-08-30T06:41:36.606177,71.75,,43.81,2.997,10.08,7.58,2.5,28.0,2,DOWNSTREAM_GEOMETRY_MISALIGNMENT
VEH_4825,22,2026-08-30T06:42:41.606177,73.05,,45.46,2.715,10.85,8.36,2.49,29.5,2,DOWNSTREAM_GEOMETRY_MISALIGNMENT
VEH_4825,23,2026-08-30T06:43:46.606177,73.93,,45.9,2.05,11.42,9.14,2.28,31.0,0,NOMINAL
VEH_4825,24,2026-08-30T06:44:51.606177,76.47,,46.88,2.218,9.99,7.11,2.88,28.0,0,NOMINAL
VEH_4825,25,2026-08-30T06:45:56.606177,66.4,,46.74,2.297,10.13,7.5,2.63,29.5,0,NOMINAL
VEH_4825,26,2026-08-30T06:47:01.606177,72.55,40.04,47.24,2.52,15.48,13.11,2.37,31.0,2,DOWNSTREAM_GEOMETRY_MISALIGNMENT
VEH_4825,27,2026-08-30T06:48:06.606177,75.12,40.55,47.85,3.245,16.86,13.89,2.97,28.0,2,DOWNSTREAM_GEOMETRY_MISALIGNMENT
VEH_4825,28,2026-08-30T06:49:11.606177,71.9,,47.35,2.226,9.7,7.04,2.66,29.5,0,NOMINAL
VEH_4825,29,2026-08-30T06:50:16.606177,74.04,,47.51,2.119,10.26,7.81,2.45,31.0,0,NOMINAL
VEH_4825,30,2026-08-30T06:51:21.606177,64.91,,48.28,1.813,11.24,8.2,3.04,28.0,0,NOMINAL
VEH_4826,1,2026-08-30T06:21:11.606177,67.12,41.84,37.2,1.495,17.62,17.21,0.41,34.3,0,NOMINAL
VEH_4826,2,2026-08-30T06:22:16.606177,70.21,44.91,38.14,1.607,18.96,18.09,0.87,34.6,0,NOMINAL
VEH_4826,3,2026-08-30T06:23:21.606177,71.2,,37.19,1.437,12.04,11.74,0.3,34.9,0,NOMINAL
VEH_4826,4,2026-08-30T06:24:26.606177,74.05,,37.76,1.34,12.97,12.61,0.36,35.2,0,NOMINAL
VEH_4826,5,2026-08-30T06:25:31.606177,64.53,,38.1,1.337,13.48,13.1,0.38,35.5,0,NOMINAL
VEH_4826,6,2026-08-30T06:26:36.606177,69.49,,39.4,1.931,12.18,11.58,0.6,35.8,0,NOMINAL
VEH_4826,7,2026-08-30T06:27:41.606177,69.08,44.03,39.15,1.554,17.95,17.29,0.66,36.1,0,NOMINAL
VEH_4826,8,2026-08-30T06:28:46.606177,71.75,42.29,40.02,1.927,18.72,18.17,0.55,36.4,0,NOMINAL
VEH_4826,9,2026-08-30T06:29:51.606177,76.26,,39.42,1.911,12.26,11.81,0.45,36.7,0,NOMINAL
VEH_4826,10,2026-08-30T06:30:56.606177,66.49,,42.45,1.676,13.17,12.3,0.87,37.0,0,NOMINAL
VEH_4826,11,2026-08-30T06:32:01.606177,66.23,,41.35,2.072,13.74,12.78,0.96,48.0,0,NOMINAL
VEH_4826,12,2026-08-30T06:33:06.606177,69.97,,41.44,1.943,11.14,10.16,0.98,48.0,0,NOMINAL
VEH_4826,13,2026-08-30T06:34:11.606177,72.28,,41.07,1.712,11.59,11.14,0.45,38.0,0,NOMINAL
VEH_4826,14,2026-08-30T06:35:16.606177,73.84,43.61,42.29,1.967,19.0,18.24,0.76,38.2,0,NOMINAL
VEH_4826,15,2026-08-30T06:36:21.606177,66.21,,42.86,2.04,13.47,12.7,0.77,38.0,0,NOMINAL
VEH_4826,16,2026-08-30T06:37:26.606177,67.3,,43.09,2.074,10.84,10.08,0.76,38.0,0,NOMINAL
VEH_4826,17,2026-08-30T06:38:31.606177,69.38,,43.86,2.073,13.46,11.06,2.4,60.0,0,NOMINAL
VEH_4826,18,2026-08-30T06:39:36.606177,72.92,,42.63,2.262,12.74,12.04,0.7,38.0,0,NOMINAL
VEH_4826,19,2026-08-30T06:40:41.606177,76.72,,44.09,2.219,11.45,9.21,2.24,29.5,0,NOMINAL
VEH_4826,20,2026-08-30T06:41:46.606177,62.89,,44.21,2.347,8.72,6.8,1.92,31.0,0,NOMINAL
VEH_4826,21,2026-08-30T06:42:51.606177,66.33,,44.81,2.175,10.07,7.58,2.49,28.0,0,NOMINAL
VEH_4826,22,2026-08-30T06:43:56.606177,71.27,,44.57,2.571,10.66,8.36,2.3,29.5,0,NOMINAL
VEH_4826,23,2026-08-30T06:45:01.606177,69.77,,44.57,2.134,11.09,9.14,1.95,31.0,0,NOMINAL
VEH_4826,24,2026-08-30T06:46:06.606177,75.49,,45.47,2.147,9.75,7.11,2.64,28.0,0,NOMINAL
VEH_4826,25,2026-08-30T06:47:11.606177,63.99,,45.94,2.27,9.94,7.5,2.44,29.5,0,NOMINAL
VEH_4826,26,2026-08-30T06:48:16.606177,67.59,43.01,45.88,2.419,15.46,13.11,2.35,31.0,0,NOMINAL
VEH_4826,27,2026-08-30T06:49:21.606177,69.51,43.45,46.88,2.282,16.87,13.89,2.98,28.0,0,NOMINAL
VEH_4826,28,2026-08-30T06:50:26.606177,70.27,,46.68,2.44,9.54,7.04,2.5,29.5,0,NOMINAL
VEH_4826,29,2026-08-30T06:51:31.606177,75.19,,48.63,2.339,10.46,7.81,2.65,31.0,0,NOMINAL
VEH_4826,30,2026-08-30T06:52:36.606177,66.12,,46.77,2.499,11.05,8.2,2.85,28.0,0,NOMINAL
VEH_4827,1,2026-08-30T06:22:26.606177,63.49,43.13,35.58,1.37,17.41,17.21,0.2,34.3,0,NOMINAL
VEH_4827,2,2026-08-30T06:23:31.606177,68.78,42.31,38.31,1.31,18.64,18.09,0.55,34.6,0,NOMINAL
VEH_4827,3,2026-08-30T06:24:36.606177,74.19,,38.06,1.816,12.26,11.74,0.52,34.9,0,NOMINAL
VEH_4827,4,2026-08-30T06:25:41.606177,75.43,,36.73,1.8,12.86,12.61,0.25,35.2,0,NOMINAL
VEH_4827,5,2026-08-30T06:26:46.606177,63.08,,38.06,1.415,13.43,13.1,0.33,35.5,0,NOMINAL
VEH_4827,6,2026-08-30T06:27:51.606177,67.18,,37.7,1.605,11.86,11.58,0.28,35.8,0,NOMINAL
VEH_4827,7,2026-08-30T06:28:56.606177,69.02,42.13,38.96,1.794,17.7,17.29,0.41,36.1,0,NOMINAL
VEH_4827,8,2026-08-30T06:30:01.606177,72.46,42.2,39.39,1.75,18.64,18.17,0.47,36.4,0,NOMINAL
VEH_4827,9,2026-08-30T06:31:06.606177,74.95,,40.33,1.862,12.36,11.81,0.55,36.7,0,NOMINAL
VEH_4827,10,2026-08-30T06:32:11.606177,65.19,,41.29,2.018,12.95,12.3,0.65,37.0,0,NOMINAL
VEH_4827,11,2026-08-30T06:33:16.606177,65.77,,41.16,1.763,13.75,12.78,0.97,48.0,0,NOMINAL
VEH_4827,12,2026-08-30T06:34:21.606177,68.0,,42.23,1.805,10.96,10.16,0.8,48.0,0,NOMINAL
VEH_4827,13,2026-08-30T06:35:26.606177,73.19,,41.42,1.917,11.67,11.14,0.53,38.0,0,NOMINAL
VEH_4827,14,2026-08-30T06:36:31.606177,76.27,42.11,44.15,1.854,19.19,18.24,0.95,38.2,0,NOMINAL
VEH_4827,15,2026-08-30T06:37:36.606177,65.73,,42.71,1.956,13.43,12.7,0.73,38.0,0,NOMINAL
VEH_4827,16,2026-08-30T06:38:41.606177,68.61,,43.57,1.755,10.95,10.08,0.87,38.0,0,NOMINAL
VEH_4827,17,2026-08-30T06:39:46.606177,70.86,,43.1,2.148,13.62,11.06,2.56,60.0,0,NOMINAL
VEH_4827,18,2026-08-30T06:40:51.606177,73.84,,43.71,2.008,12.93,12.04,0.89,38.0,0,NOMINAL
VEH_4827,19,2026-08-30T06:41:56.606177,74.68,,43.5,1.926,11.3,9.21,2.09,29.5,0,NOMINAL
VEH_4827,20,2026-08-30T06:43:01.606177,65.6,,45.24,1.998,8.96,6.8,2.16,31.0,0,NOMINAL
VEH_4827,21,2026-08-30T06:44:06.606177,68.64,,46.29,2.245,10.36,7.58,2.78,28.0,0,NOMINAL
VEH_4827,22,2026-08-30T06:45:11.606177,70.07,,44.19,2.19,10.56,8.36,2.2,29.5,0,NOMINAL
VEH_4827,23,2026-08-30T06:46:16.606177,70.99,,45.93,2.059,11.33,9.14,2.19,31.0,0,NOMINAL
VEH_4827,24,2026-08-30T06:47:21.606177,75.25,,45.67,2.452,9.77,7.11,2.66,28.0,0,NOMINAL
VEH_4827,25,2026-08-30T06:48:26.606177,66.19,,46.7,2.45,10.12,7.5,2.62,29.5,0,NOMINAL
VEH_4827,26,2026-08-30T06:49:31.606177,66.16,43.98,46.65,2.554,15.65,13.11,2.54,31.0,0,NOMINAL
VEH_4827,27,2026-08-30T06:50:36.606177,70.89,41.61,46.67,2.454,16.67,13.89,2.78,28.0,0,NOMINAL
VEH_4827,28,2026-08-30T06:51:41.606177,74.18,,47.12,2.677,9.73,7.04,2.69,29.5,0,NOMINAL
VEH_4827,29,2026-08-30T06:52:46.606177,76.37,,49.4,2.38,10.61,7.81,2.8,31.0,0,NOMINAL
VEH_4827,30,2026-08-30T06:53:51.606177,64.34,,48.79,2.674,11.3,8.2,3.1,28.0,0,NOMINAL
VEH_4828,1,2026-08-30T06:23:41.606177,67.28,41.03,37.56,1.318,17.58,17.21,0.37,34.3,0,NOMINAL
VEH_4828,2,2026-08-30T06:24:46.606177,71.99,39.09,36.11,1.376,18.09,18.09,0.0,34.6,0,NOMINAL
VEH_4828,3,2026-08-30T06:25:51.606177,73.19,,37.21,1.648,12.1,11.74,0.36,34.9,0,NOMINAL
VEH_4828,4,2026-08-30T06:26:56.606177,75.06,,37.83,1.711,13.01,12.61,0.4,35.2,0,NOMINAL
VEH_4828,5,2026-08-30T06:28:01.606177,64.02,,38.26,1.339,13.49,13.1,0.39,35.5,0,NOMINAL
VEH_4828,6,2026-08-30T06:29:06.606177,65.27,,38.31,1.486,11.89,11.58,0.31,35.8,0,NOMINAL
VEH_4828,7,2026-08-30T06:30:11.606177,70.68,39.92,39.68,1.575,17.61,17.29,0.32,36.1,0,NOMINAL
VEH_4828,8,2026-08-30T06:31:16.606177,72.26,39.31,38.94,1.663,18.23,18.17,0.06,36.4,0,NOMINAL
VEH_4828,9,2026-08-30T06:32:21.606177,74.61,,38.86,1.812,12.12,11.81,0.31,36.7,0,NOMINAL
VEH_4828,10,2026-08-30T06:33:26.606177,65.27,,39.53,1.86,12.69,12.3,0.39,37.0,0,NOMINAL
VEH_4828,11,2026-08-30T06:34:31.606177,65.73,,39.6,1.894,13.99,12.78,1.21,48.0,0,NOMINAL
VEH_4828,12,2026-08-30T06:35:36.606177,68.87,,40.7,1.839,11.22,10.16,1.06,48.0,0,NOMINAL
VEH_4828,13,2026-08-30T06:36:41.606177,71.82,,43.22,1.629,11.9,11.14,0.76,38.0,0,NOMINAL
VEH_4828,14,2026-08-30T06:37:46.606177,75.67,41.25,41.31,1.947,18.64,18.24,0.4,38.2,0,NOMINAL
VEH_4828,15,2026-08-30T06:38:51.606177,63.09,,43.48,1.793,13.47,12.7,0.77,38.0,0,NOMINAL
VEH_4828,16,2026-08-30T06:39:56.606177,68.44,,42.15,1.746,10.73,10.08,0.65,38.0,0,NOMINAL
VEH_4828,17,2026-08-30T06:41:01.606177,71.19,,44.18,1.956,13.47,11.06,2.41,60.0,0,NOMINAL
VEH_4828,18,2026-08-30T06:42:06.606177,72.67,,43.29,1.922,12.83,12.04,0.79,38.0,0,NOMINAL
VEH_4828,19,2026-08-30T06:43:11.606177,74.53,,43.79,1.915,11.34,9.21,2.13,29.5,0,NOMINAL
VEH_4828,20,2026-08-30T06:44:16.606177,63.36,,45.94,2.024,8.99,6.8,2.19,31.0,0,NOMINAL
VEH_4828,21,2026-08-30T06:45:21.606177,68.96,,45.24,2.038,10.21,7.58,2.63,28.0,0,NOMINAL
VEH_4828,22,2026-08-30T06:46:26.606177,69.11,,44.87,1.959,10.64,8.36,2.28,29.5,0,NOMINAL
VEH_4828,23,2026-08-30T06:47:31.606177,74.81,,44.69,1.974,11.26,9.14,2.12,31.0,0,NOMINAL
VEH_4828,24,2026-08-30T06:48:36.606177,76.66,,45.42,1.975,9.78,7.11,2.67,28.0,0,NOMINAL
VEH_4828,25,2026-08-30T06:49:41.606177,65.99,,46.41,2.226,10.07,7.5,2.57,29.5,0,NOMINAL
VEH_4828,26,2026-08-30T06:50:46.606177,68.04,40.68,47.63,2.071,15.47,13.11,2.36,31.0,0,NOMINAL
VEH_4828,27,2026-08-30T06:51:51.606177,68.91,39.87,46.95,2.282,16.45,13.89,2.56,28.0,0,NOMINAL
VEH_4828,28,2026-08-30T06:52:56.606177,75.5,,47.01,2.373,9.75,7.04,2.71,29.5,0,NOMINAL
VEH_4828,29,2026-08-30T06:54:01.606177,74.53,,47.73,2.08,10.31,7.81,2.5,31.0,0,NOMINAL
VEH_4828,30,2026-08-30T06:55:06.606177,65.86,,48.07,2.281,11.24,8.2,3.04,28.0,0,NOMINAL
VEH_4829,1,2026-08-30T06:24:56.606177,67.37,39.79,37.46,1.36,17.43,17.21,0.22,34.3,0,NOMINAL
VEH_4829,2,2026-08-30T06:26:01.606177,70.21,41.45,38.3,1.69,18.59,18.09,0.5,34.6,0,NOMINAL
VEH_4829,3,2026-08-30T06:27:06.606177,71.99,,37.63,1.561,12.13,11.74,0.39,34.9,0,NOMINAL
VEH_4829,4,2026-08-30T06:28:11.606177,75.65,,38.7,1.377,13.16,12.61,0.55,35.2,0,NOMINAL
VEH_4829,5,2026-08-30T06:29:16.606177,67.03,,38.04,1.276,13.55,13.1,0.45,35.5,0,NOMINAL
VEH_4829,6,2026-08-30T06:30:21.606177,67.32,,39.35,1.906,12.11,11.58,0.53,35.8,0,NOMINAL
VEH_4829,7,2026-08-30T06:31:26.606177,69.66,40.94,38.7,1.506,17.55,17.29,0.26,36.1,0,NOMINAL
VEH_4829,8,2026-08-30T06:32:31.606177,71.29,41.57,39.07,1.632,18.48,18.17,0.31,36.4,0,NOMINAL
VEH_4829,9,2026-08-30T06:33:36.606177,74.55,,40.71,1.915,12.4,11.81,0.59,36.7,0,NOMINAL
VEH_4829,10,2026-08-30T06:34:41.606177,64.89,,40.44,1.547,12.82,12.3,0.52,37.0,0,NOMINAL
VEH_4829,11,2026-08-30T06:35:46.606177,67.63,,40.43,1.782,13.92,12.78,1.14,48.0,0,NOMINAL
VEH_4829,12,2026-08-30T06:36:51.606177,69.19,,40.99,1.692,11.18,10.16,1.02,48.0,0,NOMINAL
VEH_4829,13,2026-08-30T06:37:56.606177,69.61,,41.69,2.001,11.6,11.14,0.46,38.0,0,NOMINAL
VEH_4829,14,2026-08-30T06:39:01.606177,76.49,41.03,41.68,1.734,18.7,18.24,0.46,38.2,0,NOMINAL
VEH_4829,15,2026-08-30T06:40:06.606177,66.46,,42.94,1.993,13.49,12.7,0.79,38.0,0,NOMINAL
VEH_4829,16,2026-08-30T06:41:11.606177,66.94,,42.21,2.321,10.7,10.08,0.62,38.0,0,NOMINAL
VEH_4829,17,2026-08-30T06:42:16.606177,70.15,,42.44,1.69,13.7,11.06,2.64,60.0,0,NOMINAL
VEH_4829,18,2026-08-30T06:43:21.606177,72.63,,44.29,2.119,12.98,12.04,0.94,38.0,0,NOMINAL
VEH_4829,19,2026-08-30T06:44:26.606177,73.89,,44.55,1.845,11.44,9.21,2.23,29.5,0,NOMINAL
VEH_4829,20,2026-08-30T06:45:31.606177,66.33,,44.43,1.989,8.86,6.8,2.06,31.0,0,NOMINAL
VEH_4829,21,2026-08-30T06:46:36.606177,68.42,,44.21,2.198,10.04,7.58,2.46,28.0,0,NOMINAL
VEH_4829,22,2026-08-30T06:47:41.606177,69.02,,44.67,2.137,10.6,8.36,2.24,29.5,0,NOMINAL
VEH_4829,23,2026-08-30T06:48:46.606177,73.54,,46.43,2.139,11.48,9.14,2.34,31.0,0,NOMINAL
VEH_4829,24,2026-08-30T06:49:51.606177,75.2,,45.88,2.149,9.8,7.11,2.69,28.0,0,NOMINAL
VEH_4829,25,2026-08-30T06:50:56.606177,65.78,,44.89,2.311,9.84,7.5,2.34,29.5,0,NOMINAL
VEH_4829,26,2026-08-30T06:52:01.606177,66.65,40.87,47.58,2.161,15.44,13.11,2.33,31.0,0,NOMINAL
VEH_4829,27,2026-08-30T06:53:06.606177,67.94,40.73,47.44,2.223,16.59,13.89,2.7,28.0,0,NOMINAL
VEH_4829,28,2026-08-30T06:54:11.606177,71.16,,47.03,2.249,9.62,7.04,2.58,29.5,0,NOMINAL
VEH_4829,29,2026-08-30T06:55:16.606177,73.92,,46.26,2.302,10.07,7.81,2.26,31.0,0,NOMINAL
VEH_4829,30,2026-08-30T06:56:21.606177,67.03,,49.42,2.19,11.48,8.2,3.28,28.0,0,NOMINAL
VEH_4830,1,2026-08-30T06:26:11.606177,68.05,45.48,35.95,1.38,17.87,17.21,0.66,34.3,0,NOMINAL
VEH_4830,2,2026-08-30T06:27:16.606177,69.8,43.16,36.49,1.168,18.5,18.09,0.41,34.6,0,NOMINAL
VEH_4830,3,2026-08-30T06:28:21.606177,72.21,,37.42,1.677,12.11,11.74,0.37,34.9,0,NOMINAL
VEH_4830,4,2026-08-30T06:29:26.606177,75.06,,38.13,1.83,13.05,12.61,0.44,35.2,0,NOMINAL
VEH_4830,5,2026-08-30T06:30:31.606177,65.01,,37.98,1.92,13.48,13.1,0.38,35.5,0,NOMINAL
VEH_4830,6,2026-08-30T06:31:36.606177,66.38,,39.31,1.945,12.07,11.58,0.49,35.8,0,NOMINAL
VEH_4830,7,2026-08-30T06:32:41.606177,69.76,43.25,40.45,1.589,18.08,17.29,0.79,36.1,0,NOMINAL
VEH_4830,8,2026-08-30T06:33:46.606177,71.37,44.55,39.01,1.695,18.82,18.17,0.65,36.4,0,NOMINAL
VEH_4830,9,2026-08-30T06:34:51.606177,76.27,,40.24,1.726,12.38,11.81,0.57,36.7,0,NOMINAL
VEH_4830,10,2026-08-30T06:35:56.606177,65.04,,41.38,1.787,12.96,12.3,0.66,37.0,0,NOMINAL
VEH_4830,11,2026-08-30T06:37:01.606177,70.3,,41.34,2.113,13.87,12.78,1.09,48.0,0,NOMINAL
VEH_4830,12,2026-08-30T06:38:06.606177,71.86,,39.12,2.018,11.55,10.16,1.39,48.0,0,NOMINAL
VEH_4830,13,2026-08-30T06:39:11.606177,73.15,,43.15,2.078,11.93,11.14,0.79,38.0,0,NOMINAL
VEH_4830,14,2026-08-30T06:40:16.606177,76.37,45.66,42.33,2.071,19.32,18.24,1.08,38.2,0,NOMINAL
VEH_4830,15,2026-08-30T06:41:21.606177,65.55,,42.25,2.121,13.36,12.7,0.66,38.0,0,NOMINAL
VEH_4830,16,2026-08-30T06:42:26.606177,69.81,,43.48,2.466,10.97,10.08,0.89,38.0,0,NOMINAL
VEH_4830,17,2026-08-30T06:43:31.606177,68.93,,43.71,1.748,13.47,11.06,2.41,60.0,0,NOMINAL
VEH_4830,18,2026-08-30T06:44:36.606177,69.74,,41.57,2.205,12.49,12.04,0.45,38.0,0,NOMINAL
VEH_4830,19,2026-08-30T06:45:41.606177,74.13,,43.82,2.306,11.33,9.21,2.12,29.5,0,NOMINAL
VEH_4830,20,2026-08-30T06:46:46.606177,65.29,,43.78,2.128,8.73,6.8,1.93,31.0,0,NOMINAL
VEH_4830,21,2026-08-30T06:47:51.606177,65.79,,45.05,1.99,10.09,7.58,2.51,28.0,0,NOMINAL
VEH_4830,22,2026-08-30T06:48:56.606177,70.3,,44.11,2.166,10.56,8.36,2.2,29.5,0,NOMINAL
VEH_4830,23,2026-08-30T06:50:01.606177,71.57,,45.3,2.552,11.25,9.14,2.11,31.0,0,NOMINAL
VEH_4830,24,2026-08-30T06:51:06.606177,76.94,,45.7,2.054,9.83,7.11,2.72,28.0,0,NOMINAL
VEH_4830,25,2026-08-30T06:52:11.606177,63.89,,47.24,2.129,10.13,7.5,2.63,29.5,0,NOMINAL
VEH_4830,26,2026-08-30T06:53:16.606177,68.02,42.82,48.93,2.372,15.91,13.11,2.8,31.0,0,NOMINAL
VEH_4830,27,2026-08-30T06:54:21.606177,70.13,45.75,45.99,2.395,17.02,13.89,3.13,28.0,0,NOMINAL
VEH_4830,28,2026-08-30T06:55:26.606177,72.35,,48.47,2.488,9.88,7.04,2.84,29.5,0,NOMINAL
VEH_4830,29,2026-08-30T06:56:31.606177,75.13,,48.52,2.328,10.44,7.81,2.63,31.0,0,NOMINAL
VEH_4830,30,2026-08-30T06:57:36.606177,62.9,,49.1,2.595,11.3,8.2,3.1,28.0,0,NOMINAL
VEH_4831,1,2026-08-30T06:27:26.606177,69.08,42.59,36.43,1.536,17.65,17.21,0.44,34.3,0,NOMINAL
VEH_4831,2,2026-08-30T06:28:31.606177,69.26,45.12,38.94,1.472,19.08,18.09,0.99,34.6,0,NOMINAL
VEH_4831,3,2026-08-30T06:29:36.606177,72.19,,37.88,1.51,12.17,11.74,0.43,34.9,0,NOMINAL
VEH_4831,4,2026-08-30T06:30:41.606177,74.91,,37.7,1.652,12.99,12.61,0.38,35.2,0,NOMINAL
VEH_4831,5,2026-08-30T06:31:46.606177,63.84,,39.24,1.717,13.63,13.1,0.53,35.5,0,NOMINAL
VEH_4831,6,2026-08-30T06:32:51.606177,67.55,,39.27,1.957,12.1,11.58,0.52,35.8,0,NOMINAL
VEH_4831,7,2026-08-30T06:33:56.606177,71.2,41.22,36.87,1.776,17.35,17.29,0.06,36.1,0,NOMINAL
VEH_4831,8,2026-08-30T06:35:01.606177,71.08,44.9,39.84,1.656,18.97,18.17,0.8,36.4,0,NOMINAL
VEH_4831,9,2026-08-30T06:36:06.606177,74.91,,38.61,1.69,12.1,11.81,0.29,36.7,0,NOMINAL
VEH_4831,10,2026-08-30T06:37:11.606177,64.23,,43.31,1.888,13.23,12.3,0.93,37.0,0,NOMINAL
VEH_4831,11,2026-08-30T06:38:16.606177,68.8,,41.04,1.675,13.87,12.78,1.09,48.0,0,NOMINAL
VEH_4831,12,2026-08-30T06:39:21.606177,70.55,,40.81,1.841,11.25,10.16,1.09,48.0,0,NOMINAL
VEH_4831,13,2026-08-30T06:40:26.606177,71.69,,42.28,1.86,11.75,11.14,0.61,38.0,0,NOMINAL
VEH_4831,14,2026-08-30T06:41:31.606177,74.6,41.95,42.21,1.897,18.83,18.24,0.59,38.2,0,NOMINAL
VEH_4831,15,2026-08-30T06:42:36.606177,65.82,,42.72,2.03,13.44,12.7,0.74,38.0,0,NOMINAL
VEH_4831,16,2026-08-30T06:43:41.606177,67.73,,42.03,1.91,10.69,10.08,0.61,38.0,0,NOMINAL
VEH_4831,17,2026-08-30T06:44:46.606177,71.58,,43.34,2.08,13.61,11.06,2.55,60.0,0,NOMINAL
VEH_4831,18,2026-08-30T06:45:51.606177,72.29,,43.09,2.091,12.79,12.04,0.75,38.0,0,NOMINAL
VEH_4831,19,2026-08-30T06:46:56.606177,76.24,,44.75,2.126,11.54,9.21,2.33,29.5,0,NOMINAL
VEH_4831,20,2026-08-30T06:48:01.606177,66.07,,44.64,2.034,8.88,6.8,2.08,31.0,0,NOMINAL
VEH_4831,21,2026-08-30T06:49:06.606177,67.32,,43.23,1.951,9.86,7.58,2.28,28.0,0,NOMINAL
VEH_4831,22,2026-08-30T06:50:11.606177,69.2,,45.91,2.31,10.8,8.36,2.44,29.5,0,NOMINAL
VEH_4831,23,2026-08-30T06:51:16.606177,71.83,,46.62,2.402,11.46,9.14,2.32,31.0,0,NOMINAL
VEH_4831,24,2026-08-30T06:52:21.606177,75.03,,45.7,2.306,9.77,7.11,2.66,28.0,0,NOMINAL
VEH_4831,25,2026-08-30T06:53:26.606177,64.71,,47.07,2.446,10.13,7.5,2.63,29.5,0,NOMINAL
VEH_4831,26,2026-08-30T06:54:31.606177,66.36,42.92,46.48,2.452,15.5,13.11,2.39,31.0,0,NOMINAL
VEH_4831,27,2026-08-30T06:55:36.606177,69.39,41.62,48.14,2.172,16.85,13.89,2.96,28.0,0,NOMINAL
VEH_4831,28,2026-08-30T06:56:41.606177,71.88,,46.36,1.98,9.55,7.04,2.51,29.5,0,NOMINAL
VEH_4831,29,2026-08-30T06:57:46.606177,74.66,,49.18,2.495,10.53,7.81,2.72,31.0,0,NOMINAL
VEH_4831,30,2026-08-30T06:58:51.606177,64.36,,48.39,2.51,11.24,8.2,3.04,28.0,0,NOMINAL
VEH_4832,1,2026-08-30T06:28:41.606177,69.09,41.01,37.03,1.751,17.56,17.21,0.35,34.3,0,NOMINAL
VEH_4832,2,2026-08-30T06:29:46.606177,68.99,39.87,36.83,1.659,18.15,18.09,0.06,34.6,0,NOMINAL
VEH_4832,3,2026-08-30T06:30:51.606177,74.08,,37.48,1.661,12.17,11.74,0.43,34.9,0,NOMINAL
VEH_4832,4,2026-08-30T06:31:56.606177,75.85,,40.15,1.609,13.38,12.61,0.77,35.2,0,NOMINAL
VEH_4832,5,2026-08-30T06:33:01.606177,62.81,,37.37,1.747,13.32,13.1,0.22,35.5,0,NOMINAL
VEH_4832,6,2026-08-30T06:34:06.606177,66.6,,38.41,1.642,11.94,11.58,0.36,35.8,0,NOMINAL
VEH_4832,7,2026-08-30T06:35:11.606177,68.97,40.11,39.22,1.467,17.51,17.29,0.22,36.1,0,NOMINAL
VEH_4832,8,2026-08-30T06:36:16.606177,71.67,41.52,39.73,1.635,18.58,18.17,0.41,36.4,0,NOMINAL
VEH_4832,9,2026-08-30T06:37:21.606177,75.48,,40.33,1.861,12.37,11.81,0.56,36.7,0,NOMINAL
VEH_4832,10,2026-08-30T06:38:26.606177,66.28,,40.12,1.731,12.81,12.3,0.51,37.0,0,NOMINAL
VEH_4832,11,2026-08-30T06:39:31.606177,67.39,,40.49,1.884,13.9,12.78,1.12,48.0,0,NOMINAL
VEH_4832,12,2026-08-30T06:40:36.606177,70.74,,40.44,1.681,11.32,10.16,1.16,48.0,0,NOMINAL
VEH_4832,13,2026-08-30T06:41:41.606177,71.13,,43.31,1.842,11.89,11.14,0.75,38.0,0,NOMINAL
VEH_4832,14,2026-08-30T06:42:46.606177,76.09,40.13,40.84,1.843,18.46,18.24,0.22,38.2,0,NOMINAL
VEH_4832,15,2026-08-30T06:43:51.606177,65.38,,42.43,1.9,13.38,12.7,0.68,38.0,0,NOMINAL
VEH_4832,16,2026-08-30T06:44:56.606177,67.65,,43.83,1.952,10.96,10.08,0.88,38.0,0,NOMINAL
VEH_4832,17,2026-08-30T06:46:01.606177,69.84,,43.55,1.905,13.52,11.06,2.46,60.0,0,NOMINAL
VEH_4832,18,2026-08-30T06:47:06.606177,73.69,,42.44,1.893,12.74,12.04,0.7,38.0,0,NOMINAL
VEH_4832,19,2026-08-30T06:48:11.606177,71.93,,44.06,2.226,11.3,9.21,2.09,29.5,0,NOMINAL
VEH_4832,20,2026-08-30T06:49:16.606177,66.8,,43.85,1.632,8.79,6.8,1.99,31.0,0,NOMINAL
VEH_4832,21,2026-08-30T06:50:21.606177,67.31,,44.18,1.942,10.0,7.58,2.42,28.0,0,NOMINAL
VEH_4832,22,2026-08-30T06:51:26.606177,70.68,,44.58,1.91,10.64,8.36,2.28,29.5,0,NOMINAL
VEH_4832,23,2026-08-30T06:52:31.606177,71.29,,44.2,2.246,11.08,9.14,1.94,31.0,0,NOMINAL
VEH_4832,24,2026-08-30T06:53:36.606177,73.42,,46.36,2.286,9.82,7.11,2.71,28.0,0,NOMINAL
VEH_4832,25,2026-08-30T06:54:41.606177,63.46,,47.09,2.173,10.1,7.5,2.6,29.5,0,NOMINAL
VEH_4832,26,2026-08-30T06:55:46.606177,70.59,40.3,46.16,2.103,15.29,13.11,2.18,31.0,0,NOMINAL
VEH_4832,27,2026-08-30T06:56:51.606177,68.29,42.45,47.39,2.435,16.8,13.89,2.91,28.0,0,NOMINAL
VEH_4832,28,2026-08-30T06:57:56.606177,71.78,,48.09,2.064,9.8,7.04,2.76,29.5,0,NOMINAL
VEH_4832,29,2026-08-30T06:59:01.606177,75.05,,49.03,2.184,10.52,7.81,2.71,31.0,0,NOMINAL
VEH_4832,30,2026-08-30T07:00:06.606177,66.31,,48.34,2.541,11.3,8.2,3.1,28.0,0,NOMINAL
VEH_4833,1,2026-08-30T06:29:56.606177,64.91,44.75,36.62,1.601,17.8,17.21,0.59,34.3,0,NOMINAL
VEH_4833,2,2026-08-30T06:31:01.606177,69.81,42.58,36.4,1.56,18.42,18.09,0.33,34.6,0,NOMINAL
VEH_4833,3,2026-08-30T06:32:06.606177,73.0,,37.03,1.409,12.07,11.74,0.33,34.9,0,NOMINAL
VEH_4833,4,2026-08-30T06:33:11.606177,75.53,,38.76,1.473,13.16,12.61,0.55,35.2,0,NOMINAL
VEH_4833,5,2026-08-30T06:34:16.606177,65.49,,38.14,1.56,13.51,13.1,0.41,35.5,0,NOMINAL
VEH_4833,6,2026-08-30T06:35:21.606177,67.48,,38.69,1.676,12.01,11.58,0.43,35.8,0,NOMINAL
VEH_4833,7,2026-08-30T06:36:26.606177,69.82,43.15,38.46,1.524,17.77,17.29,0.48,36.1,0,NOMINAL
VEH_4833,8,2026-08-30T06:37:31.606177,74.74,42.81,39.61,1.82,18.81,18.17,0.64,36.4,0,NOMINAL
VEH_4833,9,2026-08-30T06:38:36.606177,75.09,,40.53,1.792,12.39,11.81,0.58,36.7,0,NOMINAL
VEH_4833,10,2026-08-30T06:39:41.606177,65.62,,38.99,1.88,12.62,12.3,0.32,37.0,0,NOMINAL
VEH_4833,11,2026-08-30T06:40:46.606177,66.43,,40.92,1.639,13.81,12.78,1.03,48.0,0,NOMINAL
VEH_4833,12,2026-08-30T06:41:51.606177,69.92,,42.35,2.043,11.0,10.16,0.84,48.0,0,NOMINAL
VEH_4833,13,2026-08-30T06:42:56.606177,72.64,,40.07,1.908,11.45,11.14,0.31,38.0,0,NOMINAL
VEH_4833,14,2026-08-30T06:44:01.606177,75.66,43.31,42.74,2.17,19.09,18.24,0.85,38.2,0,NOMINAL
VEH_4833,15,2026-08-30T06:45:06.606177,67.03,,42.01,1.892,13.37,12.7,0.67,38.0,0,NOMINAL
VEH_4833,16,2026-08-30T06:46:11.606177,67.28,,44.36,2.019,11.03,10.08,0.95,38.0,0,NOMINAL
VEH_4833,17,2026-08-30T06:47:16.606177,69.04,,42.23,2.15,13.69,11.06,2.63,60.0,0,NOMINAL
VEH_4833,18,2026-08-30T06:48:21.606177,73.98,,44.25,2.391,13.02,12.04,0.98,38.0,0,NOMINAL
VEH_4833,19,2026-08-30T06:49:26.606177,75.04,,43.61,2.277,11.33,9.21,2.12,29.5,0,NOMINAL
VEH_4833,20,2026-08-30T06:50:31.606177,66.0,,44.71,2.091,8.89,6.8,2.09,31.0,0,NOMINAL
VEH_4833,21,2026-08-30T06:51:36.606177,67.41,,44.78,2.16,10.1,7.58,2.52,28.0,0,NOMINAL
VEH_4833,22,2026-08-30T06:52:41.606177,69.28,,44.6,2.29,10.6,8.36,2.24,29.5,0,NOMINAL
VEH_4833,23,2026-08-30T06:53:46.606177,72.71,,43.91,2.147,11.08,9.14,1.94,31.0,0,NOMINAL
VEH_4833,24,2026-08-30T06:54:51.606177,76.32,,46.48,2.164,9.93,7.11,2.82,28.0,0,NOMINAL
VEH_4833,25,2026-08-30T06:55:56.606177,64.64,,46.13,2.312,9.99,7.5,2.49,29.5,0,NOMINAL
VEH_4833,26,2026-08-30T06:57:01.606177,65.89,43.9,47.01,2.273,15.68,13.11,2.57,31.0,0,NOMINAL
VEH_4833,27,2026-08-30T06:58:06.606177,70.43,41.69,47.83,2.355,16.84,13.89,2.95,28.0,0,NOMINAL
VEH_4833,28,2026-08-30T06:59:11.606177,74.41,,48.02,2.152,9.87,7.04,2.83,29.5,0,NOMINAL
VEH_4833,29,2026-08-30T07:00:16.606177,75.31,,47.12,2.523,10.24,7.81,2.43,31.0,0,NOMINAL
VEH_4833,30,2026-08-30T07:01:21.606177,68.48,,48.05,2.609,11.32,8.2,3.12,28.0,0,NOMINAL
VEH_4834,1,2026-08-30T06:31:11.606177,66.59,41.18,37.07,1.401,17.5,17.21,0.29,34.3,0,NOMINAL
VEH_4834,2,2026-08-30T06:32:16.606177,71.91,40.61,38.94,1.58,18.64,18.09,0.55,34.6,0,NOMINAL
VEH_4834,3,2026-08-30T06:33:21.606177,74.12,,37.43,1.747,12.16,11.74,0.42,34.9,0,NOMINAL
VEH_4834,4,2026-08-30T06:34:26.606177,75.0,,37.77,1.821,13.0,12.61,0.39,35.2,0,NOMINAL
VEH_4834,5,2026-08-30T06:35:31.606177,63.92,,36.94,1.49,13.29,13.1,0.19,35.5,0,NOMINAL
VEH_4834,6,2026-08-30T06:36:36.606177,66.59,,39.17,1.671,12.06,11.58,0.48,35.8,0,NOMINAL
VEH_4834,7,2026-08-30T06:37:41.606177,69.08,41.36,39.51,1.598,17.7,17.29,0.41,36.1,0,NOMINAL
VEH_4834,8,2026-08-30T06:38:46.606177,71.91,41.09,40.16,1.828,18.61,18.17,0.44,36.4,0,NOMINAL
VEH_4834,9,2026-08-30T06:39:51.606177,74.71,,38.85,1.43,12.13,11.81,0.32,36.7,0,NOMINAL
VEH_4834,10,2026-08-30T06:40:56.606177,63.94,,41.48,1.698,12.94,12.3,0.64,37.0,0,NOMINAL
VEH_4834,11,2026-08-30T06:42:01.606177,65.54,,40.0,1.892,13.92,12.78,1.14,48.0,0,NOMINAL
VEH_4834,12,2026-08-30T06:43:06.606177,69.16,,41.73,1.85,11.07,10.16,0.91,48.0,0,NOMINAL
VEH_4834,13,2026-08-30T06:44:11.606177,72.26,,42.6,2.247,11.82,11.14,0.68,38.0,0,NOMINAL
VEH_4834,14,2026-08-30T06:45:16.606177,73.43,39.25,40.49,1.922,18.24,18.24,0.0,38.2,0,NOMINAL
VEH_4834,15,2026-08-30T06:46:21.606177,65.22,,41.31,1.834,13.21,12.7,0.51,38.0,0,NOMINAL
VEH_4834,16,2026-08-30T06:47:26.606177,69.6,,41.45,1.906,10.66,10.08,0.58,38.0,0,NOMINAL
VEH_4834,17,2026-08-30T06:48:31.606177,70.41,,42.59,1.983,13.68,11.06,2.62,60.0,0,NOMINAL
VEH_4834,18,2026-08-30T06:49:36.606177,71.73,,43.37,1.76,12.82,12.04,0.78,38.0,0,NOMINAL
VEH_4834,19,2026-08-30T06:50:41.606177,76.11,,42.76,2.111,11.24,9.21,2.03,29.5,0,NOMINAL
VEH_4834,20,2026-08-30T06:51:46.606177,64.64,,43.94,2.043,8.73,6.8,1.93,31.0,0,NOMINAL
VEH_4834,21,2026-08-30T06:52:51.606177,66.56,,45.61,2.031,10.19,7.58,2.61,28.0,0,NOMINAL
VEH_4834,22,2026-08-30T06:53:56.606177,70.91,,43.77,2.145,10.53,8.36,2.17,29.5,0,NOMINAL
VEH_4834,23,2026-08-30T06:55:01.606177,72.16,,45.43,2.096,11.29,9.14,2.15,31.0,0,NOMINAL
VEH_4834,24,2026-08-30T06:56:06.606177,78.16,,45.05,2.314,9.77,7.11,2.66,28.0,0,NOMINAL
VEH_4834,25,2026-08-30T06:57:11.606177,63.74,,46.28,2.33,9.98,7.5,2.48,29.5,0,NOMINAL
VEH_4834,26,2026-08-30T06:58:16.606177,69.07,42.08,45.8,2.33,15.39,13.11,2.28,31.0,0,NOMINAL
VEH_4834,27,2026-08-30T06:59:21.606177,69.85,41.04,48.15,2.212,16.79,13.89,2.9,28.0,0,NOMINAL
VEH_4834,28,2026-08-30T07:00:26.606177,73.08,,48.17,2.314,9.85,7.04,2.81,29.5,0,NOMINAL
VEH_4834,29,2026-08-30T07:01:31.606177,74.71,,46.93,2.52,10.19,7.81,2.38,31.0,0,NOMINAL
VEH_4834,30,2026-08-30T07:02:36.606177,64.78,,47.06,2.215,11.06,8.2,2.86,28.0,0,NOMINAL
VEH_4835,1,2026-08-30T06:32:26.606177,67.93,43.86,37.42,1.448,17.91,17.21,0.7,34.3,0,NOMINAL
VEH_4835,2,2026-08-30T06:33:31.606177,71.79,43.13,38.14,1.658,18.81,18.09,0.72,34.6,0,NOMINAL
VEH_4835,3,2026-08-30T06:34:36.606177,73.87,,38.27,1.652,12.28,11.74,0.54,34.9,0,NOMINAL
VEH_4835,4,2026-08-30T06:35:41.606177,76.25,,38.4,1.795,13.13,12.61,0.52,35.2,0,NOMINAL
VEH_4835,5,2026-08-30T06:36:46.606177,66.25,,38.18,1.609,13.55,13.1,0.45,35.5,0,NOMINAL
VEH_4835,6,2026-08-30T06:37:51.606177,68.01,,38.32,1.93,11.98,11.58,0.4,35.8,0,NOMINAL
VEH_4835,7,2026-08-30T06:38:56.606177,69.98,42.43,41.32,1.744,18.12,17.29,0.83,36.1,0,NOMINAL
VEH_4835,8,2026-08-30T06:40:01.606177,70.08,43.0,38.58,1.655,18.53,18.17,0.36,36.4,0,NOMINAL
VEH_4835,9,2026-08-30T06:41:06.606177,75.08,,41.98,1.881,12.61,11.81,0.8,36.7,0,NOMINAL
VEH_4835,10,2026-08-30T06:42:11.606177,68.02,,41.06,2.03,13.01,12.3,0.71,37.0,0,NOMINAL
VEH_4835,11,2026-08-30T06:43:16.606177,68.47,,40.7,1.957,13.91,12.78,1.13,48.0,0,NOMINAL
VEH_4835,12,2026-08-30T06:44:21.606177,69.84,,41.62,1.921,11.11,10.16,0.95,48.0,0,NOMINAL
VEH_4835,13,2026-08-30T06:45:26.606177,71.22,,40.26,2.026,11.44,11.14,0.3,38.0,0,NOMINAL
VEH_4835,14,2026-08-30T06:46:31.606177,74.93,42.7,42.52,2.123,18.97,18.24,0.73,38.2,0,NOMINAL
VEH_4835,15,2026-08-30T06:47:36.606177,65.81,,42.61,1.827,13.42,12.7,0.72,38.0,0,NOMINAL
VEH_4835,16,2026-08-30T06:48:41.606177,68.68,,43.76,1.952,10.98,10.08,0.9,38.0,0,NOMINAL
VEH_4835,17,2026-08-30T06:49:46.606177,70.03,,42.63,1.897,13.67,11.06,2.61,60.0,0,NOMINAL
VEH_4835,18,2026-08-30T06:50:51.606177,71.08,,44.58,2.025,12.98,12.04,0.94,38.0,0,NOMINAL
VEH_4835,19,2026-08-30T06:51:56.606177,76.28,,44.4,2.12,11.49,9.21,2.28,29.5,0,NOMINAL
VEH_4835,20,2026-08-30T06:53:01.606177,67.47,,44.02,2.156,8.83,6.8,2.03,31.0,0,NOMINAL
VEH_4835,21,2026-08-30T06:54:06.606177,68.26,,44.43,2.127,10.07,7.58,2.49,28.0,0,NOMINAL
VEH_4835,22,2026-08-30T06:55:11.606177,70.82,,45.28,2.158,10.75,8.36,2.39,29.5,0,NOMINAL
VEH_4835,23,2026-08-30T06:56:16.606177,71.69,,45.08,2.13,11.22,9.14,2.08,31.0,0,NOMINAL
VEH_4835,24,2026-08-30T06:57:21.606177,76.01,,44.54,2.447,9.63,7.11,2.52,28.0,0,NOMINAL
VEH_4835,25,2026-08-30T06:58:26.606177,66.06,,46.43,2.309,10.08,7.5,2.58,29.5,0,NOMINAL
VEH_4835,26,2026-08-30T06:59:31.606177,69.0,41.76,46.67,2.404,15.48,13.11,2.37,31.0,0,NOMINAL
VEH_4835,27,2026-08-30T07:00:36.606177,70.65,40.24,46.43,2.48,16.47,13.89,2.58,28.0,0,NOMINAL
VEH_4835,28,2026-08-30T07:01:41.606177,74.66,,47.17,2.571,9.75,7.04,2.71,29.5,0,NOMINAL
VEH_4835,29,2026-08-30T07:02:46.606177,77.88,,50.07,2.399,10.76,7.81,2.95,31.0,0,NOMINAL
VEH_4835,30,2026-08-30T07:03:51.606177,63.89,,49.03,2.567,11.32,8.2,3.12,28.0,0,NOMINAL
VEH_4836,1,2026-08-30T06:33:41.606177,67.61,39.8,36.5,1.345,17.29,17.21,0.08,34.3,0,NOMINAL
VEH_4836,2,2026-08-30T06:34:46.606177,69.17,39.34,36.97,1.332,18.11,18.09,0.02,34.6,0,NOMINAL
VEH_4836,3,2026-08-30T06:35:51.606177,72.54,,36.9,1.507,12.04,11.74,0.3,34.9,0,NOMINAL
VEH_4836,4,2026-08-30T06:36:56.606177,77.33,,37.7,1.5,13.06,12.61,0.45,35.2,0,NOMINAL
VEH_4836,5,2026-08-30T06:38:01.606177,64.58,,37.62,1.482,13.41,13.1,0.31,35.5,0,NOMINAL
VEH_4836,6,2026-08-30T06:39:06.606177,67.24,,39.97,1.446,12.2,11.58,0.62,35.8,0,NOMINAL
VEH_4836,7,2026-08-30T06:40:11.606177,69.93,41.3,38.39,1.658,17.55,17.29,0.26,36.1,0,NOMINAL
VEH_4836,8,2026-08-30T06:41:16.606177,72.4,41.69,40.08,1.49,18.68,18.17,0.51,36.4,0,NOMINAL
VEH_4836,9,2026-08-30T06:42:21.606177,74.91,,38.95,1.566,12.15,11.81,0.34,36.7,0,NOMINAL
VEH_4836,10,2026-08-30T06:43:26.606177,63.6,,41.26,1.624,12.9,12.3,0.6,37.0,0,NOMINAL
VEH_4836,11,2026-08-30T06:44:31.606177,67.39,,40.78,1.836,13.86,12.78,1.08,48.0,0,NOMINAL
VEH_4836,12,2026-08-30T06:45:36.606177,70.98,,41.29,2.048,11.19,10.16,1.03,48.0,0,NOMINAL
VEH_4836,13,2026-08-30T06:46:41.606177,71.5,,41.77,1.837,11.67,11.14,0.53,38.0,0,NOMINAL
VEH_4836,14,2026-08-30T06:47:46.606177,75.09,40.68,42.03,1.686,18.67,18.24,0.43,38.2,0,NOMINAL
VEH_4836,15,2026-08-30T06:48:51.606177,64.21,,41.72,1.857,13.24,12.7,0.54,38.0,0,NOMINAL
VEH_4836,16,2026-08-30T06:49:56.606177,66.53,,44.41,1.974,11.01,10.08,0.93,38.0,0,NOMINAL
VEH_4836,17,2026-08-30T06:51:01.606177,71.52,,44.01,1.882,13.5,11.06,2.44,60.0,0,NOMINAL
VEH_4836,18,2026-08-30T06:52:06.606177,73.42,,43.12,2.005,12.83,12.04,0.79,38.0,0,NOMINAL
VEH_4836,19,2026-08-30T06:53:11.606177,75.0,,45.29,2.034,11.58,9.21,2.37,29.5,0,NOMINAL
VEH_4836,20,2026-08-30T06:54:16.606177,63.78,,44.48,1.991,8.79,6.8,1.99,31.0,0,NOMINAL
VEH_4836,21,2026-08-30T06:55:21.606177,66.14,,43.68,1.97,9.89,7.58,2.31,28.0,0,NOMINAL
VEH_4836,22,2026-08-30T06:56:26.606177,71.0,,45.64,1.981,10.81,8.36,2.45,29.5,0,NOMINAL
VEH_4836,23,2026-08-30T06:57:31.606177,70.89,,46.28,1.831,11.38,9.14,2.24,31.0,0,NOMINAL
VEH_4836,24,2026-08-30T06:58:36.606177,74.21,,46.77,2.209,9.9,7.11,2.79,28.0,0,NOMINAL
VEH_4836,25,2026-08-30T06:59:41.606177,65.74,,45.79,2.028,9.97,7.5,2.47,29.5,0,NOMINAL
VEH_4836,26,2026-08-30T07:00:46.606177,69.04,39.53,47.1,2.243,15.29,13.11,2.18,31.0,0,NOMINAL
VEH_4836,27,2026-08-30T07:01:51.606177,72.38,39.9,47.74,2.139,16.68,13.89,2.79,28.0,0,NOMINAL
VEH_4836,28,2026-08-30T07:02:56.606177,73.02,,46.7,2.215,9.63,7.04,2.59,29.5,0,NOMINAL
VEH_4836,29,2026-08-30T07:04:01.606177,74.11,,47.85,2.548,10.31,7.81,2.5,31.0,0,NOMINAL
VEH_4836,30,2026-08-30T07:05:06.606177,66.77,,48.5,2.279,11.33,8.2,3.13,28.0,0,NOMINAL
VEH_4837,1,2026-08-30T06:34:56.606177,67.19,45.25,36.75,1.559,17.94,17.21,0.73,34.3,0,NOMINAL
VEH_4837,2,2026-08-30T06:36:01.606177,69.29,42.9,37.03,1.785,18.53,18.09,0.44,34.6,0,NOMINAL
VEH_4837,3,2026-08-30T06:37:06.606177,74.44,,37.62,1.436,12.2,11.74,0.46,34.9,0,NOMINAL
VEH_4837,4,2026-08-30T06:38:11.606177,74.7,,38.48,1.635,13.1,12.61,0.49,35.2,0,NOMINAL
VEH_4837,5,2026-08-30T06:39:16.606177,65.75,,37.5,1.671,13.43,13.1,0.33,35.5,0,NOMINAL
VEH_4837,6,2026-08-30T06:40:21.606177,67.8,,38.29,1.951,11.96,11.58,0.38,35.8,0,NOMINAL
VEH_4837,7,2026-08-30T06:41:26.606177,69.66,42.41,38.84,1.523,17.74,17.29,0.45,36.1,0,NOMINAL
VEH_4837,8,2026-08-30T06:42:31.606177,72.98,42.91,38.9,1.755,18.66,18.17,0.49,36.4,0,NOMINAL
VEH_4837,9,2026-08-30T06:43:36.606177,73.04,,39.01,1.899,12.1,11.81,0.29,36.7,0,NOMINAL
VEH_4837,10,2026-08-30T06:44:41.606177,65.83,,41.32,1.955,12.98,12.3,0.68,37.0,0,NOMINAL
VEH_4837,11,2026-08-30T06:45:46.606177,67.8,,39.98,1.757,13.99,12.78,1.21,48.0,0,NOMINAL
VEH_4837,12,2026-08-30T06:46:51.606177,71.77,,40.66,1.723,11.31,10.16,1.15,48.0,0,NOMINAL
VEH_4837,13,2026-08-30T06:47:56.606177,73.3,,41.17,1.687,11.64,11.14,0.5,38.0,0,NOMINAL
VEH_4837,14,2026-08-30T06:49:01.606177,74.9,42.78,42.33,2.115,18.95,18.24,0.71,38.2,0,NOMINAL
VEH_4837,15,2026-08-30T06:50:06.606177,65.52,,41.97,1.885,13.32,12.7,0.62,38.0,0,NOMINAL
VEH_4837,16,2026-08-30T06:51:11.606177,67.65,,42.14,1.813,10.71,10.08,0.63,38.0,0,NOMINAL
VEH_4837,17,2026-08-30T06:52:16.606177,69.52,,44.32,2.041,13.4,11.06,2.34,60.0,0,NOMINAL
VEH_4837,18,2026-08-30T06:53:21.606177,73.21,,44.49,2.084,13.03,12.04,0.99,38.0,0,NOMINAL
VEH_4837,19,2026-08-30T06:54:26.606177,75.59,,44.44,2.171,11.47,9.21,2.26,29.5,0,NOMINAL
VEH_4837,20,2026-08-30T06:55:31.606177,64.33,,44.49,2.117,8.81,6.8,2.01,31.0,0,NOMINAL
VEH_4837,21,2026-08-30T06:56:36.606177,67.65,,44.02,2.472,9.99,7.58,2.41,28.0,0,NOMINAL
VEH_4837,22,2026-08-30T06:57:41.606177,71.17,,45.91,2.228,10.86,8.36,2.5,29.5,0,NOMINAL
VEH_4837,23,2026-08-30T06:58:46.606177,70.06,,47.29,2.088,11.5,9.14,2.36,31.0,0,NOMINAL
VEH_4837,24,2026-08-30T06:59:51.606177,75.0,,47.34,2.256,10.01,7.11,2.9,28.0,0,NOMINAL
VEH_4837,25,2026-08-30T07:00:56.606177,65.49,,45.72,2.312,9.95,7.5,2.45,29.5,0,NOMINAL
VEH_4837,26,2026-08-30T07:02:01.606177,98.43,40.68,52.49,2.315,17.14,13.11,4.03,31.0,1,MICRO_STOPPAGE_PRESSURE_DROP
VEH_4837,27,2026-08-30T07:03:06.606177,70.84,41.58,44.8,2.367,16.39,13.89,2.5,28.0,0,NOMINAL
VEH_4837,28,2026-08-30T07:04:11.606177,72.96,,46.94,2.38,9.66,7.04,2.62,29.5,0,NOMINAL
VEH_4837,29,2026-08-30T07:05:16.606177,75.7,,47.65,2.431,10.33,7.81,2.52,31.0,0,NOMINAL
VEH_4837,30,2026-08-30T07:06:21.606177,64.21,,47.27,2.63,11.07,8.2,2.87,28.0,0,NOMINAL
VEH_4838,1,2026-08-30T06:36:11.606177,68.37,39.82,37.3,1.544,17.44,17.21,0.23,34.3,0,NOMINAL
VEH_4838,2,2026-08-30T06:37:16.606177,70.3,40.45,37.61,1.409,18.37,18.09,0.28,34.6,0,NOMINAL
VEH_4838,3,2026-08-30T06:38:21.606177,72.82,,38.27,1.601,12.25,11.74,0.51,34.9,0,NOMINAL
VEH_4838,4,2026-08-30T06:39:26.606177,76.29,,37.72,1.105,13.03,12.61,0.42,35.2,0,NOMINAL
VEH_4838,5,2026-08-30T06:40:31.606177,64.02,,38.59,1.648,13.54,13.1,0.44,35.5,0,NOMINAL
VEH_4838,6,2026-08-30T06:41:36.606177,67.38,,37.26,1.46,11.8,11.58,0.22,35.8,0,NOMINAL
VEH_4838,7,2026-08-30T06:42:41.606177,70.5,40.6,37.45,1.627,17.34,17.29,0.05,36.1,0,NOMINAL
VEH_4838,8,2026-08-30T06:43:46.606177,72.02,38.86,38.91,1.632,18.17,18.17,0.0,36.4,0,NOMINAL
VEH_4838,9,2026-08-30T06:44:51.606177,74.54,,40.41,1.452,12.35,11.81,0.54,36.7,0,NOMINAL
VEH_4838,10,2026-08-30T06:45:56.606177,64.1,,38.81,1.76,12.55,12.3,0.25,37.0,0,NOMINAL
VEH_4838,11,2026-08-30T06:47:01.606177,67.95,,40.71,1.59,13.89,12.78,1.11,48.0,0,NOMINAL
VEH_4838,12,2026-08-30T06:48:06.606177,70.79,,40.49,1.821,11.31,10.16,1.15,48.0,0,NOMINAL
VEH_4838,13,2026-08-30T06:49:11.606177,72.1,,42.31,1.599,11.77,11.14,0.63,38.0,0,NOMINAL
VEH_4838,14,2026-08-30T06:50:16.606177,74.57,41.81,42.47,1.866,18.85,18.24,0.61,38.2,0,NOMINAL
VEH_4838,15,2026-08-30T06:51:21.606177,65.75,,42.17,1.881,13.35,12.7,0.65,38.0,0,NOMINAL
VEH_4838,16,2026-08-30T06:52:26.606177,67.28,,43.49,1.945,10.9,10.08,0.82,38.0,0,NOMINAL
VEH_4838,17,2026-08-30T06:53:31.606177,71.11,,42.5,2.13,13.72,11.06,2.66,60.0,0,NOMINAL
VEH_4838,18,2026-08-30T06:54:36.606177,71.08,,43.77,2.246,12.86,12.04,0.82,38.0,0,NOMINAL
VEH_4838,19,2026-08-30T06:55:41.606177,74.44,,43.4,2.222,11.28,9.21,2.07,29.5,0,NOMINAL
VEH_4838,20,2026-08-30T06:56:46.606177,64.22,,44.28,1.934,8.77,6.8,1.97,31.0,0,NOMINAL
VEH_4838,21,2026-08-30T06:57:51.606177,68.9,,45.42,1.817,10.24,7.58,2.66,28.0,0,NOMINAL
VEH_4838,22,2026-08-30T06:58:56.606177,69.36,,45.57,2.205,10.75,8.36,2.39,29.5,0,NOMINAL
VEH_4838,23,2026-08-30T07:00:01.606177,69.35,,47.64,2.22,11.53,9.14,2.39,31.0,0,NOMINAL
VEH_4838,24,2026-08-30T07:01:06.606177,75.18,,45.56,2.198,9.75,7.11,2.64,28.0,0,NOMINAL
VEH_4838,25,2026-08-30T07:02:11.606177,66.04,,47.25,2.243,10.2,7.5,2.7,29.5,0,NOMINAL
VEH_4838,26,2026-08-30T07:03:16.606177,67.33,39.42,46.01,2.121,15.06,13.11,1.95,31.0,0,NOMINAL
VEH_4838,27,2026-08-30T07:04:21.606177,69.15,41.04,47.44,2.275,16.67,13.89,2.78,28.0,0,NOMINAL
VEH_4838,28,2026-08-30T07:05:26.606177,71.87,,47.67,2.479,9.74,7.04,2.7,29.5,0,NOMINAL
VEH_4838,29,2026-08-30T07:06:31.606177,73.51,,48.14,2.215,10.34,7.81,2.53,31.0,0,NOMINAL
VEH_4838,30,2026-08-30T07:07:36.606177,63.78,,48.23,2.333,11.2,8.2,3.0,28.0,0,NOMINAL
VEH_4839,1,2026-08-30T06:37:26.606177,68.24,44.34,37.12,1.437,17.93,17.21,0.72,34.3,0,NOMINAL
VEH_4839,2,2026-08-30T06:38:31.606177,70.73,43.69,36.57,1.687,18.6,18.09,0.51,34.6,0,NOMINAL
VEH_4839,3,2026-08-30T06:39:36.606177,71.93,,37.92,1.609,12.17,11.74,0.43,34.9,0,NOMINAL
VEH_4839,4,2026-08-30T06:40:41.606177,75.27,,38.5,1.534,13.12,12.61,0.51,35.2,0,NOMINAL
VEH_4839,5,2026-08-30T06:41:46.606177,63.54,,38.37,1.584,13.49,13.1,0.39,35.5,0,NOMINAL
VEH_4839,6,2026-08-30T06:42:51.606177,65.47,,38.04,1.862,11.85,11.58,0.27,35.8,0,NOMINAL
VEH_4839,7,2026-08-30T06:43:56.606177,70.72,43.41,38.02,1.511,17.76,17.29,0.47,36.1,0,NOMINAL
VEH_4839,8,2026-08-30T06:45:01.606177,71.97,43.28,39.23,1.616,18.72,18.17,0.55,36.4,0,NOMINAL
VEH_4839,9,2026-08-30T06:46:06.606177,74.01,,41.08,1.535,12.44,11.81,0.63,36.7,0,NOMINAL
VEH_4839,10,2026-08-30T06:47:11.606177,63.47,,40.65,2.03,12.8,12.3,0.5,37.0,0,NOMINAL
VEH_4839,11,2026-08-30T06:48:16.606177,67.05,,41.65,1.969,13.72,12.78,0.94,48.0,0,NOMINAL
VEH_4839,12,2026-08-30T06:49:21.606177,72.0,,41.51,2.015,11.19,10.16,1.03,48.0,0,NOMINAL
VEH_4839,13,2026-08-30T06:50:26.606177,74.2,,42.23,2.104,11.82,11.14,0.68,38.0,0,NOMINAL
VEH_4839,14,2026-08-30T06:51:31.606177,73.45,40.51,42.03,2.175,18.6,18.24,0.36,38.2,0,NOMINAL
VEH_4839,15,2026-08-30T06:52:36.606177,66.16,,42.78,1.944,13.46,12.7,0.76,38.0,0,NOMINAL
VEH_4839,16,2026-08-30T06:53:41.606177,67.17,,42.97,2.263,10.82,10.08,0.74,38.0,0,NOMINAL
VEH_4839,17,2026-08-30T06:54:46.606177,69.65,,42.91,1.897,13.61,11.06,2.55,60.0,0,NOMINAL
VEH_4839,18,2026-08-30T06:55:51.606177,74.04,,43.83,2.023,12.96,12.04,0.92,38.0,0,NOMINAL
VEH_4839,19,2026-08-30T06:56:56.606177,73.49,,44.64,2.284,11.44,9.21,2.23,29.5,0,NOMINAL
VEH_4839,20,2026-08-30T06:58:01.606177,64.52,,44.63,2.356,8.83,6.8,2.03,31.0,0,NOMINAL
VEH_4839,21,2026-08-30T06:59:06.606177,66.4,,45.55,2.404,10.18,7.58,2.6,28.0,0,NOMINAL
VEH_4839,22,2026-08-30T07:00:11.606177,70.24,,45.3,2.329,10.74,8.36,2.38,29.5,0,NOMINAL
VEH_4839,23,2026-08-30T07:01:16.606177,73.13,,45.5,2.37,11.33,9.14,2.19,31.0,0,NOMINAL
VEH_4839,24,2026-08-30T07:02:21.606177,74.53,,45.57,2.267,9.73,7.11,2.62,28.0,0,NOMINAL
VEH_4839,25,2026-08-30T07:03:26.606177,66.24,,45.96,2.224,10.01,7.5,2.51,29.5,0,NOMINAL
VEH_4839,26,2026-08-30T07:04:31.606177,64.1,41.32,46.06,2.036,15.19,13.11,2.08,31.0,0,NOMINAL
VEH_4839,27,2026-08-30T07:05:36.606177,68.35,45.28,46.89,2.569,17.05,13.89,3.16,28.0,0,NOMINAL
VEH_4839,28,2026-08-30T07:06:41.606177,72.85,,47.86,2.386,9.8,7.04,2.76,29.5,0,NOMINAL
VEH_4839,29,2026-08-30T07:07:46.606177,77.23,,48.74,2.434,10.54,7.81,2.73,31.0,0,NOMINAL
VEH_4839,30,2026-08-30T07:08:51.606177,64.6,,46.81,2.59,11.01,8.2,2.81,28.0,0,NOMINAL
VEH_4840,1,2026-08-30T06:38:41.606177,68.18,42.69,37.33,1.985,17.77,17.21,0.56,34.3,0,NOMINAL
VEH_4840,2,2026-08-30T06:39:46.606177,68.98,40.73,37.11,1.371,18.29,18.09,0.2,34.6,0,NOMINAL
VEH_4840,3,2026-08-30T06:40:51.606177,71.5,,38.61,1.708,12.26,11.74,0.52,34.9,0,NOMINAL
VEH_4840,4,2026-08-30T06:41:56.606177,74.79,,37.74,1.628,12.99,12.61,0.38,35.2,0,NOMINAL
VEH_4840,5,2026-08-30T06:43:01.606177,65.34,,38.39,1.61,13.55,13.1,0.45,35.5,0,NOMINAL
VEH_4840,6,2026-08-30T06:44:06.606177,68.44,,39.04,1.722,12.1,11.58,0.52,35.8,0,NOMINAL
VEH_4840,7,2026-08-30T06:45:11.606177,70.59,41.74,39.25,1.75,17.75,17.29,0.46,36.1,0,NOMINAL
VEH_4840,8,2026-08-30T06:46:16.606177,71.62,39.81,37.66,1.498,18.17,18.17,0.0,36.4,0,NOMINAL
VEH_4840,9,2026-08-30T06:47:21.606177,76.26,,41.05,1.777,12.5,11.81,0.69,36.7,0,NOMINAL
VEH_4840,10,2026-08-30T06:48:26.606177,65.61,,40.34,1.858,12.82,12.3,0.52,37.0,0,NOMINAL
VEH_4840,11,2026-08-30T06:49:31.606177,68.58,,42.69,1.764,13.61,12.78,0.83,48.0,0,NOMINAL
VEH_4840,12,2026-08-30T06:50:36.606177,68.95,,42.04,1.752,11.02,10.16,0.86,48.0,0,NOMINAL
VEH_4840,13,2026-08-30T06:51:41.606177,72.66,,42.38,2.08,11.8,11.14,0.66,38.0,0,NOMINAL
VEH_4840,14,2026-08-30T06:52:46.606177,74.98,39.72,40.76,1.872,18.36,18.24,0.12,38.2,0,NOMINAL
VEH_4840,15,2026-08-30T06:53:51.606177,65.87,,42.7,2.005,13.44,12.7,0.74,38.0,0,NOMINAL
VEH_4840,16,2026-08-30T06:54:56.606177,67.17,,42.7,2.133,10.78,10.08,0.7,38.0,0,NOMINAL
VEH_4840,17,2026-08-30T06:56:01.606177,70.85,,43.41,2.038,13.57,11.06,2.51,60.0,0,NOMINAL
VEH_4840,18,2026-08-30T06:57:06.606177,71.99,,42.77,2.021,12.73,12.04,0.69,38.0,0,NOMINAL
VEH_4840,19,2026-08-30T06:58:11.606177,75.89,,43.86,2.078,11.39,9.21,2.18,29.5,0,NOMINAL
VEH_4840,20,2026-08-30T06:59:16.606177,66.93,,43.94,2.114,8.8,6.8,2.0,31.0,0,NOMINAL
VEH_4840,21,2026-08-30T07:00:21.606177,66.09,,44.84,2.277,10.06,7.58,2.48,28.0,0,NOMINAL
VEH_4840,22,2026-08-30T07:01:26.606177,68.13,,46.59,2.211,10.86,8.36,2.5,29.5,0,NOMINAL
VEH_4840,23,2026-08-30T07:02:31.606177,71.31,,45.73,2.204,11.31,9.14,2.17,31.0,0,NOMINAL
VEH_4840,24,2026-08-30T07:03:36.606177,73.72,,46.17,2.181,9.8,7.11,2.69,28.0,0,NOMINAL
VEH_4840,25,2026-08-30T07:04:41.606177,64.98,,46.92,2.291,10.12,7.5,2.62,29.5,0,NOMINAL
VEH_4840,26,2026-08-30T07:05:46.606177,66.64,42.3,47.39,2.26,15.58,13.11,2.47,31.0,0,NOMINAL
VEH_4840,27,2026-08-30T07:06:51.606177,68.55,42.78,47.21,2.282,16.81,13.89,2.92,28.0,0,NOMINAL
VEH_4840,28,2026-08-30T07:07:56.606177,71.15,,48.32,2.265,9.82,7.04,2.78,29.5,0,NOMINAL
VEH_4840,29,2026-08-30T07:09:01.606177,74.08,,48.02,2.511,10.34,7.81,2.53,31.0,0,NOMINAL
VEH_4840,30,2026-08-30T07:10:06.606177,65.6,,48.53,2.544,11.3,8.2,3.1,28.0,0,NOMINAL
VEH_4841,1,2026-08-30T06:39:56.606177,66.27,42.84,38.64,1.484,17.92,17.21,0.71,34.3,0,NOMINAL
VEH_4841,2,2026-08-30T06:41:01.606177,69.99,40.38,38.6,1.498,18.5,18.09,0.41,34.6,0,NOMINAL
VEH_4841,3,2026-08-30T06:42:06.606177,73.48,,37.52,1.507,12.16,11.74,0.42,34.9,0,NOMINAL
VEH_4841,4,2026-08-30T06:43:11.606177,75.83,,37.45,1.59,12.98,12.61,0.37,35.2,0,NOMINAL
VEH_4841,5,2026-08-30T06:44:16.606177,64.98,,38.86,1.758,13.61,13.1,0.51,35.5,0,NOMINAL
VEH_4841,6,2026-08-30T06:45:21.606177,68.02,,39.64,1.794,12.17,11.58,0.59,35.8,0,NOMINAL
VEH_4841,7,2026-08-30T06:46:26.606177,70.54,41.64,39.6,1.637,17.79,17.29,0.5,36.1,0,NOMINAL
VEH_4841,8,2026-08-30T06:47:31.606177,71.83,43.27,39.18,1.843,18.71,18.17,0.54,36.4,0,NOMINAL
VEH_4841,9,2026-08-30T06:48:36.606177,74.51,,40.67,1.613,12.39,11.81,0.58,36.7,0,NOMINAL
VEH_4841,10,2026-08-30T06:49:41.606177,67.73,,39.84,1.921,12.81,12.3,0.51,37.0,0,NOMINAL
VEH_4841,11,2026-08-30T06:50:46.606177,66.86,,40.95,1.627,13.82,12.78,1.04,48.0,0,NOMINAL
VEH_4841,12,2026-08-30T06:51:51.606177,70.16,,43.61,1.864,10.82,10.16,0.66,48.0,0,NOMINAL
VEH_4841,13,2026-08-30T06:52:56.606177,71.14,,43.76,2.033,11.96,11.14,0.82,38.0,0,NOMINAL
VEH_4841,14,2026-08-30T06:54:01.606177,75.95,41.96,42.98,1.909,18.98,18.24,0.74,38.2,0,NOMINAL
VEH_4841,15,2026-08-30T06:55:06.606177,63.81,,42.0,1.8,13.27,12.7,0.57,38.0,0,NOMINAL
VEH_4841,16,2026-08-30T06:56:11.606177,67.81,,43.41,2.309,10.9,10.08,0.82,38.0,0,NOMINAL
VEH_4841,17,2026-08-30T06:57:16.606177,71.86,,41.8,2.144,13.85,11.06,2.79,60.0,0,NOMINAL
VEH_4841,18,2026-08-30T06:58:21.606177,72.77,,44.62,1.808,13.04,12.04,1.0,38.0,0,NOMINAL
VEH_4841,19,2026-08-30T06:59:26.606177,75.31,,43.55,1.974,11.33,9.21,2.12,29.5,0,NOMINAL
VEH_4841,20,2026-08-30T07:00:31.606177,62.05,,44.94,2.049,8.8,6.8,2.0,31.0,0,NOMINAL
VEH_4841,21,2026-08-30T07:01:36.606177,66.43,,43.81,2.269,9.92,7.58,2.34,28.0,0,NOMINAL
VEH_4841,22,2026-08-30T07:02:41.606177,70.74,,45.09,2.139,10.72,8.36,2.36,29.5,0,NOMINAL
VEH_4841,23,2026-08-30T07:03:46.606177,73.7,,47.6,1.959,11.66,9.14,2.52,31.0,0,NOMINAL
VEH_4841,24,2026-08-30T07:04:51.606177,76.48,,45.3,2.275,9.75,7.11,2.64,28.0,0,NOMINAL
VEH_4841,25,2026-08-30T07:05:56.606177,65.87,,46.57,2.409,10.09,7.5,2.59,29.5,0,NOMINAL
VEH_4841,26,2026-08-30T07:07:01.606177,67.03,41.56,47.14,2.246,15.47,13.11,2.36,31.0,0,NOMINAL
VEH_4841,27,2026-08-30T07:08:06.606177,68.56,41.68,46.85,2.403,16.63,13.89,2.74,28.0,0,NOMINAL
VEH_4841,28,2026-08-30T07:09:11.606177,69.44,,47.34,2.437,9.62,7.04,2.58,29.5,0,NOMINAL
VEH_4841,29,2026-08-30T07:10:16.606177,75.64,,49.46,2.27,10.6,7.81,2.79,31.0,0,NOMINAL
VEH_4841,30,2026-08-30T07:11:21.606177,67.0,,48.75,2.753,11.38,8.2,3.18,28.0,0,NOMINAL
VEH_4842,1,2026-08-30T06:41:11.606177,68.94,40.43,36.7,1.333,17.44,17.21,0.23,34.3,0,NOMINAL
VEH_4842,2,2026-08-30T06:42:16.606177,70.79,40.56,37.03,1.575,18.31,18.09,0.22,34.6,0,NOMINAL
VEH_4842,3,2026-08-30T06:43:21.606177,72.26,,38.46,1.628,12.26,11.74,0.52,34.9,0,NOMINAL
VEH_4842,4,2026-08-30T06:44:26.606177,74.52,,38.65,1.465,13.12,12.61,0.51,35.2,0,NOMINAL
VEH_4842,5,2026-08-30T06:45:31.606177,64.19,,37.74,1.407,13.41,13.1,0.31,35.5,0,NOMINAL
VEH_4842,6,2026-08-30T06:46:36.606177,68.23,,37.59,1.363,11.87,11.58,0.29,35.8,0,NOMINAL
VEH_4842,7,2026-08-30T06:47:41.606177,69.1,40.89,39.37,1.673,17.62,17.29,0.33,36.1,0,NOMINAL
VEH_4842,8,2026-08-30T06:48:46.606177,71.52,39.02,39.35,1.543,18.24,18.17,0.07,36.4,0,NOMINAL
VEH_4842,9,2026-08-30T06:49:51.606177,75.88,,38.96,1.794,12.18,11.81,0.37,36.7,0,NOMINAL
VEH_4842,10,2026-08-30T06:50:56.606177,67.54,,40.83,1.818,12.96,12.3,0.66,37.0,0,NOMINAL
VEH_4842,11,2026-08-30T06:52:01.606177,67.05,,39.81,1.611,14.0,12.78,1.22,48.0,0,NOMINAL
VEH_4842,12,2026-08-30T06:53:06.606177,70.81,,40.42,1.829,11.32,10.16,1.16,48.0,0,NOMINAL
VEH_4842,13,2026-08-30T06:54:11.606177,74.13,,40.77,2.027,11.6,11.14,0.46,38.0,0,NOMINAL
VEH_4842,14,2026-08-30T06:55:16.606177,75.72,41.1,40.84,1.786,18.56,18.24,0.32,38.2,0,NOMINAL
VEH_4842,15,2026-08-30T06:56:21.606177,66.59,,42.31,1.876,13.4,12.7,0.7,38.0,0,NOMINAL
VEH_4842,16,2026-08-30T06:57:26.606177,68.41,,43.59,1.792,10.95,10.08,0.87,38.0,0,NOMINAL
VEH_4842,17,2026-08-30T06:58:31.606177,69.69,,44.28,1.95,13.41,11.06,2.35,60.0,0,NOMINAL
VEH_4842,18,2026-08-30T06:59:36.606177,71.48,,44.57,1.883,12.99,12.04,0.95,38.0,0,NOMINAL
VEH_4842,19,2026-08-30T07:00:41.606177,74.67,,45.03,1.865,11.53,9.21,2.32,29.5,0,NOMINAL
VEH_4842,20,2026-08-30T07:01:46.606177,65.23,,44.35,2.215,8.81,6.8,2.01,31.0,0,NOMINAL
VEH_4842,21,2026-08-30T07:02:51.606177,67.27,,45.46,2.116,10.19,7.58,2.61,28.0,0,NOMINAL
VEH_4842,22,2026-08-30T07:03:56.606177,68.56,,45.53,1.966,10.72,8.36,2.36,29.5,0,NOMINAL
VEH_4842,23,2026-08-30T07:05:01.606177,72.74,,45.66,2.026,11.34,9.14,2.2,31.0,0,NOMINAL
VEH_4842,24,2026-08-30T07:06:06.606177,75.26,,44.89,2.058,9.65,7.11,2.54,28.0,0,NOMINAL
VEH_4842,25,2026-08-30T07:07:11.606177,64.35,,46.33,2.207,10.01,7.5,2.51,29.5,0,NOMINAL
VEH_4842,26,2026-08-30T07:08:16.606177,68.93,39.34,46.19,2.079,15.13,13.11,2.02,31.0,0,NOMINAL
VEH_4842,27,2026-08-30T07:09:21.606177,69.64,38.56,47.04,2.332,16.34,13.89,2.45,28.0,0,NOMINAL
VEH_4842,28,2026-08-30T07:10:26.606177,73.01,,48.49,2.117,9.9,7.04,2.86,29.5,0,NOMINAL
VEH_4842,29,2026-08-30T07:11:31.606177,74.67,,46.23,1.965,10.09,7.81,2.28,31.0,0,NOMINAL
VEH_4842,30,2026-08-30T07:12:36.606177,65.04,,48.85,2.361,11.33,8.2,3.13,28.0,0,NOMINAL
VEH_4843,1,2026-08-30T06:42:26.606177,67.74,43.42,36.51,1.298,17.71,17.21,0.5,34.3,0,NOMINAL
VEH_4843,2,2026-08-30T06:43:31.606177,69.65,45.72,37.12,1.425,18.88,18.09,0.79,34.6,0,NOMINAL
VEH_4843,3,2026-08-30T06:44:36.606177,72.14,,36.35,1.603,11.94,11.74,0.2,34.9,0,NOMINAL
VEH_4843,4,2026-08-30T06:45:41.606177,73.68,,37.95,1.774,12.98,12.61,0.37,35.2,0,NOMINAL
VEH_4843,5,2026-08-30T06:46:46.606177,65.89,,38.76,1.739,13.62,13.1,0.52,35.5,0,NOMINAL
VEH_4843,6,2026-08-30T06:47:51.606177,68.23,,38.56,1.73,12.02,11.58,0.44,35.8,0,NOMINAL
VEH_4843,7,2026-08-30T06:48:56.606177,69.26,44.17,39.72,1.766,18.06,17.29,0.77,36.1,0,NOMINAL
VEH_4843,8,2026-08-30T06:50:01.606177,71.44,42.6,40.75,1.611,18.85,18.17,0.68,36.4,0,NOMINAL
VEH_4843,9,2026-08-30T06:51:06.606177,72.39,,40.92,1.64,12.36,11.81,0.55,36.7,0,NOMINAL
VEH_4843,10,2026-08-30T06:52:11.606177,65.29,,41.12,1.63,12.93,12.3,0.63,37.0,0,NOMINAL
VEH_4843,11,2026-08-30T06:53:16.606177,67.87,,41.24,1.779,13.81,12.78,1.03,48.0,0,NOMINAL
VEH_4843,12,2026-08-30T06:54:21.606177,68.98,,41.33,1.747,11.13,10.16,0.97,48.0,0,NOMINAL
VEH_4843,13,2026-08-30T06:55:26.606177,73.88,,40.69,1.986,11.58,11.14,0.44,38.0,0,NOMINAL
VEH_4843,14,2026-08-30T06:56:31.606177,74.08,44.89,42.92,1.967,19.25,18.24,1.01,38.2,0,NOMINAL
VEH_4843,15,2026-08-30T06:57:36.606177,65.82,,42.41,1.91,13.39,12.7,0.69,38.0,0,NOMINAL
VEH_4843,16,2026-08-30T06:58:41.606177,67.02,,43.73,2.119,10.93,10.08,0.85,38.0,0,NOMINAL
VEH_4843,17,2026-08-30T06:59:46.606177,69.8,,41.52,1.951,13.82,11.06,2.76,60.0,0,NOMINAL
VEH_4843,18,2026-08-30T07:00:51.606177,71.99,,43.88,2.142,12.9,12.04,0.86,38.0,0,NOMINAL
VEH_4843,19,2026-08-30T07:01:56.606177,75.5,,44.34,1.78,11.45,9.21,2.24,29.5,0,NOMINAL
VEH_4843,20,2026-08-30T07:03:01.606177,64.37,,44.06,2.147,8.74,6.8,1.94,31.0,0,NOMINAL
VEH_4843,21,2026-08-30T07:04:06.606177,67.0,,44.13,2.336,9.99,7.58,2.41,28.0,0,NOMINAL
VEH_4843,22,2026-08-30T07:05:11.606177,70.92,,45.66,2.103,10.81,8.36,2.45,29.5,0,NOMINAL
VEH_4843,23,2026-08-30T07:06:16.606177,72.38,,45.3,2.536,11.28,9.14,2.14,31.0,0,NOMINAL
VEH_4843,24,2026-08-30T07:07:21.606177,76.21,,45.69,2.343,9.8,7.11,2.69,28.0,0,NOMINAL
VEH_4843,25,2026-08-30T07:08:26.606177,62.62,,46.32,2.401,9.95,7.5,2.45,29.5,0,NOMINAL
VEH_4843,26,2026-08-30T07:09:31.606177,69.4,43.76,47.23,2.49,15.81,13.11,2.7,31.0,0,NOMINAL
VEH_4843,27,2026-08-30T07:10:36.606177,70.15,44.62,46.9,2.523,17.03,13.89,3.14,28.0,0,NOMINAL
VEH_4843,28,2026-08-30T07:11:41.606177,72.15,,47.55,2.742,9.73,7.04,2.69,29.5,0,NOMINAL
VEH_4843,29,2026-08-30T07:12:46.606177,75.74,,46.3,2.68,10.13,7.81,2.32,31.0,0,NOMINAL
VEH_4843,30,2026-08-30T07:13:51.606177,66.24,,46.65,2.684,11.04,8.2,2.84,28.0,0,NOMINAL
VEH_4844,1,2026-08-30T06:43:41.606177,68.01,41.81,36.46,1.696,17.53,17.21,0.32,34.3,0,NOMINAL
VEH_4844,2,2026-08-30T06:44:46.606177,72.5,43.56,36.78,1.617,18.67,18.09,0.58,34.6,0,NOMINAL
VEH_4844,3,2026-08-30T06:45:51.606177,69.81,,38.39,1.746,12.18,11.74,0.44,34.9,0,NOMINAL
VEH_4844,4,2026-08-30T06:46:56.606177,75.88,,38.07,1.686,13.07,12.61,0.46,35.2,0,NOMINAL
VEH_4844,5,2026-08-30T06:48:01.606177,65.35,,37.56,1.284,13.42,13.1,0.32,35.5,0,NOMINAL
VEH_4844,6,2026-08-30T06:49:06.606177,66.56,,38.38,2.022,11.94,11.58,0.36,35.8,0,NOMINAL
VEH_4844,7,2026-08-30T06:50:11.606177,71.03,42.78,40.15,1.495,18.02,17.29,0.73,36.1,0,NOMINAL
VEH_4844,8,2026-08-30T06:51:16.606177,73.25,41.49,40.17,1.436,18.69,18.17,0.52,36.4,0,NOMINAL
VEH_4844,9,2026-08-30T06:52:21.606177,74.06,,39.38,1.71,12.19,11.81,0.38,36.7,0,NOMINAL
VEH_4844,10,2026-08-30T06:53:26.606177,64.54,,40.97,1.82,12.89,12.3,0.59,37.0,0,NOMINAL
VEH_4844,11,2026-08-30T06:54:31.606177,66.73,,42.06,1.934,13.65,12.78,0.87,48.0,0,NOMINAL
VEH_4844,12,2026-08-30T06:55:36.606177,70.55,,42.4,1.831,11.02,10.16,0.86,48.0,0,NOMINAL
VEH_4844,13,2026-08-30T06:56:41.606177,72.49,,40.97,1.91,11.58,11.14,0.44,38.0,0,NOMINAL
VEH_4844,14,2026-08-30T06:57:46.606177,75.78,44.59,40.93,1.797,18.97,18.24,0.73,38.2,0,NOMINAL
VEH_4844,15,2026-08-30T06:58:51.606177,64.56,,41.13,2.293,13.16,12.7,0.46,38.0,0,NOMINAL
VEH_4844,16,2026-08-30T06:59:56.606177,68.06,,44.32,1.875,11.05,10.08,0.97,38.0,0,NOMINAL
VEH_4844,17,2026-08-30T07:01:01.606177,69.79,,43.96,2.084,13.46,11.06,2.4,60.0,0,NOMINAL
VEH_4844,18,2026-08-30T07:02:06.606177,70.76,,44.43,2.122,12.95,12.04,0.91,38.0,0,NOMINAL
VEH_4844,19,2026-08-30T07:03:11.606177,73.75,,44.04,2.009,11.35,9.21,2.14,29.5,0,NOMINAL
VEH_4844,20,2026-08-30T07:04:16.606177,65.9,,46.19,2.198,9.11,6.8,2.31,31.0,0,NOMINAL
VEH_4844,21,2026-08-30T07:05:21.606177,67.83,,44.25,2.214,10.03,7.58,2.45,28.0,0,NOMINAL
VEH_4844,22,2026-08-30T07:06:26.606177,69.36,,45.02,2.062,10.67,8.36,2.31,29.5,0,NOMINAL
VEH_4844,23,2026-08-30T07:07:31.606177,71.7,,45.84,2.028,11.34,9.14,2.2,31.0,0,NOMINAL
VEH_4844,24,2026-08-30T07:08:36.606177,75.02,,46.88,2.6,9.94,7.11,2.83,28.0,0,NOMINAL
VEH_4844,25,2026-08-30T07:09:41.606177,66.4,,45.97,2.212,10.02,7.5,2.52,29.5,0,NOMINAL
VEH_4844,26,2026-08-30T07:10:46.606177,64.21,42.47,45.8,2.498,15.28,13.11,2.17,31.0,0,NOMINAL
VEH_4844,27,2026-08-30T07:11:51.606177,70.6,42.68,48.22,2.099,17.02,13.89,3.13,28.0,0,NOMINAL
VEH_4844,28,2026-08-30T07:12:56.606177,72.17,,46.53,2.485,9.58,7.04,2.54,29.5,0,NOMINAL
VEH_4844,29,2026-08-30T07:14:01.606177,74.74,,48.78,2.453,10.47,7.81,2.66,31.0,0,NOMINAL
VEH_4844,30,2026-08-30T07:15:06.606177,65.26,,48.63,2.254,11.31,8.2,3.11,28.0,0,NOMINAL
VEH_4845,1,2026-08-30T06:44:56.606177,67.0,42.05,36.9,1.394,17.59,17.21,0.38,34.3,0,NOMINAL
VEH_4845,2,2026-08-30T06:46:01.606177,71.16,42.74,37.15,1.551,18.59,18.09,0.5,34.6,0,NOMINAL
VEH_4845,3,2026-08-30T06:47:06.606177,72.32,,39.43,1.601,12.41,11.74,0.67,34.9,0,NOMINAL
VEH_4845,4,2026-08-30T06:48:11.606177,77.06,,37.95,1.694,13.09,12.61,0.48,35.2,0,NOMINAL
VEH_4845,5,2026-08-30T06:49:16.606177,66.14,,38.7,1.602,13.62,13.1,0.52,35.5,0,NOMINAL
VEH_4845,6,2026-08-30T06:50:21.606177,67.68,,39.25,1.637,12.1,11.58,0.52,35.8,0,NOMINAL
VEH_4845,7,2026-08-30T06:51:26.606177,70.85,41.95,40.27,1.817,17.93,17.29,0.64,36.1,0,NOMINAL
VEH_4845,8,2026-08-30T06:52:31.606177,73.15,43.15,37.43,1.99,18.47,18.17,0.3,36.4,0,NOMINAL
VEH_4845,9,2026-08-30T06:53:36.606177,72.91,,41.5,1.625,12.47,11.81,0.66,36.7,0,NOMINAL
VEH_4845,10,2026-08-30T06:54:41.606177,64.79,,40.62,1.84,12.84,12.3,0.54,37.0,0,NOMINAL
VEH_4845,11,2026-08-30T06:55:46.606177,68.85,,40.93,1.662,13.88,12.78,1.1,48.0,0,NOMINAL
VEH_4845,12,2026-08-30T06:56:51.606177,71.65,,40.85,1.921,11.28,10.16,1.12,48.0,0,NOMINAL
VEH_4845,13,2026-08-30T06:57:56.606177,71.39,,41.31,2.081,11.6,11.14,0.46,38.0,0,NOMINAL
VEH_4845,14,2026-08-30T06:59:01.606177,74.41,43.1,41.09,2.11,18.79,18.24,0.55,38.2,0,NOMINAL
VEH_4845,15,2026-08-30T07:00:06.606177,65.2,,43.07,1.996,13.47,12.7,0.77,38.0,0,NOMINAL
VEH_4845,16,2026-08-30T07:01:11.606177,64.63,,42.51,2.486,10.67,10.08,0.59,38.0,0,NOMINAL
VEH_4845,17,2026-08-30T07:02:16.606177,70.54,,43.09,1.936,13.61,11.06,2.55,60.0,0,NOMINAL
VEH_4845,18,2026-08-30T07:03:21.606177,72.65,,43.07,2.072,12.8,12.04,0.76,38.0,0,NOMINAL
VEH_4845,19,2026-08-30T07:04:26.606177,74.31,,43.48,1.85,11.29,9.21,2.08,29.5,0,NOMINAL
VEH_4845,20,2026-08-30T07:05:31.606177,63.35,,43.58,2.147,8.64,6.8,1.84,31.0,0,NOMINAL
VEH_4845,21,2026-08-30T07:06:36.606177,66.08,,45.08,2.398,10.1,7.58,2.52,28.0,0,NOMINAL
VEH_4845,22,2026-08-30T07:07:41.606177,72.4,,45.1,2.127,10.77,8.36,2.41,29.5,0,NOMINAL
VEH_4845,23,2026-08-30T07:08:46.606177,72.31,,45.7,2.154,11.33,9.14,2.19,31.0,0,NOMINAL
VEH_4845,24,2026-08-30T07:09:51.606177,74.91,,45.94,1.984,9.8,7.11,2.69,28.0,0,NOMINAL
VEH_4845,25,2026-08-30T07:10:56.606177,65.45,,47.24,2.51,10.18,7.5,2.68,29.5,0,NOMINAL
VEH_4845,26,2026-08-30T07:12:01.606177,67.18,43.26,47.11,2.21,15.66,13.11,2.55,31.0,0,NOMINAL
VEH_4845,27,2026-08-30T07:13:06.606177,70.48,42.07,47.62,2.415,16.85,13.89,2.96,28.0,0,NOMINAL
VEH_4845,28,2026-08-30T07:14:11.606177,72.96,,48.16,2.106,9.85,7.04,2.81,29.5,0,NOMINAL
VEH_4845,29,2026-08-30T07:15:16.606177,73.05,,47.71,2.48,10.26,7.81,2.45,31.0,0,NOMINAL
VEH_4845,30,2026-08-30T07:16:21.606177,63.76,,48.21,2.284,11.2,8.2,3.0,28.0,0,NOMINAL
VEH_4846,1,2026-08-30T06:46:11.606177,67.22,39.32,36.74,1.432,17.26,17.21,0.05,34.3,0,NOMINAL
VEH_4846,2,2026-08-30T06:47:16.606177,69.77,39.59,37.46,1.416,18.23,18.09,0.14,34.6,0,NOMINAL
VEH_4846,3,2026-08-30T06:48:21.606177,74.84,,38.1,1.391,12.29,11.74,0.55,34.9,0,NOMINAL
VEH_4846,4,2026-08-30T06:49:26.606177,78.71,,38.25,1.516,13.18,12.61,0.57,35.2,0,NOMINAL
VEH_4846,5,2026-08-30T06:50:31.606177,64.93,,38.13,1.558,13.5,13.1,0.4,35.5,0,NOMINAL
VEH_4846,6,2026-08-30T06:51:36.606177,66.01,,38.99,1.294,12.01,11.58,0.43,35.8,0,NOMINAL
VEH_4846,7,2026-08-30T06:52:41.606177,69.75,38.86,39.06,1.436,17.36,17.29,0.07,36.1,0,NOMINAL
VEH_4846,8,2026-08-30T06:53:46.606177,72.1,36.38,40.47,1.535,18.17,18.17,0.0,36.4,0,NOMINAL
VEH_4846,9,2026-08-30T06:54:51.606177,75.31,,40.17,1.608,12.34,11.81,0.53,36.7,0,NOMINAL
VEH_4846,10,2026-08-30T06:55:56.606177,63.13,,42.83,1.646,13.12,12.3,0.82,37.0,0,NOMINAL
VEH_4846,11,2026-08-30T06:57:01.606177,67.72,,41.58,1.628,13.75,12.78,0.97,48.0,0,NOMINAL
VEH_4846,12,2026-08-30T06:58:06.606177,68.31,,41.68,1.463,11.05,10.16,0.89,48.0,0,NOMINAL
VEH_4846,13,2026-08-30T06:59:11.606177,72.83,,42.24,2.098,11.78,11.14,0.64,38.0,0,NOMINAL
VEH_4846,14,2026-08-30T07:00:16.606177,76.92,35.89,41.59,2.225,18.24,18.24,0.0,38.2,0,NOMINAL
VEH_4846,15,2026-08-30T07:01:21.606177,63.05,,40.47,1.855,13.01,12.7,0.31,38.0,0,NOMINAL
VEH_4846,16,2026-08-30T07:02:26.606177,67.67,,43.02,1.8,10.84,10.08,0.76,38.0,0,NOMINAL
VEH_4846,17,2026-08-30T07:03:31.606177,70.61,,42.95,1.96,13.63,11.06,2.57,60.0,0,NOMINAL
VEH_4846,18,2026-08-30T07:04:36.606177,72.21,,45.38,1.644,13.13,12.04,1.09,38.0,0,NOMINAL
VEH_4846,19,2026-08-30T07:05:41.606177,72.23,,43.8,2.296,11.27,9.21,2.06,29.5,0,NOMINAL
VEH_4846,20,2026-08-30T07:06:46.606177,64.72,,44.83,2.073,8.87,6.8,2.07,31.0,0,NOMINAL
VEH_4846,21,2026-08-30T07:07:51.606177,67.76,,44.39,1.696,10.05,7.58,2.47,28.0,0,NOMINAL
VEH_4846,22,2026-08-30T07:08:56.606177,70.82,,45.31,1.93,10.76,8.36,2.4,29.5,0,NOMINAL
VEH_4846,23,2026-08-30T07:10:01.606177,72.54,,45.93,1.891,11.38,9.14,2.24,31.0,0,NOMINAL
VEH_4846,24,2026-08-30T07:11:06.606177,76.44,,47.7,1.967,10.11,7.11,3.0,28.0,0,NOMINAL
VEH_4846,25,2026-08-30T07:12:11.606177,65.19,,47.65,2.078,10.23,7.5,2.73,29.5,0,NOMINAL
VEH_4846,26,2026-08-30T07:13:16.606177,67.36,38.96,47.29,2.25,15.2,13.11,2.09,31.0,0,NOMINAL
VEH_4846,27,2026-08-30T07:14:21.606177,72.12,38.65,46.35,2.076,16.32,13.89,2.43,28.0,0,NOMINAL
VEH_4846,28,2026-08-30T07:15:26.606177,71.06,,46.43,2.133,9.53,7.04,2.49,29.5,0,NOMINAL
VEH_4846,29,2026-08-30T07:16:31.606177,78.51,,47.23,2.057,10.36,7.81,2.55,31.0,0,NOMINAL
VEH_4846,30,2026-08-30T07:17:36.606177,64.32,,47.85,2.334,11.16,8.2,2.96,28.0,0,NOMINAL
VEH_4847,1,2026-08-30T06:47:26.606177,69.39,41.62,36.24,1.465,17.52,17.21,0.31,34.3,0,NOMINAL
VEH_4847,2,2026-08-30T06:48:31.606177,68.49,39.88,37.03,1.282,18.16,18.09,0.07,34.6,0,NOMINAL
VEH_4847,3,2026-08-30T06:49:36.606177,71.78,,37.71,1.636,12.13,11.74,0.39,34.9,0,NOMINAL
VEH_4847,4,2026-08-30T06:50:41.606177,74.22,,37.72,1.488,12.97,12.61,0.36,35.2,0,NOMINAL
VEH_4847,5,2026-08-30T06:51:46.606177,65.25,,37.35,1.789,13.39,13.1,0.29,35.5,0,NOMINAL
VEH_4847,6,2026-08-30T06:52:51.606177,65.56,,39.33,1.572,12.05,11.58,0.47,35.8,0,NOMINAL
VEH_4847,7,2026-08-30T06:53:56.606177,70.39,41.52,37.9,1.6,17.52,17.29,0.23,36.1,0,NOMINAL
VEH_4847,8,2026-08-30T06:55:01.606177,72.83,39.69,38.6,1.977,18.24,18.17,0.07,36.4,0,NOMINAL
VEH_4847,9,2026-08-30T06:56:06.606177,74.0,,40.66,1.707,12.38,11.81,0.57,36.7,0,NOMINAL
VEH_4847,10,2026-08-30T06:57:11.606177,63.32,,39.35,1.854,12.6,12.3,0.3,37.0,0,NOMINAL
VEH_4847,11,2026-08-30T06:58:16.606177,68.71,,41.85,1.758,13.74,12.78,0.96,48.0,0,NOMINAL
VEH_4847,12,2026-08-30T06:59:21.606177,70.05,,42.26,1.843,11.02,10.16,0.86,48.0,0,NOMINAL
VEH_4847,13,2026-08-30T07:00:26.606177,69.47,,40.29,1.81,11.39,11.14,0.25,38.0,0,NOMINAL
VEH_4847,14,2026-08-30T07:01:31.606177,74.79,39.52,39.96,2.177,18.24,18.24,0.0,38.2,0,NOMINAL
VEH_4847,15,2026-08-30T07:02:36.606177,65.12,,42.86,1.895,13.44,12.7,0.74,38.0,0,NOMINAL
VEH_4847,16,2026-08-30T07:03:41.606177,67.61,,43.67,1.71,10.94,10.08,0.86,38.0,0,NOMINAL
VEH_4847,17,2026-08-30T07:04:46.606177,69.52,,43.88,2.099,13.46,11.06,2.4,60.0,0,NOMINAL
VEH_4847,18,2026-08-30T07:05:51.606177,74.89,,44.39,2.06,13.07,12.04,1.03,38.0,0,NOMINAL
VEH_4847,19,2026-08-30T07:06:56.606177,76.19,,42.8,2.068,11.25,9.21,2.04,29.5,0,NOMINAL
VEH_4847,20,2026-08-30T07:08:01.606177,63.92,,43.84,1.976,8.7,6.8,1.9,31.0,0,NOMINAL
VEH_4847,21,2026-08-30T07:09:06.606177,67.31,,44.66,2.557,10.07,7.58,2.49,28.0,0,NOMINAL
VEH_4847,22,2026-08-30T07:10:11.606177,70.33,,46.43,1.928,10.91,8.36,2.55,29.5,0,NOMINAL
VEH_4847,23,2026-08-30T07:11:16.606177,75.01,,46.3,2.105,11.51,9.14,2.37,31.0,0,NOMINAL
VEH_4847,24,2026-08-30T07:12:21.606177,74.76,,46.22,1.984,9.84,7.11,2.73,28.0,0,NOMINAL
VEH_4847,25,2026-08-30T07:13:26.606177,66.17,,47.13,2.069,10.18,7.5,2.68,29.5,0,NOMINAL
VEH_4847,26,2026-08-30T07:14:31.606177,65.44,39.72,47.16,2.277,15.21,13.11,2.1,31.0,0,NOMINAL
VEH_4847,27,2026-08-30T07:15:36.606177,70.97,42.32,47.56,2.295,16.89,13.89,3.0,28.0,0,NOMINAL
VEH_4847,28,2026-08-30T07:16:41.606177,71.33,,47.08,2.604,9.64,7.04,2.6,29.5,0,NOMINAL
VEH_4847,29,2026-08-30T07:17:46.606177,78.89,,48.74,2.389,10.59,7.81,2.78,31.0,0,NOMINAL
VEH_4847,30,2026-08-30T07:18:51.606177,65.95,,48.85,2.286,11.36,8.2,3.16,28.0,0,NOMINAL
VEH_4848,1,2026-08-30T06:48:41.606177,67.5,44.15,37.42,1.275,17.93,17.21,0.72,34.3,0,NOMINAL
VEH_4848,2,2026-08-30T06:49:46.606177,69.23,44.16,37.54,1.464,18.75,18.09,0.66,34.6,0,NOMINAL
VEH_4848,3,2026-08-30T06:50:51.606177,72.78,,37.05,1.974,12.07,11.74,0.33,34.9,0,NOMINAL
VEH_4848,4,2026-08-30T06:51:56.606177,75.11,,37.2,1.565,12.92,12.61,0.31,35.2,0,NOMINAL
VEH_4848,5,2026-08-30T06:53:01.606177,67.11,,37.82,1.739,13.52,13.1,0.42,35.5,0,NOMINAL
VEH_4848,6,2026-08-30T06:54:06.606177,68.1,,39.63,1.956,12.17,11.58,0.59,35.8,0,NOMINAL
VEH_4848,7,2026-08-30T06:55:11.606177,68.53,44.96,39.92,1.813,18.16,17.29,0.87,36.1,0,NOMINAL
VEH_4848,8,2026-08-30T06:56:16.606177,71.04,42.88,38.58,2.037,18.55,18.17,0.38,36.4,0,NOMINAL
VEH_4848,9,2026-08-30T06:57:21.606177,73.77,,39.92,1.997,12.26,11.81,0.45,36.7,0,NOMINAL
VEH_4848,10,2026-08-30T06:58:26.606177,62.71,,40.13,2.09,12.7,12.3,0.4,37.0,0,NOMINAL
VEH_4848,11,2026-08-30T06:59:31.606177,67.27,,41.42,1.834,13.76,12.78,0.98,48.0,0,NOMINAL
VEH_4848,12,2026-08-30T07:00:36.606177,70.95,,41.64,2.129,11.14,10.16,0.98,48.0,0,NOMINAL
VEH_4848,13,2026-08-30T07:01:41.606177,72.34,,43.9,2.004,12.01,11.14,0.87,38.0,0,NOMINAL
VEH_4848,14,2026-08-30T07:02:46.606177,74.87,43.81,42.05,1.987,19.02,18.24,0.78,38.2,0,NOMINAL
VEH_4848,15,2026-08-30T07:03:51.606177,62.64,,42.02,1.797,13.23,12.7,0.53,38.0,0,NOMINAL
VEH_4848,16,2026-08-30T07:04:56.606177,66.99,,43.16,2.428,10.84,10.08,0.76,38.0,0,NOMINAL
VEH_4848,17,2026-08-30T07:06:01.606177,71.04,,42.14,2.298,13.77,11.06,2.71,60.0,0,NOMINAL
VEH_4848,18,2026-08-30T07:07:06.606177,73.48,,43.66,2.519,12.92,12.04,0.88,38.0,0,NOMINAL
VEH_4848,19,2026-08-30T07:08:11.606177,75.13,,43.78,2.183,11.36,9.21,2.15,29.5,0,NOMINAL
VEH_4848,20,2026-08-30T07:09:16.606177,66.84,,45.31,2.034,9.01,6.8,2.21,31.0,0,NOMINAL
VEH_4848,21,2026-08-30T07:10:21.606177,67.06,,45.78,2.349,10.24,7.58,2.66,28.0,0,NOMINAL
VEH_4848,22,2026-08-30T07:11:26.606177,71.8,,46.88,2.753,11.02,8.36,2.66,29.5,0,NOMINAL
VEH_4848,23,2026-08-30T07:12:31.606177,72.56,,46.32,2.259,11.43,9.14,2.29,31.0,0,NOMINAL
VEH_4848,24,2026-08-30T07:13:36.606177,77.87,,46.83,2.496,10.02,7.11,2.91,28.0,0,NOMINAL
VEH_4848,25,2026-08-30T07:14:41.606177,66.04,,46.19,2.481,10.04,7.5,2.54,29.5,0,NOMINAL
VEH_4848,26,2026-08-30T07:15:46.606177,65.69,42.41,46.41,2.717,15.42,13.11,2.31,31.0,0,NOMINAL
VEH_4848,27,2026-08-30T07:16:51.606177,71.56,45.41,46.29,2.654,17.07,13.89,3.18,28.0,0,NOMINAL
VEH_4848,28,2026-08-30T07:17:56.606177,72.88,,46.7,2.368,9.63,7.04,2.59,29.5,0,NOMINAL
VEH_4848,29,2026-08-30T07:19:01.606177,75.32,,48.0,2.591,10.37,7.81,2.56,31.0,0,NOMINAL
VEH_4848,30,2026-08-30T07:20:06.606177,65.11,,48.9,2.583,11.34,8.2,3.14,28.0,0,NOMINAL
VEH_4849,1,2026-08-30T06:49:56.606177,67.35,43.89,37.44,1.633,17.9,17.21,0.69,34.3,0,NOMINAL
VEH_4849,2,2026-08-30T06:51:01.606177,68.68,42.17,36.4,1.689,18.34,18.09,0.25,34.6,0,NOMINAL
VEH_4849,3,2026-08-30T06:52:06.606177,73.78,,36.92,1.761,12.08,11.74,0.34,34.9,0,NOMINAL
VEH_4849,4,2026-08-30T06:53:11.606177,76.25,,37.04,1.756,12.93,12.61,0.32,35.2,0,NOMINAL
VEH_4849,5,2026-08-30T06:54:16.606177,63.95,,37.23,1.646,13.33,13.1,0.23,35.5,0,NOMINAL
VEH_4849,6,2026-08-30T06:55:21.606177,68.16,,38.77,1.78,12.05,11.58,0.47,35.8,0,NOMINAL
VEH_4849,7,2026-08-30T06:56:26.606177,70.18,44.26,39.08,1.653,18.0,17.29,0.71,36.1,0,NOMINAL
VEH_4849,8,2026-08-30T06:57:31.606177,74.03,43.52,39.14,1.62,18.8,18.17,0.63,36.4,0,NOMINAL
VEH_4849,9,2026-08-30T06:58:36.606177,74.34,,39.3,1.98,12.18,11.81,0.37,36.7,0,NOMINAL
VEH_4849,10,2026-08-30T06:59:41.606177,66.31,,40.12,1.908,12.81,12.3,0.51,37.0,0,NOMINAL
VEH_4849,11,2026-08-30T07:00:46.606177,68.65,,39.34,1.929,14.12,12.78,1.34,48.0,0,NOMINAL
VEH_4849,12,2026-08-30T07:01:51.606177,70.08,,41.13,1.749,11.19,10.16,1.03,48.0,0,NOMINAL
VEH_4849,13,2026-08-30T07:02:56.606177,72.81,,42.94,2.163,11.89,11.14,0.75,38.0,0,NOMINAL
VEH_4849,14,2026-08-30T07:04:01.606177,74.07,43.69,41.59,2.165,18.92,18.24,0.68,38.2,0,NOMINAL
VEH_4849,15,2026-08-30T07:05:06.606177,63.22,,42.19,1.774,13.28,12.7,0.58,38.0,0,NOMINAL
VEH_4849,16,2026-08-30T07:06:11.606177,67.63,,43.18,2.245,10.86,10.08,0.78,38.0,0,NOMINAL
VEH_4849,17,2026-08-30T07:07:16.606177,68.42,,42.08,2.095,13.7,11.06,2.64,60.0,0,NOMINAL
VEH_4849,18,2026-08-30T07:08:21.606177,74.55,,43.78,2.251,12.97,12.04,0.93,38.0,0,NOMINAL
VEH_4849,19,2026-08-30T07:09:26.606177,73.39,,43.8,2.509,11.31,9.21,2.1,29.5,0,NOMINAL
VEH_4849,20,2026-08-30T07:10:31.606177,63.87,,45.4,2.178,8.93,6.8,2.13,31.0,0,NOMINAL
VEH_4849,21,2026-08-30T07:11:36.606177,66.63,,45.03,2.479,10.11,7.58,2.53,28.0,0,NOMINAL
VEH_4849,22,2026-08-30T07:12:41.606177,69.83,,45.46,2.497,10.75,8.36,2.39,29.5,0,NOMINAL
VEH_4849,23,2026-08-30T07:13:46.606177,73.68,,46.28,2.287,11.46,9.14,2.32,31.0,0,NOMINAL
VEH_4849,24,2026-08-30T07:14:51.606177,72.73,,45.08,2.273,9.6,7.11,2.49,28.0,0,NOMINAL
VEH_4849,25,2026-08-30T07:15:56.606177,63.23,,47.41,2.173,10.14,7.5,2.64,29.5,0,NOMINAL
VEH_4849,26,2026-08-30T07:17:01.606177,65.86,41.87,48.91,2.711,15.73,13.11,2.62,31.0,0,NOMINAL
VEH_4849,27,2026-08-30T07:18:06.606177,71.9,42.61,49.1,2.137,17.18,13.89,3.29,28.0,0,NOMINAL
VEH_4849,28,2026-08-30T07:19:11.606177,73.17,,47.03,2.195,9.69,7.04,2.65,29.5,0,NOMINAL
VEH_4849,29,2026-08-30T07:20:16.606177,76.71,,48.05,2.379,10.42,7.81,2.61,31.0,0,NOMINAL
VEH_4849,30,2026-08-30T07:21:21.606177,61.54,,48.53,2.815,11.18,8.2,2.98,28.0,0,NOMINAL
VEH_4850,1,2026-08-30T06:51:11.606177,67.11,43.2,37.54,1.491,17.82,17.21,0.61,34.3,0,NOMINAL
VEH_4850,2,2026-08-30T06:52:16.606177,69.56,44.02,38.14,1.623,18.84,18.09,0.75,34.6,0,NOMINAL
VEH_4850,3,2026-08-30T06:53:21.606177,69.66,,37.25,1.751,12.0,11.74,0.26,34.9,0,NOMINAL
VEH_4850,4,2026-08-30T06:54:26.606177,77.12,,37.2,1.541,12.98,12.61,0.37,35.2,0,NOMINAL
VEH_4850,5,2026-08-30T06:55:31.606177,65.67,,37.98,1.781,13.5,13.1,0.4,35.5,0,NOMINAL
VEH_4850,6,2026-08-30T06:56:36.606177,68.11,,40.19,1.604,12.26,11.58,0.68,35.8,0,NOMINAL
VEH_4850,7,2026-08-30T06:57:41.606177,68.99,42.44,41.35,1.807,18.1,17.29,0.81,36.1,0,NOMINAL
VEH_4850,8,2026-08-30T06:58:46.606177,69.85,42.44,40.41,1.875,18.74,18.17,0.57,36.4,0,NOMINAL
VEH_4850,9,2026-08-30T06:59:51.606177,73.68,,41.24,1.958,12.45,11.81,0.64,36.7,0,NOMINAL
VEH_4850,10,2026-08-30T07:00:56.606177,65.18,,40.09,2.209,12.77,12.3,0.47,37.0,0,NOMINAL
VEH_4850,11,2026-08-30T07:02:01.606177,67.93,,40.78,2.058,13.88,12.78,1.1,48.0,0,NOMINAL
VEH_4850,12,2026-08-30T07:03:06.606177,72.87,,40.82,1.953,11.32,10.16,1.16,48.0,0,NOMINAL
VEH_4850,13,2026-08-30T07:04:11.606177,71.95,,40.97,2.032,11.56,11.14,0.42,38.0,0,NOMINAL
VEH_4850,14,2026-08-30T07:05:16.606177,75.97,43.59,43.03,1.908,19.18,18.24,0.94,38.2,0,NOMINAL
VEH_4850,15,2026-08-30T07:06:21.606177,63.75,,43.05,2.241,13.42,12.7,0.72,38.0,0,NOMINAL
VEH_4850,16,2026-08-30T07:07:26.606177,67.12,,44.23,2.067,11.0,10.08,0.92,38.0,0,NOMINAL
VEH_4850,17,2026-08-30T07:08:31.606177,68.57,,44.07,2.0,13.4,11.06,2.34,60.0,0,NOMINAL
VEH_4850,18,2026-08-30T07:09:36.606177,71.14,,43.21,2.066,12.78,12.04,0.74,38.0,0,NOMINAL
VEH_4850,19,2026-08-30T07:10:41.606177,76.15,,45.03,1.853,11.58,9.21,2.37,29.5,0,NOMINAL
VEH_4850,20,2026-08-30T07:11:46.606177,66.17,,45.34,2.05,8.99,6.8,2.19,31.0,0,NOMINAL
VEH_4850,21,2026-08-30T07:12:51.606177,67.28,,46.08,2.072,10.29,7.58,2.71,28.0,0,NOMINAL
VEH_4850,22,2026-08-30T07:13:56.606177,70.73,,45.37,2.525,10.76,8.36,2.4,29.5,0,NOMINAL
VEH_4850,23,2026-08-30T07:15:01.606177,73.65,,45.67,2.47,11.37,9.14,2.23,31.0,0,NOMINAL
VEH_4850,24,2026-08-30T07:16:06.606177,74.99,,45.1,2.263,9.68,7.11,2.57,28.0,0,NOMINAL
VEH_4850,25,2026-08-30T07:17:11.606177,64.38,,47.09,2.568,10.12,7.5,2.62,29.5,0,NOMINAL
VEH_4850,26,2026-08-30T07:18:16.606177,67.63,43.07,46.06,2.518,15.5,13.11,2.39,31.0,0,NOMINAL
VEH_4850,27,2026-08-30T07:19:21.606177,69.72,43.03,47.93,2.341,16.99,13.89,3.1,28.0,0,NOMINAL
VEH_4850,28,2026-08-30T07:20:26.606177,72.45,,47.45,2.721,9.73,7.04,2.69,29.5,0,NOMINAL
VEH_4850,29,2026-08-30T07:21:31.606177,74.83,,47.91,2.439,10.34,7.81,2.53,31.0,0,NOMINAL
VEH_4850,30,2026-08-30T07:22:36.606177,65.09,,47.3,2.355,11.1,8.2,2.9,28.0,0,NOMINAL
VEH_4851,1,2026-08-30T06:52:26.606177,65.6,41.15,36.88,1.503,17.44,17.21,0.23,34.3,0,NOMINAL
VEH_4851,2,2026-08-30T06:53:31.606177,67.64,42.79,35.73,1.368,18.28,18.09,0.19,34.6,0,NOMINAL
VEH_4851,3,2026-08-30T06:54:36.606177,73.85,,38.38,1.451,12.3,11.74,0.56,34.9,0,NOMINAL
VEH_4851,4,2026-08-30T06:55:41.606177,74.7,,36.22,1.513,12.76,12.61,0.15,35.2,0,NOMINAL
VEH_4851,5,2026-08-30T06:56:46.606177,64.49,,38.71,1.565,13.57,13.1,0.47,35.5,0,NOMINAL
VEH_4851,6,2026-08-30T06:57:51.606177,67.29,,39.96,1.808,12.2,11.58,0.62,35.8,0,NOMINAL
VEH_4851,7,2026-08-30T06:58:56.606177,70.08,43.18,39.04,1.523,17.87,17.29,0.58,36.1,0,NOMINAL
VEH_4851,8,2026-08-30T07:00:01.606177,72.9,42.29,39.44,1.787,18.67,18.17,0.5,36.4,0,NOMINAL
VEH_4851,9,2026-08-30T07:01:06.606177,76.52,,41.47,1.792,12.57,11.81,0.76,36.7,0,NOMINAL
VEH_4851,10,2026-08-30T07:02:11.606177,62.67,,40.62,1.621,12.78,12.3,0.48,37.0,0,NOMINAL
VEH_4851,11,2026-08-30T07:03:16.606177,66.7,,40.55,1.826,13.87,12.78,1.09,48.0,0,NOMINAL
VEH_4851,12,2026-08-30T07:04:21.606177,71.06,,40.29,1.971,11.35,10.16,1.19,48.0,0,NOMINAL
VEH_4851,13,2026-08-30T07:05:26.606177,71.52,,42.53,1.874,11.78,11.14,0.64,38.0,0,NOMINAL
VEH_4851,14,2026-08-30T07:06:31.606177,74.9,42.01,42.57,1.94,18.9,18.24,0.66,38.2,0,NOMINAL
VEH_4851,15,2026-08-30T07:07:36.606177,65.05,,42.92,1.877,13.44,12.7,0.74,38.0,0,NOMINAL
VEH_4851,16,2026-08-30T07:08:41.606177,67.06,,42.07,2.279,10.68,10.08,0.6,38.0,0,NOMINAL
VEH_4851,17,2026-08-30T07:09:46.606177,69.72,,44.0,2.138,13.45,11.06,2.39,60.0,0,NOMINAL
VEH_4851,18,2026-08-30T07:10:51.606177,70.52,,43.49,2.202,12.8,12.04,0.76,38.0,0,NOMINAL
VEH_4851,19,2026-08-30T07:11:56.606177,73.3,,42.81,2.073,11.16,9.21,1.95,29.5,0,NOMINAL
VEH_4851,20,2026-08-30T07:13:01.606177,63.78,,43.47,1.966,8.64,6.8,1.84,31.0,0,NOMINAL
VEH_4851,21,2026-08-30T07:14:06.606177,66.75,,46.57,2.288,10.34,7.58,2.76,28.0,0,NOMINAL
VEH_4851,22,2026-08-30T07:15:11.606177,69.4,,43.99,2.222,10.51,8.36,2.15,29.5,0,NOMINAL
VEH_4851,23,2026-08-30T07:16:16.606177,71.33,,45.14,2.165,11.22,9.14,2.08,31.0,0,NOMINAL
VEH_4851,24,2026-08-30T07:17:21.606177,74.29,,44.47,2.341,9.56,7.11,2.45,28.0,0,NOMINAL
VEH_4851,25,2026-08-30T07:18:26.606177,63.04,,45.79,2.229,9.89,7.5,2.39,29.5,0,NOMINAL
VEH_4851,26,2026-08-30T07:19:31.606177,66.01,41.04,46.15,2.503,15.23,13.11,2.12,31.0,0,NOMINAL
VEH_4851,27,2026-08-30T07:20:36.606177,70.15,43.46,47.9,2.332,17.05,13.89,3.16,28.0,0,NOMINAL
VEH_4851,28,2026-08-30T07:21:41.606177,71.14,,47.11,2.316,9.64,7.04,2.6,29.5,0,NOMINAL
VEH_4851,29,2026-08-30T07:22:46.606177,72.51,,48.83,2.804,10.41,7.81,2.6,31.0,0,NOMINAL
VEH_4851,30,2026-08-30T07:23:51.606177,65.36,,49.46,2.321,11.43,8.2,3.23,28.0,0,NOMINAL
VEH_4852,1,2026-08-30T06:53:41.606177,67.85,40.62,37.47,1.253,17.54,17.21,0.33,34.3,0,NOMINAL
VEH_4852,2,2026-08-30T06:54:46.606177,69.6,43.12,36.18,1.605,18.44,18.09,0.35,34.6,0,NOMINAL
VEH_4852,3,2026-08-30T06:55:51.606177,72.23,,37.97,1.524,12.19,11.74,0.45,34.9,0,NOMINAL
VEH_4852,4,2026-08-30T06:56:56.606177,75.65,,39.05,1.702,13.21,12.61,0.6,35.2,0,NOMINAL
VEH_4852,5,2026-08-30T06:58:01.606177,64.06,,38.42,1.609,13.51,13.1,0.41,35.5,0,NOMINAL
VEH_4852,6,2026-08-30T06:59:06.606177,66.17,,39.61,1.866,12.11,11.58,0.53,35.8,0,NOMINAL
VEH_4852,7,2026-08-30T07:00:11.606177,70.21,42.97,40.12,1.681,18.01,17.29,0.72,36.1,0,NOMINAL
VEH_4852,8,2026-08-30T07:01:16.606177,73.09,43.01,40.31,1.695,18.89,18.17,0.72,36.4,0,NOMINAL
VEH_4852,9,2026-08-30T07:02:21.606177,73.1,,39.51,1.747,12.18,11.81,0.37,36.7,0,NOMINAL
VEH_4852,10,2026-08-30T07:03:26.606177,65.71,,42.66,1.86,13.17,12.3,0.87,37.0,0,NOMINAL
VEH_4852,11,2026-08-30T07:04:31.606177,69.54,,40.81,1.886,13.92,12.78,1.14,48.0,0,NOMINAL
VEH_4852,12,2026-08-30T07:05:36.606177,71.07,,40.05,1.885,11.38,10.16,1.22,48.0,0,NOMINAL
VEH_4852,13,2026-08-30T07:06:41.606177,73.9,,41.96,1.851,11.77,11.14,0.63,38.0,0,NOMINAL
VEH_4852,14,2026-08-30T07:07:46.606177,74.46,40.87,42.53,2.093,18.75,18.24,0.51,38.2,0,NOMINAL
VEH_4852,15,2026-08-30T07:08:51.606177,66.85,,43.52,1.869,13.59,12.7,0.89,38.0,0,NOMINAL
VEH_4852,16,2026-08-30T07:09:56.606177,68.48,,42.69,1.979,10.82,10.08,0.74,38.0,0,NOMINAL
VEH_4852,17,2026-08-30T07:11:01.606177,70.34,,41.42,1.835,13.86,11.06,2.8,60.0,0,NOMINAL
VEH_4852,18,2026-08-30T07:12:06.606177,72.29,,42.69,2.349,12.73,12.04,0.69,38.0,0,NOMINAL
VEH_4852,19,2026-08-30T07:13:11.606177,75.47,,44.61,2.094,11.49,9.21,2.28,29.5,0,NOMINAL
VEH_4852,20,2026-08-30T07:14:16.606177,66.39,,43.88,2.254,8.78,6.8,1.98,31.0,0,NOMINAL
VEH_4852,21,2026-08-30T07:15:21.606177,67.37,,46.01,2.303,10.28,7.58,2.7,28.0,0,NOMINAL
VEH_4852,22,2026-08-30T07:16:26.606177,71.68,,46.67,2.185,10.99,8.36,2.63,29.5,0,NOMINAL
VEH_4852,23,2026-08-30T07:17:31.606177,72.47,,46.34,2.441,11.44,9.14,2.3,31.0,0,NOMINAL
VEH_4852,24,2026-08-30T07:18:36.606177,74.77,,45.26,2.318,9.69,7.11,2.58,28.0,0,NOMINAL
VEH_4852,25,2026-08-30T07:19:41.606177,67.57,,46.25,2.321,10.1,7.5,2.6,29.5,0,NOMINAL
VEH_4852,26,2026-08-30T07:20:46.606177,68.89,40.88,46.17,2.2,15.3,13.11,2.19,31.0,0,NOMINAL
VEH_4852,27,2026-08-30T07:21:51.606177,70.05,41.3,47.15,2.379,16.68,13.89,2.79,28.0,0,NOMINAL
VEH_4852,28,2026-08-30T07:22:56.606177,70.65,,47.56,2.608,9.69,7.04,2.65,29.5,0,NOMINAL
VEH_4852,29,2026-08-30T07:24:01.606177,73.94,,48.27,2.338,10.37,7.81,2.56,31.0,0,NOMINAL
VEH_4852,30,2026-08-30T07:25:06.606177,63.59,,49.04,2.677,11.32,8.2,3.12,28.0,0,NOMINAL
VEH_4853,1,2026-08-30T06:54:56.606177,67.03,40.6,37.35,1.123,17.49,17.21,0.28,34.3,0,NOMINAL
VEH_4853,2,2026-08-30T06:56:01.606177,68.81,39.23,37.31,1.297,18.14,18.09,0.05,34.6,0,NOMINAL
VEH_4853,3,2026-08-30T06:57:06.606177,72.73,,38.63,1.707,12.3,11.74,0.56,34.9,0,NOMINAL
VEH_4853,4,2026-08-30T06:58:11.606177,73.53,,39.85,1.691,13.26,12.61,0.65,35.2,0,NOMINAL
VEH_4853,5,2026-08-30T06:59:16.606177,65.0,,36.7,1.878,13.28,13.1,0.18,35.5,0,NOMINAL
VEH_4853,6,2026-08-30T07:00:21.606177,64.65,,39.24,1.744,12.01,11.58,0.43,35.8,0,NOMINAL
VEH_4853,7,2026-08-30T07:01:26.606177,69.95,41.67,38.4,1.642,17.59,17.29,0.3,36.1,0,NOMINAL
VEH_4853,8,2026-08-30T07:02:31.606177,72.99,39.67,38.6,1.805,18.24,18.17,0.07,36.4,0,NOMINAL
VEH_4853,9,2026-08-30T07:03:36.606177,74.09,,39.9,1.684,12.26,11.81,0.45,36.7,0,NOMINAL
VEH_4853,10,2026-08-30T07:04:41.606177,64.52,,40.6,1.634,12.83,12.3,0.53,37.0,0,NOMINAL
VEH_4853,11,2026-08-30T07:05:46.606177,69.66,,41.57,1.673,13.81,12.78,1.03,48.0,0,NOMINAL
VEH_4853,12,2026-08-30T07:06:51.606177,70.66,,40.7,2.011,11.27,10.16,1.11,48.0,0,NOMINAL
VEH_4853,13,2026-08-30T07:07:56.606177,72.74,,42.47,2.061,11.81,11.14,0.67,38.0,0,NOMINAL
VEH_4853,14,2026-08-30T07:09:01.606177,74.35,41.7,43.82,1.76,19.03,18.24,0.79,38.2,0,NOMINAL
VEH_4853,15,2026-08-30T07:10:06.606177,65.28,,42.49,1.874,13.39,12.7,0.69,38.0,0,NOMINAL
VEH_4853,16,2026-08-30T07:11:11.606177,68.08,,43.83,1.603,10.97,10.08,0.89,38.0,0,NOMINAL
VEH_4853,17,2026-08-30T07:12:16.606177,69.46,,42.18,2.043,13.71,11.06,2.65,60.0,0,NOMINAL
VEH_4853,18,2026-08-30T07:13:21.606177,72.39,,44.14,1.955,12.95,12.04,0.91,38.0,0,NOMINAL
VEH_4853,19,2026-08-30T07:14:26.606177,75.17,,44.09,2.052,11.41,9.21,2.2,29.5,0,NOMINAL
VEH_4853,20,2026-08-30T07:15:31.606177,65.37,,44.7,1.961,8.87,6.8,2.07,31.0,0,NOMINAL
VEH_4853,21,2026-08-30T07:16:36.606177,68.07,,44.73,2.116,10.11,7.58,2.53,28.0,0,NOMINAL
VEH_4853,22,2026-08-30T07:17:41.606177,68.67,,45.58,2.191,10.73,8.36,2.37,29.5,0,NOMINAL
VEH_4853,23,2026-08-30T07:18:46.606177,71.62,,44.35,1.989,11.11,9.14,1.97,31.0,0,NOMINAL
VEH_4853,24,2026-08-30T07:19:51.606177,73.84,,46.72,2.12,9.88,7.11,2.77,28.0,0,NOMINAL
VEH_4853,25,2026-08-30T07:20:56.606177,65.93,,46.77,2.095,10.12,7.5,2.62,29.5,0,NOMINAL
VEH_4853,26,2026-08-30T07:22:01.606177,66.79,38.9,47.9,2.43,15.27,13.11,2.16,31.0,0,NOMINAL
VEH_4853,27,2026-08-30T07:23:06.606177,69.01,39.91,47.35,2.387,16.52,13.89,2.63,28.0,0,NOMINAL
VEH_4853,28,2026-08-30T07:24:11.606177,73.92,,47.61,2.134,9.8,7.04,2.76,29.5,0,NOMINAL
VEH_4853,29,2026-08-30T07:25:16.606177,74.94,,47.75,2.389,10.32,7.81,2.51,31.0,0,NOMINAL
VEH_4853,30,2026-08-30T07:26:21.606177,66.28,,49.79,2.408,11.51,8.2,3.31,28.0,0,NOMINAL
VEH_4854,1,2026-08-30T06:56:11.606177,68.05,40.47,37.79,1.455,17.58,17.21,0.37,34.3,0,NOMINAL
VEH_4854,2,2026-08-30T06:57:16.606177,71.03,40.13,36.52,1.728,18.19,18.09,0.1,34.6,0,NOMINAL
VEH_4854,3,2026-08-30T06:58:21.606177,72.58,,37.26,1.53,12.09,11.74,0.35,34.9,0,NOMINAL
VEH_4854,4,2026-08-30T06:59:26.606177,75.31,,37.56,1.302,12.98,12.61,0.37,35.2,0,NOMINAL
VEH_4854,5,2026-08-30T07:00:31.606177,63.1,,38.62,1.468,13.51,13.1,0.41,35.5,0,NOMINAL
VEH_4854,6,2026-08-30T07:01:36.606177,67.04,,39.41,1.685,12.11,11.58,0.53,35.8,0,NOMINAL
VEH_4854,7,2026-08-30T07:02:41.606177,70.89,36.97,41.65,1.475,17.57,17.29,0.28,36.1,0,NOMINAL
VEH_4854,8,2026-08-30T07:03:46.606177,72.03,39.37,38.65,1.577,18.19,18.17,0.02,36.4,0,NOMINAL
VEH_4854,9,2026-08-30T07:04:51.606177,74.49,,39.36,1.75,12.2,11.81,0.39,36.7,0,NOMINAL
VEH_4854,10,2026-08-30T07:05:56.606177,64.89,,40.5,1.794,12.83,12.3,0.53,37.0,0,NOMINAL
VEH_4854,11,2026-08-30T07:07:01.606177,67.85,,39.54,1.45,14.06,12.78,1.28,48.0,0,NOMINAL
VEH_4854,12,2026-08-30T07:08:06.606177,70.1,,42.76,1.927,10.95,10.16,0.79,48.0,0,NOMINAL
VEH_4854,13,2026-08-30T07:09:11.606177,73.04,,42.6,1.82,11.84,11.14,0.7,38.0,0,NOMINAL
VEH_4854,14,2026-08-30T07:10:16.606177,77.05,36.52,44.36,1.927,18.6,18.24,0.36,38.2,0,NOMINAL
VEH_4854,15,2026-08-30T07:11:21.606177,66.98,,42.07,1.852,13.38,12.7,0.68,38.0,0,NOMINAL
VEH_4854,16,2026-08-30T07:12:26.606177,67.54,,44.48,1.817,11.06,10.08,0.98,38.0,0,NOMINAL
VEH_4854,17,2026-08-30T07:13:31.606177,71.05,,43.83,2.08,13.52,11.06,2.46,60.0,0,NOMINAL
VEH_4854,18,2026-08-30T07:14:36.606177,72.3,,43.81,1.952,12.9,12.04,0.86,38.0,0,NOMINAL
VEH_4854,19,2026-08-30T07:15:41.606177,76.44,,44.2,1.982,11.46,9.21,2.25,29.5,0,NOMINAL
VEH_4854,20,2026-08-30T07:16:46.606177,64.68,,44.34,2.122,8.8,6.8,2.0,31.0,0,NOMINAL
VEH_4854,21,2026-08-30T07:17:51.606177,66.18,,45.69,2.054,10.19,7.58,2.61,28.0,0,NOMINAL
VEH_4854,22,2026-08-30T07:18:56.606177,69.46,,46.0,2.18,10.82,8.36,2.46,29.5,0,NOMINAL
VEH_4854,23,2026-08-30T07:20:01.606177,74.35,,47.04,2.042,11.6,9.14,2.46,31.0,0,NOMINAL
VEH_4854,24,2026-08-30T07:21:06.606177,76.48,,46.55,1.916,9.94,7.11,2.83,28.0,0,NOMINAL
VEH_4854,25,2026-08-30T07:22:11.606177,63.96,,46.54,2.025,10.03,7.5,2.53,29.5,0,NOMINAL
VEH_4854,26,2026-08-30T07:23:16.606177,68.33,36.86,45.97,2.135,14.79,13.11,1.68,31.0,0,NOMINAL
VEH_4854,27,2026-08-30T07:24:21.606177,71.43,36.71,46.28,2.227,16.07,13.89,2.18,28.0,0,NOMINAL
VEH_4854,28,2026-08-30T07:25:26.606177,70.72,,50.19,2.211,10.08,7.04,3.04,29.5,0,NOMINAL
VEH_4854,29,2026-08-30T07:26:31.606177,73.96,,48.52,2.323,10.41,7.81,2.6,31.0,0,NOMINAL
VEH_4854,30,2026-08-30T07:27:36.606177,64.28,,48.67,2.145,11.28,8.2,3.08,28.0,0,NOMINAL
VEH_4855,1,2026-08-30T06:57:26.606177,66.99,38.82,36.58,1.598,17.21,17.21,0.0,34.3,0,NOMINAL
VEH_4855,2,2026-08-30T06:58:31.606177,71.27,39.87,36.92,1.528,18.23,18.09,0.14,34.6,0,NOMINAL
VEH_4855,3,2026-08-30T06:59:36.606177,71.82,,36.91,1.749,12.02,11.74,0.28,34.9,0,NOMINAL
VEH_4855,4,2026-08-30T07:00:41.606177,77.93,,38.47,1.619,13.19,12.61,0.58,35.2,0,NOMINAL
VEH_4855,5,2026-08-30T07:01:46.606177,65.57,,39.1,1.65,13.66,13.1,0.56,35.5,0,NOMINAL
VEH_4855,6,2026-08-30T07:02:51.606177,66.16,,38.52,1.724,11.95,11.58,0.37,35.8,0,NOMINAL
VEH_4855,7,2026-08-30T07:03:56.606177,67.93,41.45,38.7,1.693,17.55,17.29,0.26,36.1,0,NOMINAL
VEH_4855,8,2026-08-30T07:05:01.606177,73.25,42.6,39.2,2.028,18.68,18.17,0.51,36.4,0,NOMINAL
VEH_4855,9,2026-08-30T07:06:06.606177,75.31,,38.56,1.752,12.1,11.81,0.29,36.7,0,NOMINAL
VEH_4855,10,2026-08-30T07:07:11.606177,64.37,,39.6,1.876,12.67,12.3,0.37,37.0,0,NOMINAL
VEH_4855,11,2026-08-30T07:08:16.606177,68.3,,40.62,1.685,13.91,12.78,1.13,48.0,0,NOMINAL
VEH_4855,12,2026-08-30T07:09:21.606177,70.66,,40.89,1.837,11.24,10.16,1.08,48.0,0,NOMINAL
VEH_4855,13,2026-08-30T07:10:26.606177,70.55,,41.91,1.958,11.66,11.14,0.52,38.0,0,NOMINAL
VEH_4855,14,2026-08-30T07:11:31.606177,75.22,42.47,41.73,1.753,18.83,18.24,0.59,38.2,0,NOMINAL
VEH_4855,15,2026-08-30T07:12:36.606177,65.03,,42.04,1.767,13.31,12.7,0.61,38.0,0,NOMINAL
VEH_4855,16,2026-08-30T07:13:41.606177,67.52,,42.15,2.079,10.7,10.08,0.62,38.0,0,NOMINAL
VEH_4855,17,2026-08-30T07:14:46.606177,69.51,,44.01,1.895,13.44,11.06,2.38,60.0,0,NOMINAL
VEH_4855,18,2026-08-30T07:15:51.606177,71.73,,44.77,2.098,13.03,12.04,0.99,38.0,0,NOMINAL
VEH_4855,19,2026-08-30T07:16:56.606177,75.69,,44.67,2.022,11.51,9.21,2.3,29.5,0,NOMINAL
VEH_4855,20,2026-08-30T07:18:01.606177,63.82,,44.0,1.984,8.72,6.8,1.92,31.0,0,NOMINAL
VEH_4855,21,2026-08-30T07:19:06.606177,68.21,,45.05,2.265,10.16,7.58,2.58,28.0,0,NOMINAL
VEH_4855,22,2026-08-30T07:20:11.606177,69.13,,46.43,2.009,10.87,8.36,2.51,29.5,0,NOMINAL
VEH_4855,23,2026-08-30T07:21:16.606177,71.91,,43.11,2.116,10.93,9.14,1.79,31.0,0,NOMINAL
VEH_4855,24,2026-08-30T07:22:21.606177,75.28,,46.7,2.145,9.93,7.11,2.82,28.0,0,NOMINAL
VEH_4855,25,2026-08-30T07:23:26.606177,63.76,,46.43,2.091,10.0,7.5,2.5,29.5,0,NOMINAL
VEH_4855,26,2026-08-30T07:24:31.606177,67.52,40.81,46.49,2.419,15.3,13.11,2.19,31.0,0,NOMINAL
VEH_4855,27,2026-08-30T07:25:36.606177,69.99,40.28,47.21,2.47,16.57,13.89,2.68,28.0,0,NOMINAL
VEH_4855,28,2026-08-30T07:26:41.606177,72.12,,47.47,2.467,9.72,7.04,2.68,29.5,0,NOMINAL
VEH_4855,29,2026-08-30T07:27:46.606177,75.81,,49.41,2.468,10.6,7.81,2.79,31.0,0,NOMINAL
VEH_4855,30,2026-08-30T07:28:51.606177,62.76,,48.39,2.505,11.19,8.2,2.99,28.0,0,NOMINAL
VEH_4856,1,2026-08-30T06:58:41.606177,68.91,39.86,36.17,1.256,17.29,17.21,0.08,34.3,0,NOMINAL
VEH_4856,2,2026-08-30T06:59:46.606177,72.17,40.56,37.42,1.463,18.41,18.09,0.32,34.6,0,NOMINAL
VEH_4856,3,2026-08-30T07:00:51.606177,72.69,,38.8,1.633,12.33,11.74,0.59,34.9,0,NOMINAL
VEH_4856,4,2026-08-30T07:01:56.606177,75.28,,38.22,1.471,13.07,12.61,0.46,35.2,0,NOMINAL
VEH_4856,5,2026-08-30T07:03:01.606177,67.33,,38.46,1.72,13.62,13.1,0.52,35.5,0,NOMINAL
VEH_4856,6,2026-08-30T07:04:06.606177,67.28,,40.69,1.649,12.31,11.58,0.73,35.8,0,NOMINAL
VEH_4856,7,2026-08-30T07:05:11.606177,69.54,41.17,40.85,1.827,17.89,17.29,0.6,36.1,0,NOMINAL
VEH_4856,8,2026-08-30T07:06:16.606177,72.53,41.78,39.31,1.979,18.58,18.17,0.41,36.4,0,NOMINAL
VEH_4856,9,2026-08-30T07:07:21.606177,76.02,,39.93,1.633,12.33,11.81,0.52,36.7,0,NOMINAL
VEH_4856,10,2026-08-30T07:08:26.606177,65.49,,39.56,1.715,12.7,12.3,0.4,37.0,0,NOMINAL
VEH_4856,11,2026-08-30T07:09:31.606177,67.43,,41.58,1.963,13.74,12.78,0.96,48.0,0,NOMINAL
VEH_4856,12,2026-08-30T07:10:36.606177,68.71,,42.39,1.811,10.96,10.16,0.8,48.0,0,NOMINAL
VEH_4856,13,2026-08-30T07:11:41.606177,71.9,,41.97,1.956,11.71,11.14,0.57,38.0,0,NOMINAL
VEH_4856,14,2026-08-30T07:12:46.606177,74.5,39.91,41.71,1.826,18.51,18.24,0.27,38.2,0,NOMINAL
VEH_4856,15,2026-08-30T07:13:51.606177,65.86,,42.42,2.015,13.39,12.7,0.69,38.0,0,NOMINAL
VEH_4856,16,2026-08-30T07:14:56.606177,68.43,,44.32,2.172,11.06,10.08,0.98,38.0,0,NOMINAL
VEH_4856,17,2026-08-30T07:16:01.606177,70.35,,43.61,2.142,13.53,11.06,2.47,60.0,0,NOMINAL
VEH_4856,18,2026-08-30T07:17:06.606177,73.38,,45.83,1.673,13.24,12.04,1.2,38.0,0,NOMINAL
VEH_4856,19,2026-08-30T07:18:11.606177,77.46,,42.92,1.951,11.3,9.21,2.09,29.5,0,NOMINAL
VEH_4856,20,2026-08-30T07:19:16.606177,65.04,,44.43,2.124,8.82,6.8,2.02,31.0,0,NOMINAL
VEH_4856,21,2026-08-30T07:20:21.606177,66.11,,45.41,1.93,10.15,7.58,2.57,28.0,0,NOMINAL
VEH_4856,22,2026-08-30T07:21:26.606177,69.36,,46.41,2.385,10.88,8.36,2.52,29.5,0,NOMINAL
VEH_4856,23,2026-08-30T07:22:31.606177,70.61,,45.06,1.815,11.19,9.14,2.05,31.0,0,NOMINAL
VEH_4856,24,2026-08-30T07:23:36.606177,74.06,,46.22,2.277,9.82,7.11,2.71,28.0,0,NOMINAL
VEH_4856,25,2026-08-30T07:24:41.606177,65.55,,45.45,2.327,9.91,7.5,2.41,29.5,0,NOMINAL
VEH_4856,26,2026-08-30T07:25:46.606177,66.83,40.93,45.59,2.364,15.16,13.11,2.05,31.0,0,NOMINAL
VEH_4856,27,2026-08-30T07:26:51.606177,68.36,39.91,48.3,2.314,16.64,13.89,2.75,28.0,0,NOMINAL
VEH_4856,28,2026-08-30T07:27:56.606177,70.43,,47.85,2.25,9.72,7.04,2.68,29.5,0,NOMINAL
VEH_4856,29,2026-08-30T07:29:01.606177,76.84,,48.58,2.182,10.51,7.81,2.7,31.0,0,NOMINAL
VEH_4856,30,2026-08-30T07:30:06.606177,65.14,,47.44,2.455,11.13,8.2,2.93,28.0,0,NOMINAL
VEH_4857,1,2026-08-30T06:59:56.606177,66.55,43.07,37.67,1.776,17.81,17.21,0.6,34.3,0,NOMINAL
VEH_4857,2,2026-08-30T07:01:01.606177,69.07,42.39,38.07,1.928,18.63,18.09,0.54,34.6,0,NOMINAL
VEH_4857,3,2026-08-30T07:02:06.606177,72.31,,36.72,1.757,12.0,11.74,0.26,34.9,0,NOMINAL
VEH_4857,4,2026-08-30T07:03:11.606177,74.63,,36.44,1.672,12.79,12.61,0.18,35.2,0,NOMINAL
VEH_4857,5,2026-08-30T07:04:16.606177,62.74,,39.93,1.708,13.7,13.1,0.6,35.5,0,NOMINAL
VEH_4857,6,2026-08-30T07:05:21.606177,65.75,,40.09,1.868,12.17,11.58,0.59,35.8,0,NOMINAL
VEH_4857,7,2026-08-30T07:06:26.606177,67.94,41.01,37.99,1.834,17.4,17.29,0.11,36.1,0,NOMINAL
VEH_4857,8,2026-08-30T07:07:31.606177,72.23,41.89,39.71,1.796,18.64,18.17,0.47,36.4,0,NOMINAL
VEH_4857,9,2026-08-30T07:08:36.606177,74.64,,40.12,1.972,12.31,11.81,0.5,36.7,0,NOMINAL
VEH_4857,10,2026-08-30T07:09:41.606177,62.16,,40.95,1.723,12.81,12.3,0.51,37.0,0,NOMINAL
VEH_4857,11,2026-08-30T07:10:46.606177,67.7,,39.68,1.791,14.04,12.78,1.26,48.0,0,NOMINAL
VEH_4857,12,2026-08-30T07:11:51.606177,71.27,,41.16,2.201,11.22,10.16,1.06,48.0,0,NOMINAL
VEH_4857,13,2026-08-30T07:12:56.606177,72.06,,42.35,2.09,11.77,11.14,0.63,38.0,0,NOMINAL
VEH_4857,14,2026-08-30T07:14:01.606177,74.48,41.73,41.72,1.949,18.72,18.24,0.48,38.2,0,NOMINAL
VEH_4857,15,2026-08-30T07:15:06.606177,65.7,,42.69,2.204,13.43,12.7,0.73,38.0,0,NOMINAL
VEH_4857,16,2026-08-30T07:16:11.606177,67.58,,43.11,2.046,10.85,10.08,0.77,38.0,0,NOMINAL
VEH_4857,17,2026-08-30T07:17:16.606177,69.14,,43.04,2.174,13.58,11.06,2.52,60.0,0,NOMINAL
VEH_4857,18,2026-08-30T07:18:21.606177,73.13,,41.47,2.214,12.58,12.04,0.54,38.0,0,NOMINAL
VEH_4857,19,2026-08-30T07:19:26.606177,74.4,,44.23,2.055,11.4,9.21,2.19,29.5,0,NOMINAL
VEH_4857,20,2026-08-30T07:20:31.606177,66.84,,45.8,2.067,9.08,6.8,2.28,31.0,0,NOMINAL
VEH_4857,21,2026-08-30T07:21:36.606177,68.44,,45.92,2.136,10.3,7.58,2.72,28.0,0,NOMINAL
VEH_4857,22,2026-08-30T07:22:41.606177,68.68,,46.52,2.143,10.87,8.36,2.51,29.5,0,NOMINAL
VEH_4857,23,2026-08-30T07:23:46.606177,72.15,,44.99,2.064,11.22,9.14,2.08,31.0,0,NOMINAL
VEH_4857,24,2026-08-30T07:24:51.606177,77.39,,47.9,2.3,10.17,7.11,3.06,28.0,0,NOMINAL
VEH_4857,25,2026-08-30T07:25:56.606177,64.53,,47.23,2.496,10.15,7.5,2.65,29.5,0,NOMINAL
VEH_4857,26,2026-08-30T07:27:01.606177,65.23,41.32,48.09,2.221,15.53,13.11,2.42,31.0,0,NOMINAL
VEH_4857,27,2026-08-30T07:28:06.606177,69.13,42.0,47.01,2.469,16.71,13.89,2.82,28.0,0,NOMINAL
VEH_4857,28,2026-08-30T07:29:11.606177,72.62,,46.18,2.713,9.54,7.04,2.5,29.5,0,NOMINAL
VEH_4857,29,2026-08-30T07:30:16.606177,77.91,,47.65,2.705,10.4,7.81,2.59,31.0,0,NOMINAL
VEH_4857,30,2026-08-30T07:31:21.606177,64.49,,49.07,2.463,11.35,8.2,3.15,28.0,0,NOMINAL
VEH_4858,1,2026-08-30T07:01:11.606177,65.72,42.93,37.66,1.559,17.77,17.21,0.56,34.3,0,NOMINAL
VEH_4858,2,2026-08-30T07:02:16.606177,70.19,44.73,39.03,1.84,19.07,18.09,0.98,34.6,0,NOMINAL
VEH_4858,3,2026-08-30T07:03:21.606177,70.08,,36.91,1.729,11.96,11.74,0.22,34.9,0,NOMINAL
VEH_4858,4,2026-08-30T07:04:26.606177,77.09,,38.23,1.494,13.13,12.61,0.52,35.2,0,NOMINAL
VEH_4858,5,2026-08-30T07:05:31.606177,63.7,,39.4,1.433,13.65,13.1,0.55,35.5,0,NOMINAL
VEH_4858,6,2026-08-30T07:06:36.606177,66.15,,39.14,1.684,12.04,11.58,0.46,35.8,0,NOMINAL
VEH_4858,7,2026-08-30T07:07:41.606177,69.98,43.76,39.45,1.971,17.99,17.29,0.7,36.1,0,NOMINAL
VEH_4858,8,2026-08-30T07:08:46.606177,74.53,45.46,40.93,2.052,19.3,18.17,1.13,36.4,0,NOMINAL
VEH_4858,9,2026-08-30T07:09:51.606177,74.86,,39.97,1.987,12.3,11.81,0.49,36.7,0,NOMINAL
VEH_4858,10,2026-08-30T07:10:56.606177,63.8,,39.92,1.969,12.71,12.3,0.41,37.0,0,NOMINAL
VEH_4858,11,2026-08-30T07:12:01.606177,67.08,,41.74,1.96,13.71,12.78,0.93,48.0,0,NOMINAL
VEH_4858,12,2026-08-30T07:13:06.606177,69.99,,41.46,1.927,11.14,10.16,0.98,48.0,0,NOMINAL
VEH_4858,13,2026-08-30T07:14:11.606177,72.23,,42.83,2.282,11.85,11.14,0.71,38.0,0,NOMINAL
VEH_4858,14,2026-08-30T07:15:16.606177,75.52,44.49,42.73,2.203,19.22,18.24,0.98,38.2,0,NOMINAL
VEH_4858,15,2026-08-30T07:16:21.606177,65.86,,44.11,2.143,13.65,12.7,0.95,38.0,0,NOMINAL
VEH_4858,16,2026-08-30T07:17:26.606177,68.28,,43.78,2.214,10.97,10.08,0.89,38.0,0,NOMINAL
VEH_4858,17,2026-08-30T07:18:31.606177,72.38,,43.61,2.321,13.59,11.06,2.53,60.0,0,NOMINAL
VEH_4858,18,2026-08-30T07:19:36.606177,74.13,,43.81,2.3,12.96,12.04,0.92,38.0,0,NOMINAL
VEH_4858,19,2026-08-30T07:20:41.606177,76.05,,44.29,2.306,11.46,9.21,2.25,29.5,0,NOMINAL
VEH_4858,20,2026-08-30T07:21:46.606177,64.0,,45.1,2.287,8.89,6.8,2.09,31.0,0,NOMINAL
VEH_4858,21,2026-08-30T07:22:51.606177,68.59,,45.03,2.62,10.17,7.58,2.59,28.0,0,NOMINAL
VEH_4858,22,2026-08-30T07:23:56.606177,69.16,,46.94,2.365,10.95,8.36,2.59,29.5,0,NOMINAL
VEH_4858,23,2026-08-30T07:25:01.606177,74.86,,45.78,2.603,11.43,9.14,2.29,31.0,0,NOMINAL
VEH_4858,24,2026-08-30T07:26:06.606177,73.73,,46.34,2.787,9.82,7.11,2.71,28.0,0,NOMINAL
VEH_4858,25,2026-08-30T07:27:11.606177,61.45,,46.19,2.391,9.9,7.5,2.4,29.5,0,NOMINAL
VEH_4858,26,2026-08-30T07:28:16.606177,66.33,46.19,46.08,2.644,15.82,13.11,2.71,31.0,0,NOMINAL
VEH_4858,27,2026-08-30T07:29:21.606177,69.11,44.44,46.94,2.462,16.98,13.89,3.09,28.0,0,NOMINAL
VEH_4858,28,2026-08-30T07:30:26.606177,72.91,,49.42,2.581,10.04,7.04,3.0,29.5,0,NOMINAL
VEH_4858,29,2026-08-30T07:31:31.606177,73.74,,47.34,2.498,10.22,7.81,2.41,31.0,0,NOMINAL
VEH_4858,30,2026-08-30T07:32:36.606177,64.09,,50.39,2.7,11.53,8.2,3.33,28.0,0,NOMINAL
VEH_4859,1,2026-08-30T07:02:26.606177,66.55,44.29,36.68,1.683,17.8,17.21,0.59,34.3,0,NOMINAL
VEH_4859,2,2026-08-30T07:03:31.606177,69.07,45.02,37.12,1.767,18.78,18.09,0.69,34.6,0,NOMINAL
VEH_4859,3,2026-08-30T07:04:36.606177,73.35,,37.66,1.972,12.18,11.74,0.44,34.9,0,NOMINAL
VEH_4859,4,2026-08-30T07:05:41.606177,78.53,,38.75,2.136,13.25,12.61,0.64,35.2,0,NOMINAL
VEH_4859,5,2026-08-30T07:06:46.606177,66.67,,38.34,1.715,13.58,13.1,0.48,35.5,0,NOMINAL
VEH_4859,6,2026-08-30T07:07:51.606177,67.52,,40.12,1.778,12.23,11.58,0.65,35.8,0,NOMINAL
VEH_4859,7,2026-08-30T07:08:56.606177,70.49,42.95,38.73,1.927,17.81,17.29,0.52,36.1,0,NOMINAL
VEH_4859,8,2026-08-30T07:10:01.606177,71.52,43.4,39.2,2.154,18.72,18.17,0.55,36.4,0,NOMINAL
VEH_4859,9,2026-08-30T07:11:06.606177,75.15,,41.36,1.726,12.52,11.81,0.71,36.7,0,NOMINAL
VEH_4859,10,2026-08-30T07:12:11.606177,65.37,,40.5,1.793,12.84,12.3,0.54,37.0,0,NOMINAL
VEH_4859,11,2026-08-30T07:13:16.606177,69.83,,40.69,1.864,13.95,12.78,1.17,48.0,0,NOMINAL
VEH_4859,12,2026-08-30T07:14:21.606177,71.25,,42.15,2.335,11.07,10.16,0.91,48.0,0,NOMINAL
VEH_4859,13,2026-08-30T07:15:26.606177,71.94,,42.44,1.911,11.78,11.14,0.64,38.0,0,NOMINAL
VEH_4859,14,2026-08-30T07:16:31.606177,74.53,46.76,40.92,2.228,19.18,18.24,0.94,38.2,0,NOMINAL
VEH_4859,15,2026-08-30T07:17:36.606177,65.45,,43.4,2.274,13.53,12.7,0.83,38.0,0,NOMINAL
VEH_4859,16,2026-08-30T07:18:41.606177,67.09,,42.93,2.248,10.81,10.08,0.73,38.0,0,NOMINAL
VEH_4859,17,2026-08-30T07:19:46.606177,70.25,,45.2,2.194,13.29,11.06,2.23,60.0,0,NOMINAL
VEH_4859,18,2026-08-30T07:20:51.606177,73.95,,44.11,1.996,13.0,12.04,0.96,38.0,0,NOMINAL
VEH_4859,19,2026-08-30T07:21:56.606177,75.68,,44.71,2.478,11.52,9.21,2.31,29.5,0,NOMINAL
VEH_4859,20,2026-08-30T07:23:01.606177,65.49,,44.63,2.279,8.86,6.8,2.06,31.0,0,NOMINAL
VEH_4859,21,2026-08-30T07:24:06.606177,68.68,,45.03,2.474,10.17,7.58,2.59,28.0,0,NOMINAL
VEH_4859,22,2026-08-30T07:25:11.606177,67.94,,46.44,2.409,10.84,8.36,2.48,29.5,0,NOMINAL
VEH_4859,23,2026-08-30T07:26:16.606177,72.17,,44.48,2.485,11.15,9.14,2.01,31.0,0,NOMINAL
VEH_4859,24,2026-08-30T07:27:21.606177,75.08,,47.1,2.333,9.98,7.11,2.87,28.0,0,NOMINAL
VEH_4859,25,2026-08-30T07:28:26.606177,63.92,,44.29,2.548,9.69,7.5,2.19,29.5,0,NOMINAL
VEH_4859,26,2026-08-30T07:29:31.606177,65.38,44.7,46.88,2.319,15.74,13.11,2.63,31.0,0,NOMINAL
VEH_4859,27,2026-08-30T07:30:36.606177,68.13,45.82,46.48,2.522,17.04,13.89,3.15,28.0,0,NOMINAL
VEH_4859,28,2026-08-30T07:31:41.606177,73.44,,47.22,2.533,9.72,7.04,2.68,29.5,0,NOMINAL
VEH_4859,29,2026-08-30T07:32:46.606177,75.24,,46.76,2.673,10.18,7.81,2.37,31.0,0,NOMINAL
VEH_4859,30,2026-08-30T07:33:51.606177,65.04,,47.3,2.868,11.1,8.2,2.9,28.0,0,NOMINAL
VEH_4860,1,2026-08-30T07:03:41.606177,66.92,42.1,36.67,1.717,17.56,17.21,0.35,34.3,0,NOMINAL
VEH_4860,2,2026-08-30T07:04:46.606177,71.23,42.37,38.33,1.542,18.73,18.09,0.64,34.6,0,NOMINAL
VEH_4860,3,2026-08-30T07:05:51.606177,73.15,,37.46,1.529,12.14,11.74,0.4,34.9,0,NOMINAL
VEH_4860,4,2026-08-30T07:06:56.606177,73.84,,39.12,1.637,13.16,12.61,0.55,35.2,0,NOMINAL
VEH_4860,5,2026-08-30T07:08:01.606177,62.72,,38.31,1.692,13.45,13.1,0.35,35.5,0,NOMINAL
VEH_4860,6,2026-08-30T07:09:06.606177,66.67,,38.05,1.893,11.89,11.58,0.31,35.8,0,NOMINAL
VEH_4860,7,2026-08-30T07:10:11.606177,71.01,40.76,39.26,2.07,17.65,17.29,0.36,36.1,0,NOMINAL
VEH_4860,8,2026-08-30T07:11:16.606177,72.73,42.9,40.49,1.94,18.89,18.17,0.72,36.4,0,NOMINAL
VEH_4860,9,2026-08-30T07:12:21.606177,75.75,,39.93,1.785,12.32,11.81,0.51,36.7,0,NOMINAL
VEH_4860,10,2026-08-30T07:13:26.606177,65.03,,38.88,1.92,12.59,12.3,0.29,37.0,0,NOMINAL
VEH_4860,11,2026-08-30T07:14:31.606177,67.05,,40.77,2.322,13.85,12.78,1.07,48.0,0,NOMINAL
VEH_4860,12,2026-08-30T07:15:36.606177,70.67,,41.48,2.027,11.16,10.16,1.0,48.0,0,NOMINAL
VEH_4860,13,2026-08-30T07:16:41.606177,70.71,,42.61,2.076,11.77,11.14,0.63,38.0,0,NOMINAL
VEH_4860,14,2026-08-30T07:17:46.606177,73.96,44.2,42.39,1.868,19.09,18.24,0.85,38.2,0,NOMINAL
VEH_4860,15,2026-08-30T07:18:51.606177,67.09,,44.6,2.122,13.76,12.7,1.06,38.0,0,NOMINAL
VEH_4860,16,2026-08-30T07:19:56.606177,66.94,,43.08,1.938,10.83,10.08,0.75,38.0,0,NOMINAL
VEH_4860,17,2026-08-30T07:21:01.606177,67.15,,44.17,2.345,13.34,11.06,2.28,60.0,0,NOMINAL
VEH_4860,18,2026-08-30T07:22:06.606177,70.6,,43.67,2.277,12.83,12.04,0.79,38.0,0,NOMINAL
VEH_4860,19,2026-08-30T07:23:11.606177,76.22,,43.92,1.973,11.41,9.21,2.2,29.5,0,NOMINAL
VEH_4860,20,2026-08-30T07:24:16.606177,62.54,,43.73,2.313,8.64,6.8,1.84,31.0,0,NOMINAL
VEH_4860,21,2026-08-30T07:25:21.606177,66.98,,43.53,2.199,9.89,7.58,2.31,28.0,0,NOMINAL
VEH_4860,22,2026-08-30T07:26:26.606177,69.63,,45.57,2.258,10.76,8.36,2.4,29.5,0,NOMINAL
VEH_4860,23,2026-08-30T07:27:31.606177,73.45,,46.96,2.5,11.56,9.14,2.42,31.0,0,NOMINAL
VEH_4860,24,2026-08-30T07:28:36.606177,75.56,,48.02,2.427,10.13,7.11,3.02,28.0,0,NOMINAL
VEH_4860,25,2026-08-30T07:29:41.606177,65.41,,48.26,2.174,10.33,7.5,2.83,29.5,0,NOMINAL
VEH_4860,26,2026-08-30T07:30:46.606177,66.12,42.9,47.14,2.602,15.59,13.11,2.48,31.0,0,NOMINAL
VEH_4860,27,2026-08-30T07:31:51.606177,71.43,44.41,46.24,2.282,16.95,13.89,3.06,28.0,0,NOMINAL
VEH_4860,28,2026-08-30T07:32:56.606177,73.55,,47.26,2.342,9.73,7.04,2.69,29.5,0,NOMINAL
VEH_4860,29,2026-08-30T07:34:01.606177,74.57,,47.16,2.667,10.22,7.81,2.41,31.0,0,NOMINAL
VEH_4860,30,2026-08-30T07:35:06.606177,64.3,,49.04,2.477,11.34,8.2,3.14,28.0,0,NOMINAL
VEH_4861,1,2026-08-30T07:04:56.606177,66.72,39.23,36.07,1.412,17.21,17.21,0.0,34.3,0,NOMINAL
VEH_4861,2,2026-08-30T07:06:01.606177,69.93,39.47,38.46,1.655,18.37,18.09,0.28,34.6,0,NOMINAL
VEH_4861,3,2026-08-30T07:07:06.606177,74.14,,38.67,1.753,12.35,11.74,0.61,34.9,0,NOMINAL
VEH_4861,4,2026-08-30T07:08:11.606177,75.48,,38.31,1.464,13.09,12.61,0.48,35.2,0,NOMINAL
VEH_4861,5,2026-08-30T07:09:16.606177,65.73,,38.43,1.515,13.57,13.1,0.47,35.5,0,NOMINAL
VEH_4861,6,2026-08-30T07:10:21.606177,65.61,,38.35,1.838,11.91,11.58,0.33,35.8,0,NOMINAL
VEH_4861,7,2026-08-30T07:11:26.606177,70.31,38.83,38.47,1.606,17.29,17.29,0.0,36.1,0,NOMINAL
VEH_4861,8,2026-08-30T07:12:31.606177,72.88,39.11,39.23,1.651,18.27,18.17,0.1,36.4,0,NOMINAL
VEH_4861,9,2026-08-30T07:13:36.606177,74.94,,38.58,1.734,12.09,11.81,0.28,36.7,0,NOMINAL
VEH_4861,10,2026-08-30T07:14:41.606177,66.81,,39.84,1.808,12.79,12.3,0.49,37.0,0,NOMINAL
VEH_4861,11,2026-08-30T07:15:46.606177,69.29,,40.68,1.711,13.93,12.78,1.15,48.0,0,NOMINAL
VEH_4861,12,2026-08-30T07:16:51.606177,69.04,,40.96,2.239,11.18,10.16,1.02,48.0,0,NOMINAL
VEH_4861,13,2026-08-30T07:17:56.606177,73.51,,42.47,1.746,11.84,11.14,0.7,38.0,0,NOMINAL
VEH_4861,14,2026-08-30T07:19:01.606177,73.07,38.61,42.79,2.096,18.48,18.24,0.24,38.2,0,NOMINAL
VEH_4861,15,2026-08-30T07:20:06.606177,65.85,,41.91,1.888,13.32,12.7,0.62,38.0,0,NOMINAL
VEH_4861,16,2026-08-30T07:21:11.606177,69.27,,42.33,1.931,10.78,10.08,0.7,38.0,0,NOMINAL
VEH_4861,17,2026-08-30T07:22:16.606177,70.72,,43.73,2.023,13.52,11.06,2.46,60.0,0,NOMINAL
VEH_4861,18,2026-08-30T07:23:21.606177,71.58,,43.76,2.069,12.87,12.04,0.83,38.0,0,NOMINAL
VEH_4861,19,2026-08-30T07:24:26.606177,75.26,,45.28,1.776,11.59,9.21,2.38,29.5,0,NOMINAL
VEH_4861,20,2026-08-30T07:25:31.606177,64.51,,45.61,2.022,8.98,6.8,2.18,31.0,0,NOMINAL
VEH_4861,21,2026-08-30T07:26:36.606177,65.04,,44.32,2.106,9.95,7.58,2.37,28.0,0,NOMINAL
VEH_4861,22,2026-08-30T07:27:41.606177,71.38,,46.22,2.035,10.91,8.36,2.55,29.5,0,NOMINAL
VEH_4861,23,2026-08-30T07:28:46.606177,73.19,,46.39,2.248,11.47,9.14,2.33,31.0,0,NOMINAL
VEH_4861,24,2026-08-30T07:29:51.606177,73.89,,45.67,2.164,9.73,7.11,2.62,28.0,0,NOMINAL
VEH_4861,25,2026-08-30T07:30:56.606177,62.54,,46.18,2.027,9.93,7.5,2.43,29.5,0,NOMINAL
VEH_4861,26,2026-08-30T07:32:01.606177,67.78,39.28,46.51,2.152,15.13,13.11,2.02,31.0,0,NOMINAL
VEH_4861,27,2026-08-30T07:33:06.606177,65.68,40.47,46.85,2.182,16.41,13.89,2.52,28.0,0,NOMINAL
VEH_4861,28,2026-08-30T07:34:11.606177,73.41,,48.64,2.407,9.94,7.04,2.9,29.5,0,NOMINAL
VEH_4861,29,2026-08-30T07:35:16.606177,74.33,,47.72,2.251,10.3,7.81,2.49,31.0,0,NOMINAL
VEH_4861,30,2026-08-30T07:36:21.606177,66.98,,49.25,2.57,11.45,8.2,3.25,28.0,0,NOMINAL
VEH_4862,1,2026-08-30T07:06:11.606177,65.81,42.3,38.07,1.673,17.76,17.21,0.55,34.3,0,NOMINAL
VEH_4862,2,2026-08-30T07:07:16.606177,71.58,44.23,37.99,1.742,18.9,18.09,0.81,34.6,0,NOMINAL
VEH_4862,3,2026-08-30T07:08:21.606177,73.7,,38.27,1.978,12.28,11.74,0.54,34.9,0,NOMINAL
VEH_4862,4,2026-08-30T07:09:26.606177,108.5,,41.12,1.781,14.53,12.61,1.92,35.2,1,MICRO_STOPPAGE_PRESSURE_DROP
VEH_4862,5,2026-08-30T07:10:31.606177,64.28,,39.6,1.904,13.7,13.1,0.6,35.5,0,NOMINAL
VEH_4862,6,2026-08-30T07:11:36.606177,66.52,,39.92,2.064,12.17,11.58,0.59,35.8,0,NOMINAL
VEH_4862,7,2026-08-30T07:12:41.606177,69.89,45.2,39.79,1.667,18.21,17.29,0.92,36.1,0,NOMINAL
VEH_4862,8,2026-08-30T07:13:46.606177,76.07,43.64,39.88,1.836,18.99,18.17,0.82,36.4,0,NOMINAL
VEH_4862,9,2026-08-30T07:14:51.606177,74.35,,40.43,1.792,12.35,11.81,0.54,36.7,0,NOMINAL
VEH_4862,10,2026-08-30T07:15:56.606177,65.11,,40.6,1.883,12.85,12.3,0.55,37.0,0,NOMINAL
VEH_4862,11,2026-08-30T07:17:01.606177,67.61,,41.76,2.078,13.72,12.78,0.94,48.0,0,NOMINAL
VEH_4862,12,2026-08-30T07:18:06.606177,68.99,,41.26,2.159,11.14,10.16,0.98,48.0,0,NOMINAL
VEH_4862,13,2026-08-30T07:19:11.606177,71.64,,40.56,2.048,11.49,11.14,0.35,38.0,0,NOMINAL
VEH_4862,14,2026-08-30T07:20:16.606177,73.71,43.78,41.8,2.095,18.95,18.24,0.71,38.2,0,NOMINAL
VEH_4862,15,2026-08-30T07:21:21.606177,64.77,,42.74,2.072,13.41,12.7,0.71,38.0,0,NOMINAL
VEH_4862,16,2026-08-30T07:22:26.606177,66.92,,41.8,2.181,10.63,10.08,0.55,38.0,0,NOMINAL
VEH_4862,17,2026-08-30T07:23:31.606177,70.82,,43.99,2.248,13.49,11.06,2.43,60.0,0,NOMINAL
VEH_4862,18,2026-08-30T07:24:36.606177,72.49,,44.32,2.43,12.98,12.04,0.94,38.0,0,NOMINAL
VEH_4862,19,2026-08-30T07:25:41.606177,76.01,,43.48,2.344,11.34,9.21,2.13,29.5,0,NOMINAL
VEH_4862,20,2026-08-30T07:26:46.606177,65.23,,45.07,2.2,8.92,6.8,2.12,31.0,0,NOMINAL
VEH_4862,21,2026-08-30T07:27:51.606177,66.98,,46.36,2.43,10.32,7.58,2.74,28.0,0,NOMINAL
VEH_4862,22,2026-08-30T07:28:56.606177,71.15,,47.0,2.397,11.02,8.36,2.66,29.5,0,NOMINAL
VEH_4862,23,2026-08-30T07:30:01.606177,69.99,,45.74,2.316,11.27,9.14,2.13,31.0,0,NOMINAL
VEH_4862,24,2026-08-30T07:31:06.606177,73.68,,48.04,2.556,10.08,7.11,2.97,28.0,0,NOMINAL
VEH_4862,25,2026-08-30T07:32:11.606177,66.0,,47.83,2.411,10.29,7.5,2.79,29.5,0,NOMINAL
VEH_4862,26,2026-08-30T07:33:16.606177,67.41,44.45,46.62,2.578,15.73,13.11,2.62,31.0,0,NOMINAL
VEH_4862,27,2026-08-30T07:34:21.606177,72.0,45.35,47.45,2.212,17.25,13.89,3.36,28.0,0,NOMINAL
VEH_4862,28,2026-08-30T07:35:26.606177,72.0,,48.87,2.555,9.93,7.04,2.89,29.5,0,NOMINAL
VEH_4862,29,2026-08-30T07:36:31.606177,73.96,,49.29,2.382,10.52,7.81,2.71,31.0,0,NOMINAL
VEH_4862,30,2026-08-30T07:37:36.606177,64.31,,48.26,2.505,11.22,8.2,3.02,28.0,0,NOMINAL
VEH_4863,1,2026-08-30T07:07:26.606177,68.29,42.7,37.44,1.595,17.79,17.21,0.58,34.3,0,NOMINAL
VEH_4863,2,2026-08-30T07:08:31.606177,71.84,43.63,38.09,1.677,18.86,18.09,0.77,34.6,0,NOMINAL
VEH_4863,3,2026-08-30T07:09:36.606177,72.39,,38.9,2.035,12.33,11.74,0.59,34.9,0,NOMINAL
VEH_4863,4,2026-08-30T07:10:41.606177,74.78,,39.54,1.666,13.26,12.61,0.65,35.2,0,NOMINAL
VEH_4863,5,2026-08-30T07:11:46.606177,64.18,,39.22,1.727,13.64,13.1,0.54,35.5,0,NOMINAL
VEH_4863,6,2026-08-30T07:12:51.606177,67.04,,39.23,2.189,12.08,11.58,0.5,35.8,0,NOMINAL
VEH_4863,7,2026-08-30T07:13:56.606177,70.43,44.51,40.82,1.958,18.3,17.29,1.01,36.1,0,NOMINAL
VEH_4863,8,2026-08-30T07:15:01.606177,73.35,44.78,40.22,1.899,19.08,18.17,0.91,36.4,0,NOMINAL
VEH_4863,9,2026-08-30T07:16:06.606177,74.39,,39.39,1.981,12.2,11.81,0.39,36.7,0,NOMINAL
VEH_4863,10,2026-08-30T07:17:11.606177,64.82,,40.03,2.334,12.75,12.3,0.45,37.0,0,NOMINAL
VEH_4863,11,2026-08-30T07:18:16.606177,66.2,,39.51,2.076,14.01,12.78,1.23,48.0,0,NOMINAL
VEH_4863,12,2026-08-30T07:19:21.606177,67.75,,41.13,2.162,11.12,10.16,0.96,48.0,0,NOMINAL
VEH_4863,13,2026-08-30T07:20:26.606177,73.26,,42.53,2.148,11.84,11.14,0.7,38.0,0,NOMINAL
VEH_4863,14,2026-08-30T07:21:31.606177,76.61,43.73,41.86,1.927,19.04,18.24,0.8,38.2,0,NOMINAL
VEH_4863,15,2026-08-30T07:22:36.606177,65.94,,41.18,2.193,13.21,12.7,0.51,38.0,0,NOMINAL
VEH_4863,16,2026-08-30T07:23:41.606177,68.07,,42.03,1.921,10.7,10.08,0.62,38.0,0,NOMINAL
VEH_4863,17,2026-08-30T07:24:46.606177,70.26,,42.86,2.091,13.64,11.06,2.58,60.0,0,NOMINAL
VEH_4863,18,2026-08-30T07:25:51.606177,74.8,,43.13,2.347,12.88,12.04,0.84,38.0,0,NOMINAL
VEH_4863,19,2026-08-30T07:26:56.606177,73.58,,45.2,2.232,11.52,9.21,2.31,29.5,0,NOMINAL
VEH_4863,20,2026-08-30T07:28:01.606177,64.08,,45.5,2.262,8.95,6.8,2.15,31.0,0,NOMINAL
VEH_4863,21,2026-08-30T07:29:06.606177,68.05,,44.68,2.088,10.1,7.58,2.52,28.0,0,NOMINAL
VEH_4863,22,2026-08-30T07:30:11.606177,69.51,,45.05,2.437,10.68,8.36,2.32,29.5,0,NOMINAL
VEH_4863,23,2026-08-30T07:31:16.606177,72.99,,45.8,2.273,11.37,9.14,2.23,31.0,0,NOMINAL
VEH_4863,24,2026-08-30T07:32:21.606177,74.82,,47.14,2.68,9.98,7.11,2.87,28.0,0,NOMINAL
VEH_4863,25,2026-08-30T07:33:26.606177,65.11,,46.5,2.653,10.06,7.5,2.56,29.5,0,NOMINAL
VEH_4863,26,2026-08-30T07:34:31.606177,65.05,43.13,47.26,2.523,15.6,13.11,2.49,31.0,0,NOMINAL
VEH_4863,27,2026-08-30T07:35:36.606177,70.04,41.79,46.63,2.609,16.66,13.89,2.77,28.0,0,NOMINAL
VEH_4863,28,2026-08-30T07:36:41.606177,72.93,,48.23,2.489,9.86,7.04,2.82,29.5,0,NOMINAL
VEH_4863,29,2026-08-30T07:37:46.606177,74.21,,47.35,2.567,10.24,7.81,2.43,31.0,0,NOMINAL
VEH_4863,30,2026-08-30T07:38:51.606177,65.43,,49.5,2.349,11.44,8.2,3.24,28.0,0,NOMINAL
VEH_4864,1,2026-08-30T07:08:41.606177,67.4,40.65,37.7,1.589,17.56,17.21,0.35,34.3,0,NOMINAL
VEH_4864,2,2026-08-30T07:09:46.606177,70.8,39.16,36.63,1.601,18.09,18.09,0.0,34.6,0,NOMINAL
VEH_4864,3,2026-08-30T07:10:51.606177,71.85,,38.07,1.769,12.19,11.74,0.45,34.9,0,NOMINAL
VEH_4864,4,2026-08-30T07:11:56.606177,75.32,,37.5,1.57,12.97,12.61,0.36,35.2,0,NOMINAL
VEH_4864,5,2026-08-30T07:13:01.606177,67.19,,38.91,1.733,13.68,13.1,0.58,35.5,0,NOMINAL
VEH_4864,6,2026-08-30T07:14:06.606177,66.49,,38.93,2.061,12.02,11.58,0.44,35.8,0,NOMINAL
VEH_4864,7,2026-08-30T07:15:11.606177,70.47,41.28,39.67,1.658,17.75,17.29,0.46,36.1,0,NOMINAL
VEH_4864,8,2026-08-30T07:16:16.606177,73.43,38.87,39.99,1.755,18.37,18.17,0.2,36.4,0,NOMINAL
VEH_4864,9,2026-08-30T07:17:21.606177,76.28,,40.56,1.767,12.43,11.81,0.62,36.7,0,NOMINAL
VEH_4864,10,2026-08-30T07:18:26.606177,63.11,,40.3,1.677,12.74,12.3,0.44,37.0,0,NOMINAL
VEH_4864,11,2026-08-30T07:19:31.606177,66.4,,41.04,2.239,13.79,12.78,1.01,48.0,0,NOMINAL
VEH_4864,12,2026-08-30T07:20:36.606177,69.89,,40.43,1.98,11.29,10.16,1.13,48.0,0,NOMINAL
VEH_4864,13,2026-08-30T07:21:41.606177,70.05,,41.63,2.275,11.6,11.14,0.46,38.0,0,NOMINAL
VEH_4864,14,2026-08-30T07:22:46.606177,73.35,41.14,43.05,2.154,18.82,18.24,0.58,38.2,0,NOMINAL
VEH_4864,15,2026-08-30T07:23:51.606177,63.95,,44.28,1.94,13.61,12.7,0.91,38.0,0,NOMINAL
VEH_4864,16,2026-08-30T07:24:56.606177,67.33,,43.21,1.875,10.86,10.08,0.78,38.0,0,NOMINAL
VEH_4864,17,2026-08-30T07:26:01.606177,70.62,,44.44,2.04,13.41,11.06,2.35,60.0,0,NOMINAL
VEH_4864,18,2026-08-30T07:27:06.606177,72.01,,43.7,2.1,12.87,12.04,0.83,38.0,0,NOMINAL
VEH_4864,19,2026-08-30T07:28:11.606177,74.92,,45.26,2.06,11.57,9.21,2.36,29.5,0,NOMINAL
VEH_4864,20,2026-08-30T07:29:16.606177,63.42,,47.24,2.01,9.19,6.8,2.39,31.0,0,NOMINAL
VEH_4864,21,2026-08-30T07:30:21.606177,66.33,,43.72,2.167,9.9,7.58,2.32,28.0,0,NOMINAL
VEH_4864,22,2026-08-30T07:31:26.606177,68.7,,45.4,2.379,10.7,8.36,2.34,29.5,0,NOMINAL
VEH_4864,23,2026-08-30T07:32:31.606177,72.55,,45.85,2.029,11.37,9.14,2.23,31.0,0,NOMINAL
VEH_4864,24,2026-08-30T07:33:36.606177,72.44,,46.22,2.281,9.77,7.11,2.66,28.0,0,NOMINAL
VEH_4864,25,2026-08-30T07:34:41.606177,61.9,,46.11,2.289,9.9,7.5,2.4,29.5,0,NOMINAL
VEH_4864,26,2026-08-30T07:35:46.606177,68.85,38.02,45.18,2.12,14.82,13.11,1.71,31.0,0,NOMINAL
VEH_4864,27,2026-08-30T07:36:51.606177,68.45,39.33,47.85,2.26,16.51,13.89,2.62,28.0,0,NOMINAL
VEH_4864,28,2026-08-30T07:37:56.606177,71.99,,47.84,2.293,9.77,7.04,2.73,29.5,0,NOMINAL
VEH_4864,29,2026-08-30T07:39:01.606177,75.02,,47.83,2.244,10.34,7.81,2.53,31.0,0,NOMINAL
VEH_4864,30,2026-08-30T07:40:06.606177,65.3,,47.84,2.525,11.19,8.2,2.99,28.0,0,NOMINAL
VEH_4865,1,2026-08-30T07:09:56.606177,69.39,44.17,37.49,1.641,18.0,17.21,0.79,34.3,0,NOMINAL
VEH_4865,2,2026-08-30T07:11:01.606177,71.6,43.7,38.2,1.173,18.87,18.09,0.78,34.6,0,NOMINAL
VEH_4865,3,2026-08-30T07:12:06.606177,73.54,,38.06,2.052,12.24,11.74,0.5,34.9,0,NOMINAL
VEH_4865,4,2026-08-30T07:13:11.606177,73.75,,39.07,1.59,13.15,12.61,0.54,35.2,0,NOMINAL
VEH_4865,5,2026-08-30T07:14:16.606177,64.05,,38.92,1.912,13.59,13.1,0.49,35.5,0,NOMINAL
VEH_4865,6,2026-08-30T07:15:21.606177,68.71,,40.53,1.569,12.33,11.58,0.75,35.8,0,NOMINAL
VEH_4865,7,2026-08-30T07:16:26.606177,68.48,43.74,40.77,1.969,18.14,17.29,0.85,36.1,0,NOMINAL
VEH_4865,8,2026-08-30T07:17:31.606177,72.44,43.25,39.19,1.608,18.73,18.17,0.56,36.4,0,NOMINAL
VEH_4865,9,2026-08-30T07:18:36.606177,72.86,,40.29,2.16,12.29,11.81,0.48,36.7,0,NOMINAL
VEH_4865,10,2026-08-30T07:19:41.606177,64.51,,40.96,2.03,12.88,12.3,0.58,37.0,0,NOMINAL
VEH_4865,11,2026-08-30T07:20:46.606177,67.24,,41.45,2.099,13.76,12.78,0.98,48.0,0,NOMINAL
VEH_4865,12,2026-08-30T07:21:51.606177,69.17,,40.92,2.048,11.2,10.16,1.04,48.0,0,NOMINAL
VEH_4865,13,2026-08-30T07:22:56.606177,70.19,,42.01,2.013,11.67,11.14,0.53,38.0,0,NOMINAL
VEH_4865,14,2026-08-30T07:24:01.606177,76.59,45.25,42.94,2.111,19.38,18.24,1.14,38.2,0,NOMINAL
VEH_4865,15,2026-08-30T07:25:06.606177,64.31,,42.8,2.291,13.4,12.7,0.7,38.0,0,NOMINAL
VEH_4865,16,2026-08-30T07:26:11.606177,68.03,,43.25,2.175,10.88,10.08,0.8,38.0,0,NOMINAL
VEH_4865,17,2026-08-30T07:27:16.606177,69.03,,44.1,2.221,13.41,11.06,2.35,60.0,0,NOMINAL
VEH_4865,18,2026-08-30T07:28:21.606177,72.89,,44.85,2.314,13.07,12.04,1.03,38.0,0,NOMINAL
VEH_4865,19,2026-08-30T07:29:26.606177,76.29,,43.91,2.248,11.41,9.21,2.2,29.5,0,NOMINAL
VEH_4865,20,2026-08-30T07:30:31.606177,66.77,,45.45,2.128,9.03,6.8,2.23,31.0,0,NOMINAL
VEH_4865,21,2026-08-30T07:31:36.606177,66.5,,44.2,2.365,9.98,7.58,2.4,28.0,0,NOMINAL
VEH_4865,22,2026-08-30T07:32:41.606177,69.5,,44.84,2.629,10.64,8.36,2.28,29.5,0,NOMINAL
VEH_4865,23,2026-08-30T07:33:46.606177,73.22,,45.83,2.592,11.38,9.14,2.24,31.0,0,NOMINAL
VEH_4865,24,2026-08-30T07:34:51.606177,72.5,,46.25,2.645,9.77,7.11,2.66,28.0,0,NOMINAL
VEH_4865,25,2026-08-30T07:35:56.606177,64.41,,45.56,2.496,9.89,7.5,2.39,29.5,0,NOMINAL
VEH_4865,26,2026-08-30T07:37:01.606177,65.31,42.91,45.94,2.645,15.39,13.11,2.28,31.0,0,NOMINAL
VEH_4865,27,2026-08-30T07:38:06.606177,69.89,44.9,46.91,2.601,17.05,13.89,3.16,28.0,0,NOMINAL
VEH_4865,28,2026-08-30T07:39:11.606177,71.76,,48.92,2.467,9.93,7.04,2.89,29.5,0,NOMINAL
VEH_4865,29,2026-08-30T07:40:16.606177,74.6,,48.57,2.497,10.44,7.81,2.63,31.0,0,NOMINAL
VEH_4865,30,2026-08-30T07:41:21.606177,64.7,,48.27,2.437,11.24,8.2,3.04,28.0,0,NOMINAL
VEH_4866,1,2026-08-30T07:11:11.606177,69.39,42.23,38.06,1.707,17.86,17.21,0.65,34.3,0,NOMINAL
VEH_4866,2,2026-08-30T07:12:16.606177,69.18,39.51,36.32,1.493,18.09,18.09,0.0,34.6,0,NOMINAL
VEH_4866,3,2026-08-30T07:13:21.606177,71.69,,37.84,1.737,12.15,11.74,0.41,34.9,0,NOMINAL
VEH_4866,4,2026-08-30T07:14:26.606177,73.43,,38.48,1.732,13.06,12.61,0.45,35.2,0,NOMINAL
VEH_4866,5,2026-08-30T07:15:31.606177,63.78,,38.99,1.852,13.59,13.1,0.49,35.5,0,NOMINAL
VEH_4866,6,2026-08-30T07:16:36.606177,67.17,,39.44,1.891,12.12,11.58,0.54,35.8,0,NOMINAL
VEH_4866,7,2026-08-30T07:17:41.606177,67.86,42.41,40.47,1.747,17.93,17.29,0.64,36.1,0,NOMINAL
VEH_4866,8,2026-08-30T07:18:46.606177,72.45,43.77,39.18,1.589,18.78,18.17,0.61,36.4,0,NOMINAL
VEH_4866,9,2026-08-30T07:19:51.606177,73.62,,40.3,1.883,12.31,11.81,0.5,36.7,0,NOMINAL
VEH_4866,10,2026-08-30T07:20:56.606177,63.58,,42.08,1.932,13.02,12.3,0.72,37.0,0,NOMINAL
VEH_4866,11,2026-08-30T07:22:01.606177,69.04,,41.45,1.917,13.81,12.78,1.03,48.0,0,NOMINAL
VEH_4866,12,2026-08-30T07:23:06.606177,68.9,,41.13,1.651,11.15,10.16,0.99,48.0,0,NOMINAL
VEH_4866,13,2026-08-30T07:24:11.606177,73.67,,42.57,2.345,11.86,11.14,0.72,38.0,0,NOMINAL
VEH_4866,14,2026-08-30T07:25:16.606177,77.01,40.68,42.41,1.953,18.78,18.24,0.54,38.2,0,NOMINAL
VEH_4866,15,2026-08-30T07:26:21.606177,65.78,,43.1,1.811,13.49,12.7,0.79,38.0,0,NOMINAL
VEH_4866,16,2026-08-30T07:27:26.606177,66.43,,42.72,2.32,10.76,10.08,0.68,38.0,0,NOMINAL
VEH_4866,17,2026-08-30T07:28:31.606177,70.32,,43.47,2.164,13.55,11.06,2.49,60.0,0,NOMINAL
VEH_4866,18,2026-08-30T07:29:36.606177,73.26,,43.83,2.091,12.93,12.04,0.89,38.0,0,NOMINAL
VEH_4866,19,2026-08-30T07:30:41.606177,75.68,,44.42,1.91,11.47,9.21,2.26,29.5,0,NOMINAL
VEH_4866,20,2026-08-30T07:31:46.606177,65.87,,43.84,2.053,8.76,6.8,1.96,31.0,0,NOMINAL
VEH_4866,21,2026-08-30T07:32:51.606177,67.8,,44.44,2.22,10.06,7.58,2.48,28.0,0,NOMINAL
VEH_4866,22,2026-08-30T07:33:56.606177,68.55,,47.21,2.307,10.97,8.36,2.61,29.5,0,NOMINAL
VEH_4866,23,2026-08-30T07:35:01.606177,72.39,,45.49,2.445,11.31,9.14,2.17,31.0,0,NOMINAL
VEH_4866,24,2026-08-30T07:36:06.606177,75.46,,46.41,2.146,9.89,7.11,2.78,28.0,0,NOMINAL
VEH_4866,25,2026-08-30T07:37:11.606177,64.98,,45.18,2.23,9.86,7.5,2.36,29.5,0,NOMINAL
VEH_4866,26,2026-08-30T07:38:16.606177,68.51,41.86,47.36,2.27,15.58,13.11,2.47,31.0,0,NOMINAL
VEH_4866,27,2026-08-30T07:39:21.606177,71.61,41.81,48.75,2.489,17.03,13.89,3.14,28.0,0,NOMINAL
VEH_4866,28,2026-08-30T07:40:26.606177,70.18,,49.79,2.291,10.01,7.04,2.97,29.5,0,NOMINAL
VEH_4866,29,2026-08-30T07:41:31.606177,74.14,,48.27,2.537,10.38,7.81,2.57,31.0,0,NOMINAL
VEH_4866,30,2026-08-30T07:42:36.606177,66.13,,48.35,2.529,11.29,8.2,3.09,28.0,0,NOMINAL
VEH_4867,1,2026-08-30T07:12:26.606177,66.77,43.97,36.57,1.835,17.76,17.21,0.55,34.3,0,NOMINAL
VEH_4867,2,2026-08-30T07:13:31.606177,67.74,45.26,37.76,1.743,18.87,18.09,0.78,34.6,0,NOMINAL
VEH_4867,3,2026-08-30T07:14:36.606177,71.96,,38.14,1.682,12.21,11.74,0.47,34.9,0,NOMINAL
VEH_4867,4,2026-08-30T07:15:41.606177,73.08,,37.66,1.664,12.92,12.61,0.31,35.2,0,NOMINAL
VEH_4867,5,2026-08-30T07:16:46.606177,66.31,,38.74,1.851,13.63,13.1,0.53,35.5,0,NOMINAL
VEH_4867,6,2026-08-30T07:17:51.606177,66.87,,38.54,2.034,11.97,11.58,0.39,35.8,0,NOMINAL
VEH_4867,7,2026-08-30T07:18:56.606177,68.46,44.2,38.19,1.808,17.81,17.29,0.52,36.1,0,NOMINAL
VEH_4867,8,2026-08-30T07:20:01.606177,69.86,43.06,40.27,1.766,18.79,18.17,0.62,36.4,0,NOMINAL
VEH_4867,9,2026-08-30T07:21:06.606177,74.2,,40.29,1.84,12.33,11.81,0.52,36.7,0,NOMINAL
VEH_4867,10,2026-08-30T07:22:11.606177,65.04,,41.33,1.957,12.95,12.3,0.65,37.0,0,NOMINAL
VEH_4867,11,2026-08-30T07:23:16.606177,67.66,,40.01,1.876,13.98,12.78,1.2,48.0,0,NOMINAL
VEH_4867,12,2026-08-30T07:24:21.606177,69.37,,39.98,1.943,11.34,10.16,1.18,48.0,0,NOMINAL
VEH_4867,13,2026-08-30T07:25:26.606177,71.72,,43.75,1.991,11.97,11.14,0.83,38.0,0,NOMINAL
VEH_4867,14,2026-08-30T07:26:31.606177,73.96,42.98,42.07,2.255,18.9,18.24,0.66,38.2,0,NOMINAL
VEH_4867,15,2026-08-30T07:27:36.606177,64.69,,44.33,2.025,13.64,12.7,0.94,38.0,0,NOMINAL
VEH_4867,16,2026-08-30T07:28:41.606177,66.41,,43.24,2.336,10.83,10.08,0.75,38.0,0,NOMINAL
VEH_4867,17,2026-08-30T07:29:46.606177,72.08,,44.64,2.152,13.43,11.06,2.37,60.0,0,NOMINAL
VEH_4867,18,2026-08-30T07:30:51.606177,72.5,,44.66,2.118,13.03,12.04,0.99,38.0,0,NOMINAL
VEH_4867,19,2026-08-30T07:31:56.606177,73.3,,44.55,2.195,11.42,9.21,2.21,29.5,0,NOMINAL
VEH_4867,20,2026-08-30T07:33:01.606177,65.48,,44.69,2.393,8.87,6.8,2.07,31.0,0,NOMINAL
VEH_4867,21,2026-08-30T07:34:06.606177,68.39,,45.61,2.375,10.25,7.58,2.67,28.0,0,NOMINAL
VEH_4867,22,2026-08-30T07:35:11.606177,69.88,,45.33,2.554,10.73,8.36,2.37,29.5,0,NOMINAL
VEH_4867,23,2026-08-30T07:36:16.606177,72.23,,45.99,2.392,11.38,9.14,2.24,31.0,0,NOMINAL
VEH_4867,24,2026-08-30T07:37:21.606177,73.87,,45.28,2.311,9.67,7.11,2.56,28.0,0,NOMINAL
VEH_4867,25,2026-08-30T07:38:26.606177,64.98,,46.3,2.728,10.02,7.5,2.52,29.5,0,NOMINAL
VEH_4867,26,2026-08-30T07:39:31.606177,69.01,43.8,48.08,2.285,15.93,13.11,2.82,31.0,0,NOMINAL
VEH_4867,27,2026-08-30T07:40:36.606177,71.0,42.95,48.28,2.59,17.07,13.89,3.18,28.0,0,NOMINAL
VEH_4867,28,2026-08-30T07:41:41.606177,71.06,,48.09,2.245,9.78,7.04,2.74,29.5,0,NOMINAL
VEH_4867,29,2026-08-30T07:42:46.606177,74.63,,49.79,2.561,10.62,7.81,2.81,31.0,0,NOMINAL
VEH_4867,30,2026-08-30T07:43:51.606177,64.96,,47.69,2.423,11.16,8.2,2.96,28.0,0,NOMINAL
VEH_4868,1,2026-08-30T07:13:41.606177,68.67,42.82,35.72,1.667,17.55,17.21,0.34,34.3,0,NOMINAL
VEH_4868,2,2026-08-30T07:14:46.606177,70.63,41.31,37.68,1.936,18.49,18.09,0.4,34.6,0,NOMINAL
VEH_4868,3,2026-08-30T07:15:51.606177,74.51,,37.92,1.708,12.25,11.74,0.51,34.9,0,NOMINAL
VEH_4868,4,2026-08-30T07:16:56.606177,73.01,,38.12,1.664,12.99,12.61,0.38,35.2,0,NOMINAL
VEH_4868,5,2026-08-30T07:18:01.606177,65.21,,38.35,1.965,13.54,13.1,0.44,35.5,0,NOMINAL
VEH_4868,6,2026-08-30T07:19:06.606177,68.22,,39.35,1.784,12.14,11.58,0.56,35.8,0,NOMINAL
VEH_4868,7,2026-08-30T07:20:11.606177,70.05,42.59,39.19,1.637,17.82,17.29,0.53,36.1,0,NOMINAL
VEH_4868,8,2026-08-30T07:21:16.606177,71.98,42.23,39.73,1.784,18.67,18.17,0.5,36.4,0,NOMINAL
VEH_4868,9,2026-08-30T07:22:21.606177,75.22,,40.11,1.828,12.33,11.81,0.52,36.7,0,NOMINAL
VEH_4868,10,2026-08-30T07:23:26.606177,64.41,,41.53,1.835,12.97,12.3,0.67,37.0,0,NOMINAL
VEH_4868,11,2026-08-30T07:24:31.606177,67.81,,42.18,1.843,13.66,12.78,0.88,48.0,0,NOMINAL
VEH_4868,12,2026-08-30T07:25:36.606177,69.7,,41.94,2.046,11.06,10.16,0.9,48.0,0,NOMINAL
VEH_4868,13,2026-08-30T07:26:41.606177,72.33,,42.53,2.02,11.81,11.14,0.67,38.0,0,NOMINAL
VEH_4868,14,2026-08-30T07:27:46.606177,75.83,41.16,42.18,2.149,18.77,18.24,0.53,38.2,0,NOMINAL
VEH_4868,15,2026-08-30T07:28:51.606177,65.05,,43.02,2.056,13.46,12.7,0.76,38.0,0,NOMINAL
VEH_4868,16,2026-08-30T07:29:56.606177,67.11,,43.62,2.168,10.91,10.08,0.83,38.0,0,NOMINAL
VEH_4868,17,2026-08-30T07:31:01.606177,69.42,,44.03,1.783,13.44,11.06,2.38,60.0,0,NOMINAL
VEH_4868,18,2026-08-30T07:32:06.606177,72.28,,44.41,2.12,12.99,12.04,0.95,38.0,0,NOMINAL
VEH_4868,19,2026-08-30T07:33:11.606177,74.55,,44.61,1.9,11.47,9.21,2.26,29.5,0,NOMINAL
VEH_4868,20,2026-08-30T07:34:16.606177,65.13,,45.76,2.08,9.02,6.8,2.22,31.0,0,NOMINAL
VEH_4868,21,2026-08-30T07:35:21.606177,67.49,,43.9,2.155,9.97,7.58,2.39,28.0,0,NOMINAL
VEH_4868,22,2026-08-30T07:36:26.606177,71.02,,45.02,2.343,10.72,8.36,2.36,29.5,0,NOMINAL
VEH_4868,23,2026-08-30T07:37:31.606177,74.38,,46.01,2.443,11.44,9.14,2.3,31.0,0,NOMINAL
VEH_4868,24,2026-08-30T07:38:36.606177,73.55,,46.41,2.197,9.83,7.11,2.72,28.0,0,NOMINAL
VEH_4868,25,2026-08-30T07:39:41.606177,64.77,,45.28,2.216,9.86,7.5,2.36,29.5,0,NOMINAL
VEH_4868,26,2026-08-30T07:40:46.606177,65.82,38.9,46.2,2.496,14.98,13.11,1.87,31.0,0,NOMINAL
VEH_4868,27,2026-08-30T07:41:51.606177,70.46,42.63,48.33,2.585,17.02,13.89,3.13,28.0,0,NOMINAL
VEH_4868,28,2026-08-30T07:42:56.606177,71.25,,47.07,2.702,9.63,7.04,2.59,29.5,0,NOMINAL
VEH_4868,29,2026-08-30T07:44:01.606177,75.15,,48.71,2.363,10.47,7.81,2.66,31.0,0,NOMINAL
VEH_4868,30,2026-08-30T07:45:06.606177,65.22,,49.12,2.239,11.38,8.2,3.18,28.0,0,NOMINAL
VEH_4869,1,2026-08-30T07:14:56.606177,68.8,41.85,36.3,1.639,17.53,17.21,0.32,34.3,0,NOMINAL
VEH_4869,2,2026-08-30T07:16:01.606177,71.16,40.93,37.4,1.485,18.42,18.09,0.33,34.6,0,NOMINAL
VEH_4869,3,2026-08-30T07:17:06.606177,75.09,,39.21,1.719,12.46,11.74,0.72,34.9,0,NOMINAL
VEH_4869,4,2026-08-30T07:18:11.606177,72.62,,39.37,1.859,13.16,12.61,0.55,35.2,0,NOMINAL
VEH_4869,5,2026-08-30T07:19:16.606177,64.49,,37.95,1.703,13.46,13.1,0.36,35.5,0,NOMINAL
VEH_4869,6,2026-08-30T07:20:21.606177,68.91,,40.23,1.94,12.29,11.58,0.71,35.8,0,NOMINAL
VEH_4869,7,2026-08-30T07:21:26.606177,69.97,41.09,37.97,1.658,17.46,17.29,0.17,36.1,0,NOMINAL
VEH_4869,8,2026-08-30T07:22:31.606177,72.05,39.74,38.32,2.004,18.18,18.17,0.01,36.4,0,NOMINAL
VEH_4869,9,2026-08-30T07:23:36.606177,74.87,,41.29,1.76,12.5,11.81,0.69,36.7,0,NOMINAL
VEH_4869,10,2026-08-30T07:24:41.606177,65.69,,39.85,1.845,12.75,12.3,0.45,37.0,0,NOMINAL
VEH_4869,11,2026-08-30T07:25:46.606177,68.95,,41.99,2.05,13.73,12.78,0.95,48.0,0,NOMINAL
VEH_4869,12,2026-08-30T07:26:51.606177,69.6,,42.56,2.186,10.96,10.16,0.8,48.0,0,NOMINAL
VEH_4869,13,2026-08-30T07:27:56.606177,70.09,,42.5,1.798,11.74,11.14,0.6,38.0,0,NOMINAL
VEH_4869,14,2026-08-30T07:29:01.606177,73.51,41.75,43.1,1.892,18.9,18.24,0.66,38.2,0,NOMINAL
VEH_4869,15,2026-08-30T07:30:06.606177,66.03,,43.12,2.401,13.5,12.7,0.8,38.0,0,NOMINAL
VEH_4869,16,2026-08-30T07:31:11.606177,65.53,,42.4,2.062,10.68,10.08,0.6,38.0,0,NOMINAL
VEH_4869,17,2026-08-30T07:32:16.606177,70.72,,44.61,2.322,13.39,11.06,2.33,60.0,0,NOMINAL
VEH_4869,18,2026-08-30T07:33:21.606177,72.73,,43.56,2.089,12.88,12.04,0.84,38.0,0,NOMINAL
VEH_4869,19,2026-08-30T07:34:26.606177,74.68,,43.29,2.016,11.27,9.21,2.06,29.5,0,NOMINAL
VEH_4869,20,2026-08-30T07:35:31.606177,66.09,,45.36,2.493,8.99,6.8,2.19,31.0,0,NOMINAL
VEH_4869,21,2026-08-30T07:36:36.606177,67.77,,44.83,2.3,10.11,7.58,2.53,28.0,0,NOMINAL
VEH_4869,22,2026-08-30T07:37:41.606177,69.96,,45.69,2.201,10.79,8.36,2.43,29.5,0,NOMINAL
VEH_4869,23,2026-08-30T07:38:46.606177,71.78,,46.58,2.355,11.45,9.14,2.31,31.0,0,NOMINAL
VEH_4869,24,2026-08-30T07:39:51.606177,72.99,,47.44,2.363,9.97,7.11,2.86,28.0,0,NOMINAL
VEH_4869,25,2026-08-30T07:40:56.606177,65.13,,46.83,2.249,10.11,7.5,2.61,29.5,0,NOMINAL
VEH_4869,26,2026-08-30T07:42:01.606177,68.76,40.48,47.52,2.106,15.45,13.11,2.34,31.0,0,NOMINAL
VEH_4869,27,2026-08-30T07:43:06.606177,68.62,41.3,46.69,2.586,16.57,13.89,2.68,28.0,0,NOMINAL
VEH_4869,28,2026-08-30T07:44:11.606177,72.83,,47.07,2.322,9.68,7.04,2.64,29.5,0,NOMINAL
VEH_4869,29,2026-08-30T07:45:16.606177,75.31,,47.89,2.34,10.36,7.81,2.55,31.0,0,NOMINAL
VEH_4869,30,2026-08-30T07:46:21.606177,63.78,,48.55,2.563,11.25,8.2,3.05,28.0,0,NOMINAL
VEH_4870,1,2026-08-30T07:16:11.606177,68.52,40.91,36.48,1.334,17.44,17.21,0.23,34.3,0,NOMINAL
VEH_4870,2,2026-08-30T07:17:16.606177,70.34,39.3,36.36,1.682,18.09,18.09,0.0,34.6,0,NOMINAL
VEH_4870,3,2026-08-30T07:18:21.606177,73.14,,38.5,1.763,12.3,11.74,0.56,34.9,0,NOMINAL
VEH_4870,4,2026-08-30T07:19:26.606177,76.19,,38.38,1.767,13.13,12.61,0.52,35.2,0,NOMINAL
VEH_4870,5,2026-08-30T07:20:31.606177,65.2,,37.46,1.674,13.4,13.1,0.3,35.5,0,NOMINAL
VEH_4870,6,2026-08-30T07:21:36.606177,67.26,,39.04,1.715,12.06,11.58,0.48,35.8,0,NOMINAL
VEH_4870,7,2026-08-30T07:22:41.606177,71.14,40.39,39.44,1.864,17.64,17.29,0.35,36.1,0,NOMINAL
VEH_4870,8,2026-08-30T07:23:46.606177,72.4,40.15,39.57,1.817,18.42,18.17,0.25,36.4,0,NOMINAL
VEH_4870,9,2026-08-30T07:24:51.606177,76.46,,40.19,2.048,12.38,11.81,0.57,36.7,0,NOMINAL
VEH_4870,10,2026-08-30T07:25:56.606177,64.95,,40.57,1.949,12.84,12.3,0.54,37.0,0,NOMINAL
VEH_4870,11,2026-08-30T07:27:01.606177,65.84,,41.05,1.976,13.77,12.78,0.99,48.0,0,NOMINAL
VEH_4870,12,2026-08-30T07:28:06.606177,69.93,,42.18,1.895,11.03,10.16,0.87,48.0,0,NOMINAL
VEH_4870,13,2026-08-30T07:29:11.606177,70.14,,42.57,1.886,11.75,11.14,0.61,38.0,0,NOMINAL
VEH_4870,14,2026-08-30T07:30:16.606177,76.32,39.2,42.67,2.044,18.63,18.24,0.39,38.2,0,NOMINAL
VEH_4870,15,2026-08-30T07:31:21.606177,63.14,,42.35,1.852,13.3,12.7,0.6,38.0,0,NOMINAL
VEH_4870,16,2026-08-30T07:32:26.606177,67.17,,44.04,1.902,10.98,10.08,0.9,38.0,0,NOMINAL
VEH_4870,17,2026-08-30T07:33:31.606177,68.58,,44.27,2.053,13.37,11.06,2.31,60.0,0,NOMINAL
VEH_4870,18,2026-08-30T07:34:36.606177,71.9,,42.59,2.244,12.71,12.04,0.67,38.0,0,NOMINAL
VEH_4870,19,2026-08-30T07:35:41.606177,74.92,,44.77,2.327,11.5,9.21,2.29,29.5,0,NOMINAL
VEH_4870,20,2026-08-30T07:36:46.606177,65.39,,45.08,1.72,8.93,6.8,2.13,31.0,0,NOMINAL
VEH_4870,21,2026-08-30T07:37:51.606177,65.99,,43.34,2.155,9.84,7.58,2.26,28.0,0,NOMINAL
VEH_4870,22,2026-08-30T07:38:56.606177,70.29,,46.6,2.343,10.93,8.36,2.57,29.5,0,NOMINAL
VEH_4870,23,2026-08-30T07:40:01.606177,70.74,,45.93,2.314,11.32,9.14,2.18,31.0,0,NOMINAL
VEH_4870,24,2026-08-30T07:41:06.606177,75.06,,46.49,2.239,9.89,7.11,2.78,28.0,0,NOMINAL
VEH_4870,25,2026-08-30T07:42:11.606177,63.98,,45.54,2.273,9.88,7.5,2.38,29.5,0,NOMINAL
VEH_4870,26,2026-08-30T07:43:16.606177,67.57,38.98,45.08,2.56,14.88,13.11,1.77,31.0,0,NOMINAL
VEH_4870,27,2026-08-30T07:44:21.606177,69.66,40.14,48.09,2.303,16.68,13.89,2.79,28.0,0,NOMINAL
VEH_4870,28,2026-08-30T07:45:26.606177,73.02,,49.07,2.549,9.99,7.04,2.95,29.5,0,NOMINAL
VEH_4870,29,2026-08-30T07:46:31.606177,71.87,,48.49,2.42,10.34,7.81,2.53,31.0,0,NOMINAL
VEH_4870,30,2026-08-30T07:47:36.606177,65.72,,48.74,2.521,11.34,8.2,3.14,28.0,0,NOMINAL
VEH_4871,1,2026-08-30T07:17:26.606177,67.08,39.04,36.84,1.571,17.24,17.21,0.03,34.3,0,NOMINAL
VEH_4871,2,2026-08-30T07:18:31.606177,69.66,39.9,36.79,1.631,18.17,18.09,0.08,34.6,0,NOMINAL
VEH_4871,3,2026-08-30T07:19:36.606177,73.17,,37.74,1.859,12.18,11.74,0.44,34.9,0,NOMINAL
VEH_4871,4,2026-08-30T07:20:41.606177,73.63,,38.69,1.742,13.09,12.61,0.48,35.2,0,NOMINAL
VEH_4871,5,2026-08-30T07:21:46.606177,65.21,,36.93,1.629,13.32,13.1,0.22,35.5,0,NOMINAL
VEH_4871,6,2026-08-30T07:22:51.606177,66.05,,40.76,1.541,12.28,11.58,0.7,35.8,0,NOMINAL
VEH_4871,7,2026-08-30T07:23:56.606177,70.64,37.8,41.03,1.853,17.56,17.29,0.27,36.1,0,NOMINAL
VEH_4871,8,2026-08-30T07:25:01.606177,71.51,39.81,39.59,1.612,18.36,18.17,0.19,36.4,0,NOMINAL
VEH_4871,9,2026-08-30T07:26:06.606177,73.58,,39.04,1.595,12.12,11.81,0.31,36.7,0,NOMINAL
VEH_4871,10,2026-08-30T07:27:11.606177,66.0,,40.84,1.953,12.91,12.3,0.61,37.0,0,NOMINAL
VEH_4871,11,2026-08-30T07:28:16.606177,68.51,,40.9,1.84,13.88,12.78,1.1,48.0,0,NOMINAL
VEH_4871,12,2026-08-30T07:29:21.606177,70.35,,40.59,1.987,11.28,10.16,1.12,48.0,0,NOMINAL
VEH_4871,13,2026-08-30T07:30:26.606177,73.34,,44.07,1.968,12.07,11.14,0.93,38.0,0,NOMINAL
VEH_4871,14,2026-08-30T07:31:31.606177,74.97,38.91,42.45,1.892,18.52,18.24,0.28,38.2,0,NOMINAL
VEH_4871,15,2026-08-30T07:32:36.606177,64.38,,43.44,2.036,13.5,12.7,0.8,38.0,0,NOMINAL
VEH_4871,16,2026-08-30T07:33:41.606177,67.36,,42.57,1.974,10.76,10.08,0.68,38.0,0,NOMINAL
VEH_4871,17,2026-08-30T07:34:46.606177,68.71,,44.51,2.158,13.34,11.06,2.28,60.0,0,NOMINAL
VEH_4871,18,2026-08-30T07:35:51.606177,71.91,,43.22,2.318,12.8,12.04,0.76,38.0,0,NOMINAL
VEH_4871,19,2026-08-30T07:36:56.606177,76.19,,44.73,1.978,11.53,9.21,2.32,29.5,0,NOMINAL
VEH_4871,20,2026-08-30T07:38:01.606177,65.07,,46.63,1.826,9.15,6.8,2.35,31.0,0,NOMINAL
VEH_4871,21,2026-08-30T07:39:06.606177,67.5,,45.07,1.913,10.14,7.58,2.56,28.0,0,NOMINAL
VEH_4871,22,2026-08-30T07:40:11.606177,71.19,,45.15,2.022,10.74,8.36,2.38,29.5,0,NOMINAL
VEH_4871,23,2026-08-30T07:41:16.606177,70.94,,45.06,2.246,11.2,9.14,2.06,31.0,0,NOMINAL
VEH_4871,24,2026-08-30T07:42:21.606177,75.1,,46.77,2.386,9.93,7.11,2.82,28.0,0,NOMINAL
VEH_4871,25,2026-08-30T07:43:26.606177,64.57,,47.84,1.97,10.24,7.5,2.74,29.5,0,NOMINAL
VEH_4871,26,2026-08-30T07:44:31.606177,68.18,40.4,46.22,2.335,15.23,13.11,2.12,31.0,0,NOMINAL
VEH_4871,27,2026-08-30T07:45:36.606177,68.29,40.02,48.87,2.306,16.74,13.89,2.85,28.0,0,NOMINAL
VEH_4871,28,2026-08-30T07:46:41.606177,73.91,,47.84,2.454,9.83,7.04,2.79,29.5,0,NOMINAL
VEH_4871,29,2026-08-30T07:47:46.606177,75.96,,47.69,2.4,10.35,7.81,2.54,31.0,0,NOMINAL
VEH_4871,30,2026-08-30T07:48:51.606177,65.39,,48.47,2.402,11.29,8.2,3.09,28.0,0,NOMINAL
VEH_4872,1,2026-08-30T07:18:41.606177,68.16,38.87,37.56,1.493,17.36,17.21,0.15,34.3,0,NOMINAL
VEH_4872,2,2026-08-30T07:19:46.606177,68.71,38.91,37.0,1.366,18.09,18.09,0.0,34.6,0,NOMINAL
VEH_4872,3,2026-08-30T07:20:51.606177,72.11,,38.79,1.839,12.31,11.74,0.57,34.9,0,NOMINAL
VEH_4872,4,2026-08-30T07:21:56.606177,75.31,,38.25,1.636,13.08,12.61,0.47,35.2,0,NOMINAL
VEH_4872,5,2026-08-30T07:23:01.606177,65.37,,37.99,1.803,13.49,13.1,0.39,35.5,0,NOMINAL
VEH_4872,6,2026-08-30T07:24:06.606177,67.71,,39.16,1.86,12.09,11.58,0.51,35.8,0,NOMINAL
VEH_4872,7,2026-08-30T07:25:11.606177,71.47,40.71,40.39,1.773,17.83,17.29,0.54,36.1,0,NOMINAL
VEH_4872,8,2026-08-30T07:26:16.606177,74.18,40.28,39.57,1.874,18.49,18.17,0.32,36.4,0,NOMINAL
VEH_4872,9,2026-08-30T07:27:21.606177,75.27,,37.71,1.798,11.97,11.81,0.16,36.7,0,NOMINAL
VEH_4872,10,2026-08-30T07:28:26.606177,66.82,,41.23,2.075,13.0,12.3,0.7,37.0,0,NOMINAL
VEH_4872,11,2026-08-30T07:29:31.606177,67.6,,40.53,1.889,13.9,12.78,1.12,48.0,0,NOMINAL
VEH_4872,12,2026-08-30T07:30:36.606177,70.38,,42.55,1.775,10.99,10.16,0.83,48.0,0,NOMINAL
VEH_4872,13,2026-08-30T07:31:41.606177,73.21,,43.58,1.814,11.99,11.14,0.85,38.0,0,NOMINAL
VEH_4872,14,2026-08-30T07:32:46.606177,75.38,39.39,42.27,1.974,18.56,18.24,0.32,38.2,0,NOMINAL
VEH_4872,15,2026-08-30T07:33:51.606177,65.73,,42.18,1.729,13.35,12.7,0.65,38.0,0,NOMINAL
VEH_4872,16,2026-08-30T07:34:56.606177,67.95,,43.61,1.818,10.94,10.08,0.86,38.0,0,NOMINAL
VEH_4872,17,2026-08-30T07:36:01.606177,68.71,,43.61,1.948,13.48,11.06,2.42,60.0,0,NOMINAL
VEH_4872,18,2026-08-30T07:37:06.606177,71.77,,44.83,2.176,13.04,12.04,1.0,38.0,0,NOMINAL
VEH_4872,19,2026-08-30T07:38:11.606177,73.83,,43.15,1.879,11.22,9.21,2.01,29.5,0,NOMINAL
VEH_4872,20,2026-08-30T07:39:16.606177,63.71,,45.12,2.113,8.88,6.8,2.08,31.0,0,NOMINAL
VEH_4872,21,2026-08-30T07:40:21.606177,65.64,,46.14,2.182,10.24,7.58,2.66,28.0,0,NOMINAL
VEH_4872,22,2026-08-30T07:41:26.606177,70.27,,46.04,2.115,10.85,8.36,2.49,29.5,0,NOMINAL
VEH_4872,23,2026-08-30T07:42:31.606177,73.71,,45.98,2.206,11.42,9.14,2.28,31.0,0,NOMINAL
VEH_4872,24,2026-08-30T07:43:36.606177,75.52,,46.51,2.619,9.9,7.11,2.79,28.0,0,NOMINAL
VEH_4872,25,2026-08-30T07:44:41.606177,64.43,,47.58,2.262,10.2,7.5,2.7,29.5,0,NOMINAL
VEH_4872,26,2026-08-30T07:45:46.606177,67.64,40.56,46.82,2.343,15.32,13.11,2.21,31.0,0,NOMINAL
VEH_4872,27,2026-08-30T07:46:51.606177,72.1,38.94,46.79,2.177,16.42,13.89,2.53,28.0,0,NOMINAL
VEH_4872,28,2026-08-30T07:47:56.606177,73.52,,47.59,2.365,9.78,7.04,2.74,29.5,0,NOMINAL
VEH_4872,29,2026-08-30T07:49:01.606177,77.04,,48.97,2.221,10.57,7.81,2.76,31.0,0,NOMINAL
VEH_4872,30,2026-08-30T07:50:06.606177,62.48,,48.64,2.448,11.22,8.2,3.02,28.0,0,NOMINAL
VEH_4873,1,2026-08-30T07:19:56.606177,67.94,43.11,37.7,1.591,17.86,17.21,0.65,34.3,0,NOMINAL
VEH_4873,2,2026-08-30T07:21:01.606177,72.48,43.47,38.84,1.621,18.97,18.09,0.88,34.6,0,NOMINAL
VEH_4873,3,2026-08-30T07:22:06.606177,72.04,,38.25,1.469,12.22,11.74,0.48,34.9,0,NOMINAL
VEH_4873,4,2026-08-30T07:23:11.606177,73.45,,39.48,1.702,13.21,12.61,0.6,35.2,0,NOMINAL
VEH_4873,5,2026-08-30T07:24:16.606177,63.13,,38.86,1.578,13.55,13.1,0.45,35.5,0,NOMINAL
VEH_4873,6,2026-08-30T07:25:21.606177,65.68,,38.72,1.858,11.96,11.58,0.38,35.8,0,NOMINAL
VEH_4873,7,2026-08-30T07:26:26.606177,70.56,43.47,40.18,1.838,18.09,17.29,0.8,36.1,0,NOMINAL
VEH_4873,8,2026-08-30T07:27:31.606177,72.08,41.66,40.14,2.059,18.67,18.17,0.5,36.4,0,NOMINAL
VEH_4873,9,2026-08-30T07:28:36.606177,73.33,,40.63,2.085,12.35,11.81,0.54,36.7,0,NOMINAL
VEH_4873,10,2026-08-30T07:29:41.606177,63.12,,40.35,1.928,12.75,12.3,0.45,37.0,0,NOMINAL
VEH_4873,11,2026-08-30T07:30:46.606177,66.58,,40.46,2.12,13.88,12.78,1.1,48.0,0,NOMINAL
VEH_4873,12,2026-08-30T07:31:51.606177,70.1,,41.79,1.939,11.09,10.16,0.93,48.0,0,NOMINAL
VEH_4873,13,2026-08-30T07:32:56.606177,72.88,,42.21,2.151,11.78,11.14,0.64,38.0,0,NOMINAL
VEH_4873,14,2026-08-30T07:34:01.606177,77.24,42.22,42.29,2.252,18.95,18.24,0.71,38.2,0,NOMINAL
VEH_4873,15,2026-08-30T07:35:06.606177,66.09,,39.77,2.036,13.0,12.7,0.3,38.0,0,NOMINAL
VEH_4873,16,2026-08-30T07:36:11.606177,68.22,,42.97,1.96,10.85,10.08,0.77,38.0,0,NOMINAL
VEH_4873,17,2026-08-30T07:37:16.606177,71.92,,43.19,2.394,13.64,11.06,2.58,60.0,0,NOMINAL
VEH_4873,18,2026-08-30T07:38:21.606177,72.54,,43.12,2.059,12.8,12.04,0.76,38.0,0,NOMINAL
VEH_4873,19,2026-08-30T07:39:26.606177,75.59,,44.43,2.225,11.47,9.21,2.26,29.5,0,NOMINAL
VEH_4873,20,2026-08-30T07:40:31.606177,64.56,,44.34,2.054,8.79,6.8,1.99,31.0,0,NOMINAL
VEH_4873,21,2026-08-30T07:41:36.606177,69.47,,45.65,2.216,10.29,7.58,2.71,28.0,0,NOMINAL
VEH_4873,22,2026-08-30T07:42:41.606177,67.6,,45.69,2.202,10.71,8.36,2.35,29.5,0,NOMINAL
VEH_4873,23,2026-08-30T07:43:46.606177,71.93,,46.19,2.597,11.4,9.14,2.26,31.0,0,NOMINAL
VEH_4873,24,2026-08-30T07:44:51.606177,75.65,,47.96,2.386,10.13,7.11,3.02,28.0,0,NOMINAL
VEH_4873,25,2026-08-30T07:45:56.606177,64.19,,46.02,2.109,9.96,7.5,2.46,29.5,0,NOMINAL
VEH_4873,26,2026-08-30T07:47:01.606177,67.37,41.83,46.66,2.381,15.44,13.11,2.33,31.0,0,NOMINAL
VEH_4873,27,2026-08-30T07:48:06.606177,69.07,42.28,47.7,2.424,16.85,13.89,2.96,28.0,0,NOMINAL
VEH_4873,28,2026-08-30T07:49:11.606177,74.16,,47.72,2.449,9.82,7.04,2.78,29.5,0,NOMINAL
VEH_4873,29,2026-08-30T07:50:16.606177,72.89,,48.86,2.699,10.43,7.81,2.62,31.0,0,NOMINAL
VEH_4873,30,2026-08-30T07:51:21.606177,60.14,,49.93,2.427,11.34,8.2,3.14,28.0,0,NOMINAL
VEH_4874,1,2026-08-30T07:21:11.606177,67.58,39.18,39.08,1.843,17.61,17.21,0.4,34.3,0,NOMINAL
VEH_4874,2,2026-08-30T07:22:16.606177,70.22,38.54,38.13,1.692,18.23,18.09,0.14,34.6,0,NOMINAL
VEH_4874,3,2026-08-30T07:23:21.606177,71.94,,38.34,1.615,12.23,11.74,0.49,34.9,0,NOMINAL
VEH_4874,4,2026-08-30T07:24:26.606177,74.56,,38.24,1.711,13.05,12.61,0.44,35.2,0,NOMINAL
VEH_4874,5,2026-08-30T07:25:31.606177,65.39,,38.91,1.677,13.63,13.1,0.53,35.5,0,NOMINAL
VEH_4874,6,2026-08-30T07:26:36.606177,66.03,,38.85,1.695,11.99,11.58,0.41,35.8,0,NOMINAL
VEH_4874,7,2026-08-30T07:27:41.606177,70.54,39.72,38.55,1.811,17.41,17.29,0.12,36.1,0,NOMINAL
VEH_4874,8,2026-08-30T07:28:46.606177,74.07,36.84,38.62,1.706,18.17,18.17,0.0,36.4,0,NOMINAL
VEH_4874,9,2026-08-30T07:29:51.606177,72.97,,40.02,1.73,12.25,11.81,0.44,36.7,0,NOMINAL
VEH_4874,10,2026-08-30T07:30:56.606177,65.52,,41.43,1.884,12.98,12.3,0.68,37.0,0,NOMINAL
VEH_4874,11,2026-08-30T07:32:01.606177,68.08,,41.39,2.064,13.79,12.78,1.01,48.0,0,NOMINAL
VEH_4874,12,2026-08-30T07:33:06.606177,70.63,,39.82,1.716,11.4,10.16,1.24,48.0,0,NOMINAL
VEH_4874,13,2026-08-30T07:34:11.606177,73.68,,42.24,1.61,11.81,11.14,0.67,38.0,0,NOMINAL
VEH_4874,14,2026-08-30T07:35:16.606177,74.51,39.06,43.84,2.165,18.74,18.24,0.5,38.2,0,NOMINAL
VEH_4874,15,2026-08-30T07:36:21.606177,66.17,,42.86,1.928,13.47,12.7,0.77,38.0,0,NOMINAL
VEH_4874,16,2026-08-30T07:37:26.606177,67.31,,42.16,1.752,10.7,10.08,0.62,38.0,0,NOMINAL
VEH_4874,17,2026-08-30T07:38:31.606177,70.24,,43.02,1.954,13.61,11.06,2.55,60.0,0,NOMINAL
VEH_4874,18,2026-08-30T07:39:36.606177,72.24,,44.81,2.0,13.05,12.04,1.01,38.0,0,NOMINAL
VEH_4874,19,2026-08-30T07:40:41.606177,74.79,,44.49,1.995,11.45,9.21,2.24,29.5,0,NOMINAL
VEH_4874,20,2026-08-30T07:41:46.606177,65.28,,44.25,2.175,8.8,6.8,2.0,31.0,0,NOMINAL
VEH_4874,21,2026-08-30T07:42:51.606177,67.43,,45.35,2.172,10.18,7.58,2.6,28.0,0,NOMINAL
VEH_4874,22,2026-08-30T07:43:56.606177,70.56,,45.78,2.222,10.82,8.36,2.46,29.5,0,NOMINAL
VEH_4874,23,2026-08-30T07:45:01.606177,71.19,,44.87,2.098,11.18,9.14,2.04,31.0,0,NOMINAL
VEH_4874,24,2026-08-30T07:46:06.606177,75.18,,48.6,2.475,10.21,7.11,3.1,28.0,0,NOMINAL
VEH_4874,25,2026-08-30T07:47:11.606177,66.01,,45.92,2.27,10.0,7.5,2.5,29.5,0,NOMINAL
VEH_4874,26,2026-08-30T07:48:16.606177,66.16,39.76,47.73,2.193,15.32,13.11,2.21,31.0,0,NOMINAL
VEH_4874,27,2026-08-30T07:49:21.606177,69.43,36.59,47.14,2.231,16.12,13.89,2.23,28.0,0,NOMINAL
VEH_4874,28,2026-08-30T07:50:26.606177,72.39,,48.51,2.262,9.88,7.04,2.84,29.5,0,NOMINAL
VEH_4874,29,2026-08-30T07:51:31.606177,74.91,,48.97,2.392,10.51,7.81,2.7,31.0,0,NOMINAL
VEH_4874,30,2026-08-30T07:52:36.606177,66.71,,50.12,2.326,11.57,8.2,3.37,28.0,0,NOMINAL
VEH_4875,1,2026-08-30T07:22:26.606177,67.66,43.43,36.53,1.68,17.72,17.21,0.51,34.3,0,NOMINAL
VEH_4875,2,2026-08-30T07:23:31.606177,70.27,43.83,39.25,1.633,19.0,18.09,0.91,34.6,0,NOMINAL
VEH_4875,3,2026-08-30T07:24:36.606177,72.88,,39.3,1.796,12.41,11.74,0.67,34.9,0,NOMINAL
VEH_4875,4,2026-08-30T07:25:41.606177,74.68,,38.66,1.573,13.12,12.61,0.51,35.2,0,NOMINAL
VEH_4875,5,2026-08-30T07:26:46.606177,64.35,,38.31,1.829,13.51,13.1,0.41,35.5,0,NOMINAL
VEH_4875,6,2026-08-30T07:27:51.606177,68.49,,40.33,1.81,12.29,11.58,0.71,35.8,0,NOMINAL
VEH_4875,7,2026-08-30T07:28:56.606177,68.25,41.71,40.38,1.956,17.84,17.29,0.55,36.1,0,NOMINAL
VEH_4875,8,2026-08-30T07:30:01.606177,75.13,41.99,40.2,1.831,18.81,18.17,0.64,36.4,0,NOMINAL
VEH_4875,9,2026-08-30T07:31:06.606177,73.84,,40.5,2.057,12.35,11.81,0.54,36.7,0,NOMINAL
VEH_4875,10,2026-08-30T07:32:11.606177,65.6,,40.16,2.118,12.8,12.3,0.5,37.0,0,NOMINAL
VEH_4875,11,2026-08-30T07:33:16.606177,66.53,,42.43,2.077,13.59,12.78,0.81,48.0,0,NOMINAL
VEH_4875,12,2026-08-30T07:34:21.606177,71.41,,41.15,1.912,11.23,10.16,1.07,48.0,0,NOMINAL
VEH_4875,13,2026-08-30T07:35:26.606177,72.68,,42.89,2.14,11.87,11.14,0.73,38.0,0,NOMINAL
VEH_4875,14,2026-08-30T07:36:31.606177,74.62,42.24,42.85,2.024,18.96,18.24,0.72,38.2,0,NOMINAL
VEH_4875,15,2026-08-30T07:37:36.606177,65.71,,42.31,2.192,13.37,12.7,0.67,38.0,0,NOMINAL
VEH_4875,16,2026-08-30T07:38:41.606177,68.34,,44.17,2.245,11.03,10.08,0.95,38.0,0,NOMINAL
VEH_4875,17,2026-08-30T07:39:46.606177,70.28,,43.14,1.933,13.6,11.06,2.54,60.0,0,NOMINAL
VEH_4875,18,2026-08-30T07:40:51.606177,70.47,,45.38,2.063,13.08,12.04,1.04,38.0,0,NOMINAL
VEH_4875,19,2026-08-30T07:41:56.606177,74.78,,44.84,2.324,11.51,9.21,2.3,29.5,0,NOMINAL
VEH_4875,20,2026-08-30T07:43:01.606177,65.05,,44.55,2.498,8.84,6.8,2.04,31.0,0,NOMINAL
VEH_4875,21,2026-08-30T07:44:06.606177,66.7,,46.11,2.527,10.27,7.58,2.69,28.0,0,NOMINAL
VEH_4875,22,2026-08-30T07:45:11.606177,70.51,,47.82,2.277,11.12,8.36,2.76,29.5,0,NOMINAL
VEH_4875,23,2026-08-30T07:46:16.606177,74.1,,46.54,2.549,11.52,9.14,2.38,31.0,0,NOMINAL
VEH_4875,24,2026-08-30T07:47:21.606177,76.27,,45.52,2.07,9.78,7.11,2.67,28.0,0,NOMINAL
VEH_4875,25,2026-08-30T07:48:26.606177,64.18,,46.62,2.519,10.05,7.5,2.55,29.5,0,NOMINAL
VEH_4875,26,2026-08-30T07:49:31.606177,66.67,43.06,46.51,2.476,15.53,13.11,2.42,31.0,0,NOMINAL
VEH_4875,27,2026-08-30T07:50:36.606177,70.67,42.33,46.29,2.666,16.69,13.89,2.8,28.0,0,NOMINAL
VEH_4875,28,2026-08-30T07:51:41.606177,72.39,,47.85,2.281,9.78,7.04,2.74,29.5,0,NOMINAL
VEH_4875,29,2026-08-30T07:52:46.606177,76.55,,48.57,2.702,10.5,7.81,2.69,31.0,0,NOMINAL
VEH_4875,30,2026-08-30T07:53:51.606177,66.51,,48.73,2.473,11.36,8.2,3.16,28.0,0,NOMINAL
VEH_4876,1,2026-08-30T07:23:41.606177,68.4,40.8,37.53,1.69,17.59,17.21,0.38,34.3,0,NOMINAL
VEH_4876,2,2026-08-30T07:24:46.606177,71.08,41.46,36.44,1.699,18.34,18.09,0.25,34.6,0,NOMINAL
VEH_4876,3,2026-08-30T07:25:51.606177,73.85,,37.88,1.935,12.22,11.74,0.48,34.9,0,NOMINAL
VEH_4876,4,2026-08-30T07:26:56.606177,75.34,,39.26,1.924,13.23,12.61,0.62,35.2,0,NOMINAL
VEH_4876,5,2026-08-30T07:28:01.606177,65.15,,38.27,1.962,13.53,13.1,0.43,35.5,0,NOMINAL
VEH_4876,6,2026-08-30T07:29:06.606177,67.62,,40.59,1.868,12.3,11.58,0.72,35.8,0,NOMINAL
VEH_4876,7,2026-08-30T07:30:11.606177,70.4,41.44,38.78,1.641,17.64,17.29,0.35,36.1,0,NOMINAL
VEH_4876,8,2026-08-30T07:31:16.606177,71.5,41.01,39.37,1.749,18.47,18.17,0.3,36.4,0,NOMINAL
VEH_4876,9,2026-08-30T07:32:21.606177,73.94,,39.99,1.945,12.27,11.81,0.46,36.7,0,NOMINAL
VEH_4876,10,2026-08-30T07:33:26.606177,63.87,,41.9,1.889,13.0,12.3,0.7,37.0,0,NOMINAL
VEH_4876,11,2026-08-30T07:34:31.606177,66.24,,41.6,2.145,13.7,12.78,0.92,48.0,0,NOMINAL
VEH_4876,12,2026-08-30T07:35:36.606177,68.81,,43.37,2.051,10.82,10.16,0.66,48.0,0,NOMINAL
VEH_4876,13,2026-08-30T07:36:41.606177,71.15,,43.1,1.951,11.86,11.14,0.72,38.0,0,NOMINAL
VEH_4876,14,2026-08-30T07:37:46.606177,74.55,41.15,42.58,2.172,18.79,18.24,0.55,38.2,0,NOMINAL
VEH_4876,15,2026-08-30T07:38:51.606177,62.71,,43.95,2.071,13.53,12.7,0.83,38.0,0,NOMINAL
VEH_4876,16,2026-08-30T07:39:56.606177,67.42,,43.12,2.062,10.85,10.08,0.77,38.0,0,NOMINAL
VEH_4876,17,2026-08-30T07:41:01.606177,71.08,,44.19,2.001,13.46,11.06,2.4,60.0,0,NOMINAL
VEH_4876,18,2026-08-30T07:42:06.606177,74.44,,43.71,2.18,12.95,12.04,0.91,38.0,0,NOMINAL
VEH_4876,19,2026-08-30T07:43:11.606177,75.38,,44.94,2.045,11.54,9.21,2.33,29.5,0,NOMINAL
VEH_4876,20,2026-08-30T07:44:16.606177,65.28,,46.06,2.185,9.07,6.8,2.27,31.0,0,NOMINAL
VEH_4876,21,2026-08-30T07:45:21.606177,68.02,,45.16,2.11,10.17,7.58,2.59,28.0,0,NOMINAL
VEH_4876,22,2026-08-30T07:46:26.606177,69.2,,46.74,2.099,10.92,8.36,2.56,29.5,0,NOMINAL
VEH_4876,23,2026-08-30T07:47:31.606177,71.76,,46.92,2.578,11.5,9.14,2.36,31.0,0,NOMINAL
VEH_4876,24,2026-08-30T07:48:36.606177,75.15,,47.9,2.205,10.1,7.11,2.99,28.0,0,NOMINAL
VEH_4876,25,2026-08-30T07:49:41.606177,64.92,,46.84,2.429,10.1,7.5,2.6,29.5,0,NOMINAL
VEH_4876,26,2026-08-30T07:50:46.606177,68.44,42.03,47.77,2.187,15.66,13.11,2.55,31.0,0,NOMINAL
VEH_4876,27,2026-08-30T07:51:51.606177,69.75,40.11,48.82,2.457,16.79,13.89,2.9,28.0,0,NOMINAL
VEH_4876,28,2026-08-30T07:52:56.606177,72.19,,48.81,2.396,9.92,7.04,2.88,29.5,0,NOMINAL
VEH_4876,29,2026-08-30T07:54:01.606177,71.94,,48.59,2.197,10.36,7.81,2.55,31.0,0,NOMINAL
VEH_4876,30,2026-08-30T07:55:06.606177,64.42,,47.78,2.51,11.15,8.2,2.95,28.0,0,NOMINAL
VEH_4877,1,2026-08-30T07:24:56.606177,67.16,43.57,36.43,1.864,17.7,17.21,0.49,34.3,0,NOMINAL
VEH_4877,2,2026-08-30T07:26:01.606177,71.08,41.23,37.61,1.579,18.48,18.09,0.39,34.6,0,NOMINAL
VEH_4877,3,2026-08-30T07:27:06.606177,70.54,,38.91,1.918,12.28,11.74,0.54,34.9,0,NOMINAL
VEH_4877,4,2026-08-30T07:28:11.606177,74.86,,38.44,1.911,13.09,12.61,0.48,35.2,0,NOMINAL
VEH_4877,5,2026-08-30T07:29:16.606177,67.57,,39.21,1.648,13.74,13.1,0.64,35.5,0,NOMINAL
VEH_4877,6,2026-08-30T07:30:21.606177,67.38,,38.75,1.935,12.02,11.58,0.44,35.8,0,NOMINAL
VEH_4877,7,2026-08-30T07:31:26.606177,68.98,42.07,38.9,1.929,17.68,17.29,0.39,36.1,0,NOMINAL
VEH_4877,8,2026-08-30T07:32:31.606177,73.0,41.24,40.62,1.8,18.73,18.17,0.56,36.4,0,NOMINAL
VEH_4877,9,2026-08-30T07:33:36.606177,74.48,,41.8,1.75,12.56,11.81,0.75,36.7,0,NOMINAL
VEH_4877,10,2026-08-30T07:34:41.606177,64.75,,41.72,1.977,13.0,12.3,0.7,37.0,0,NOMINAL
VEH_4877,11,2026-08-30T07:35:46.606177,67.87,,42.4,1.865,13.63,12.78,0.85,48.0,0,NOMINAL
VEH_4877,12,2026-08-30T07:36:51.606177,71.07,,41.26,1.909,11.2,10.16,1.04,48.0,0,NOMINAL
VEH_4877,13,2026-08-30T07:37:56.606177,71.39,,42.6,1.835,11.79,11.14,0.65,38.0,0,NOMINAL
VEH_4877,14,2026-08-30T07:39:01.606177,75.73,42.53,42.17,1.861,18.92,18.24,0.68,38.2,0,NOMINAL
VEH_4877,15,2026-08-30T07:40:06.606177,65.56,,43.8,2.072,13.59,12.7,0.89,38.0,0,NOMINAL
VEH_4877,16,2026-08-30T07:41:11.606177,66.45,,42.82,2.207,10.77,10.08,0.69,38.0,0,NOMINAL
VEH_4877,17,2026-08-30T07:42:16.606177,70.87,,44.48,2.045,13.41,11.06,2.35,60.0,0,NOMINAL
VEH_4877,18,2026-08-30T07:43:21.606177,74.6,,43.81,2.058,12.97,12.04,0.93,38.0,0,NOMINAL
VEH_4877,19,2026-08-30T07:44:26.606177,75.65,,44.76,1.892,11.52,9.21,2.31,29.5,0,NOMINAL
VEH_4877,20,2026-08-30T07:45:31.606177,66.83,,45.52,2.126,9.04,6.8,2.24,31.0,0,NOMINAL
VEH_4877,21,2026-08-30T07:46:36.606177,65.44,,45.1,2.45,10.08,7.58,2.5,28.0,0,NOMINAL
VEH_4877,22,2026-08-30T07:47:41.606177,68.12,,45.55,2.106,10.71,8.36,2.35,29.5,0,NOMINAL
VEH_4877,23,2026-08-30T07:48:46.606177,74.16,,46.23,2.496,11.47,9.14,2.33,31.0,0,NOMINAL
VEH_4877,24,2026-08-30T07:49:51.606177,75.22,,45.73,2.689,9.78,7.11,2.67,28.0,0,NOMINAL
VEH_4877,25,2026-08-30T07:50:56.606177,65.25,,47.49,2.5,10.21,7.5,2.71,29.5,0,NOMINAL
VEH_4877,26,2026-08-30T07:52:01.606177,67.45,42.19,46.33,2.411,15.43,13.11,2.32,31.0,0,NOMINAL
VEH_4877,27,2026-08-30T07:53:06.606177,71.12,41.37,47.97,2.747,16.85,13.89,2.96,28.0,0,NOMINAL
VEH_4877,28,2026-08-30T07:54:11.606177,73.86,,46.49,2.522,9.63,7.04,2.59,29.5,0,NOMINAL
VEH_4877,29,2026-08-30T07:55:16.606177,73.88,,48.32,2.281,10.38,7.81,2.57,31.0,0,NOMINAL
VEH_4877,30,2026-08-30T07:56:21.606177,63.17,,47.57,2.474,11.08,8.2,2.88,28.0,0,NOMINAL
VEH_4878,1,2026-08-30T07:26:11.606177,68.67,41.42,36.8,1.587,17.56,17.21,0.35,34.3,0,NOMINAL
VEH_4878,2,2026-08-30T07:27:16.606177,69.51,41.63,39.0,1.71,18.69,18.09,0.6,34.6,0,NOMINAL
VEH_4878,3,2026-08-30T07:28:21.606177,71.72,,38.22,1.886,12.21,11.74,0.47,34.9,0,NOMINAL
VEH_4878,4,2026-08-30T07:29:26.606177,75.78,,39.37,1.631,13.26,12.61,0.65,35.2,0,NOMINAL
VEH_4878,5,2026-08-30T07:30:31.606177,63.5,,37.89,1.901,13.42,13.1,0.32,35.5,0,NOMINAL
VEH_4878,6,2026-08-30T07:31:36.606177,67.45,,39.43,1.754,12.12,11.58,0.54,35.8,0,NOMINAL
VEH_4878,7,2026-08-30T07:32:41.606177,68.15,41.83,38.89,1.753,17.63,17.29,0.34,36.1,0,NOMINAL
VEH_4878,8,2026-08-30T07:33:46.606177,71.86,41.42,39.09,1.881,18.48,18.17,0.31,36.4,0,NOMINAL
VEH_4878,9,2026-08-30T07:34:51.606177,75.13,,40.5,1.92,12.39,11.81,0.58,36.7,0,NOMINAL
VEH_4878,10,2026-08-30T07:35:56.606177,66.01,,41.86,2.088,13.06,12.3,0.76,37.0,0,NOMINAL
VEH_4878,11,2026-08-30T07:37:01.606177,68.07,,42.12,1.935,13.68,12.78,0.9,48.0,0,NOMINAL
VEH_4878,12,2026-08-30T07:38:06.606177,71.03,,41.93,1.968,11.1,10.16,0.94,48.0,0,NOMINAL
VEH_4878,13,2026-08-30T07:39:11.606177,74.78,,41.37,1.884,11.71,11.14,0.57,38.0,0,NOMINAL
VEH_4878,14,2026-08-30T07:40:16.606177,75.34,42.12,42.65,2.025,18.93,18.24,0.69,38.2,0,NOMINAL
VEH_4878,15,2026-08-30T07:41:21.606177,65.15,,42.91,1.99,13.45,12.7,0.75,38.0,0,NOMINAL
VEH_4878,16,2026-08-30T07:42:26.606177,68.7,,43.35,2.091,10.92,10.08,0.84,38.0,0,NOMINAL
VEH_4878,17,2026-08-30T07:43:31.606177,69.83,,43.59,2.4,13.51,11.06,2.45,60.0,0,NOMINAL
VEH_4878,18,2026-08-30T07:44:36.606177,73.3,,44.79,2.079,13.08,12.04,1.04,38.0,0,NOMINAL
VEH_4878,19,2026-08-30T07:45:41.606177,77.0,,43.78,2.299,11.42,9.21,2.21,29.5,0,NOMINAL
VEH_4878,20,2026-08-30T07:46:46.606177,64.49,,44.29,2.273,8.78,6.8,1.98,31.0,0,NOMINAL
VEH_4878,21,2026-08-30T07:47:51.606177,67.33,,45.6,2.359,10.22,7.58,2.64,28.0,0,NOMINAL
VEH_4878,22,2026-08-30T07:48:56.606177,70.07,,45.49,1.932,10.76,8.36,2.4,29.5,0,NOMINAL
VEH_4878,23,2026-08-30T07:50:01.606177,74.3,,46.11,2.092,11.46,9.14,2.32,31.0,0,NOMINAL
VEH_4878,24,2026-08-30T07:51:06.606177,74.48,,46.72,2.264,9.9,7.11,2.79,28.0,0,NOMINAL
VEH_4878,25,2026-08-30T07:52:11.606177,64.61,,48.01,2.199,10.27,7.5,2.77,29.5,0,NOMINAL
VEH_4878,26,2026-08-30T07:53:16.606177,67.79,41.07,48.18,2.633,15.59,13.11,2.48,31.0,0,NOMINAL
VEH_4878,27,2026-08-30T07:54:21.606177,69.52,41.42,47.39,2.396,16.71,13.89,2.82,28.0,0,NOMINAL
VEH_4878,28,2026-08-30T07:55:26.606177,72.59,,48.51,2.443,9.89,7.04,2.85,29.5,0,NOMINAL
VEH_4878,29,2026-08-30T07:56:31.606177,74.29,,48.69,2.636,10.44,7.81,2.63,31.0,0,NOMINAL
VEH_4878,30,2026-08-30T07:57:36.606177,62.84,,50.5,2.847,11.51,8.2,3.31,28.0,0,NOMINAL
VEH_4879,1,2026-08-30T07:27:26.606177,68.68,38.88,37.44,1.377,17.36,17.21,0.15,34.3,0,NOMINAL
VEH_4879,2,2026-08-30T07:28:31.606177,70.43,38.08,36.41,1.692,18.09,18.09,0.0,34.6,0,NOMINAL
VEH_4879,3,2026-08-30T07:29:36.606177,70.54,,38.99,1.83,12.29,11.74,0.55,34.9,0,NOMINAL
VEH_4879,4,2026-08-30T07:30:41.606177,75.44,,38.55,1.481,13.13,12.61,0.52,35.2,0,NOMINAL
VEH_4879,5,2026-08-30T07:31:46.606177,66.03,,40.28,1.394,13.85,13.1,0.75,35.5,0,NOMINAL
VEH_4879,6,2026-08-30T07:32:51.606177,67.97,,40.1,1.71,12.24,11.58,0.66,35.8,0,NOMINAL
VEH_4879,7,2026-08-30T07:33:56.606177,69.95,39.01,38.38,1.496,17.29,17.29,0.0,36.1,0,NOMINAL
VEH_4879,8,2026-08-30T07:35:01.606177,72.04,39.91,40.35,1.629,18.5,18.17,0.33,36.4,0,NOMINAL
VEH_4879,9,2026-08-30T07:36:06.606177,73.62,,40.32,1.711,12.31,11.81,0.5,36.7,0,NOMINAL
VEH_4879,10,2026-08-30T07:37:11.606177,64.81,,41.97,2.018,13.04,12.3,0.74,37.0,0,NOMINAL
VEH_4879,11,2026-08-30T07:38:16.606177,67.89,,40.88,1.875,13.86,12.78,1.08,48.0,0,NOMINAL
VEH_4879,12,2026-08-30T07:39:21.606177,71.45,,42.22,2.185,11.07,10.16,0.91,48.0,0,NOMINAL
VEH_4879,13,2026-08-30T07:40:26.606177,70.81,,43.19,1.867,11.86,11.14,0.72,38.0,0,NOMINAL
VEH_4879,14,2026-08-30T07:41:31.606177,74.25,40.52,42.19,2.061,18.65,18.24,0.41,38.2,0,NOMINAL
VEH_4879,15,2026-08-30T07:42:36.606177,63.36,,41.28,1.96,13.15,12.7,0.45,38.0,0,NOMINAL
VEH_4879,16,2026-08-30T07:43:41.606177,66.68,,42.17,1.831,10.68,10.08,0.6,38.0,0,NOMINAL
VEH_4879,17,2026-08-30T07:44:46.606177,69.48,,43.78,2.109,13.48,11.06,2.42,60.0,0,NOMINAL
VEH_4879,18,2026-08-30T07:45:51.606177,75.84,,42.97,2.261,12.88,12.04,0.84,38.0,0,NOMINAL
VEH_4879,19,2026-08-30T07:46:56.606177,74.32,,44.64,2.181,11.46,9.21,2.25,29.5,0,NOMINAL
VEH_4879,20,2026-08-30T07:48:01.606177,65.25,,45.87,2.208,9.04,6.8,2.24,31.0,0,NOMINAL
VEH_4879,21,2026-08-30T07:49:06.606177,66.33,,46.33,2.344,10.3,7.58,2.72,28.0,0,NOMINAL
VEH_4879,22,2026-08-30T07:50:11.606177,68.52,,44.5,2.185,10.56,8.36,2.2,29.5,0,NOMINAL
VEH_4879,23,2026-08-30T07:51:16.606177,70.46,,45.16,2.109,11.2,9.14,2.06,31.0,0,NOMINAL
VEH_4879,24,2026-08-30T07:52:21.606177,73.74,,47.39,2.341,9.98,7.11,2.87,28.0,0,NOMINAL
VEH_4879,25,2026-08-30T07:53:26.606177,66.14,,46.92,2.35,10.15,7.5,2.65,29.5,0,NOMINAL
VEH_4879,26,2026-08-30T07:54:31.606177,67.23,39.51,46.84,2.17,15.19,13.11,2.08,31.0,0,NOMINAL
VEH_4879,27,2026-08-30T07:55:36.606177,70.4,39.81,46.34,2.099,16.4,13.89,2.51,28.0,0,NOMINAL
VEH_4879,28,2026-08-30T07:56:41.606177,70.85,,48.97,2.572,9.9,7.04,2.86,29.5,0,NOMINAL
VEH_4879,29,2026-08-30T07:57:46.606177,74.17,,47.06,2.266,10.2,7.81,2.39,31.0,0,NOMINAL
VEH_4879,30,2026-08-30T07:58:51.606177,66.17,,49.55,2.059,11.47,8.2,3.27,28.0,0,NOMINAL
VEH_4880,1,2026-08-30T07:28:41.606177,65.8,42.1,38.01,1.573,17.73,17.21,0.52,34.3,0,NOMINAL
VEH_4880,2,2026-08-30T07:29:46.606177,67.88,43.29,38.27,1.941,18.72,18.09,0.63,34.6,0,NOMINAL
VEH_4880,3,2026-08-30T07:30:51.606177,73.16,,38.52,1.687,12.3,11.74,0.56,34.9,0,NOMINAL
VEH_4880,4,2026-08-30T07:31:56.606177,72.63,,38.38,1.605,13.02,12.61,0.41,35.2,0,NOMINAL
VEH_4880,5,2026-08-30T07:33:01.606177,65.02,,38.9,1.677,13.61,13.1,0.51,35.5,0,NOMINAL
VEH_4880,6,2026-08-30T07:34:06.606177,68.79,,39.07,2.122,12.11,11.58,0.53,35.8,0,NOMINAL
VEH_4880,7,2026-08-30T07:35:11.606177,71.25,40.82,38.57,1.971,17.56,17.29,0.27,36.1,0,NOMINAL
VEH_4880,8,2026-08-30T07:36:16.606177,72.22,43.39,40.0,2.302,18.86,18.17,0.69,36.4,0,NOMINAL
VEH_4880,9,2026-08-30T07:37:21.606177,72.88,,40.85,2.126,12.37,11.81,0.56,36.7,0,NOMINAL
VEH_4880,10,2026-08-30T07:38:26.606177,62.72,,41.82,1.939,12.96,12.3,0.66,37.0,0,NOMINAL
VEH_4880,11,2026-08-30T07:39:31.606177,66.36,,41.96,2.098,13.65,12.78,0.87,48.0,0,NOMINAL
VEH_4880,12,2026-08-30T07:40:36.606177,69.64,,41.49,2.122,11.12,10.16,0.96,48.0,0,NOMINAL
VEH_4880,13,2026-08-30T07:41:41.606177,71.95,,42.3,2.201,11.76,11.14,0.62,38.0,0,NOMINAL
VEH_4880,14,2026-08-30T07:42:46.606177,76.22,45.17,42.85,2.316,19.34,18.24,1.1,38.2,0,NOMINAL
VEH_4880,15,2026-08-30T07:43:51.606177,64.3,,44.15,2.533,13.61,12.7,0.91,38.0,0,NOMINAL
VEH_4880,16,2026-08-30T07:44:56.606177,66.87,,42.61,2.035,10.75,10.08,0.67,38.0,0,NOMINAL
VEH_4880,17,2026-08-30T07:46:01.606177,69.4,,43.6,2.199,13.5,11.06,2.44,60.0,0,NOMINAL
VEH_4880,18,2026-08-30T07:47:06.606177,72.05,,45.2,2.18,13.1,12.04,1.06,38.0,0,NOMINAL
VEH_4880,19,2026-08-30T07:48:11.606177,75.94,,43.55,2.242,11.35,9.21,2.14,29.5,0,NOMINAL
VEH_4880,20,2026-08-30T07:49:16.606177,64.67,,44.42,2.362,8.81,6.8,2.01,31.0,0,NOMINAL
VEH_4880,21,2026-08-30T07:50:21.606177,67.72,,45.59,2.387,10.23,7.58,2.65,28.0,0,NOMINAL
VEH_4880,22,2026-08-30T07:51:26.606177,70.97,,47.07,2.301,11.02,8.36,2.66,29.5,0,NOMINAL
VEH_4880,23,2026-08-30T07:52:31.606177,74.09,,44.29,2.43,11.18,9.14,2.04,31.0,0,NOMINAL
VEH_4880,24,2026-08-30T07:53:36.606177,75.13,,47.13,2.295,9.99,7.11,2.88,28.0,0,NOMINAL
VEH_4880,25,2026-08-30T07:54:41.606177,66.18,,46.74,2.696,10.13,7.5,2.63,29.5,0,NOMINAL
VEH_4880,26,2026-08-30T07:55:46.606177,68.59,44.74,47.08,2.489,15.87,13.11,2.76,31.0,0,NOMINAL
VEH_4880,27,2026-08-30T07:56:51.606177,69.82,45.21,48.49,2.467,17.33,13.89,3.44,28.0,0,NOMINAL
VEH_4880,28,2026-08-30T07:57:56.606177,73.28,,47.34,2.682,9.74,7.04,2.7,29.5,0,NOMINAL
VEH_4880,29,2026-08-30T07:59:01.606177,77.17,,48.89,2.533,10.56,7.81,2.75,31.0,0,NOMINAL
VEH_4880,30,2026-08-30T08:00:06.606177,64.39,,47.71,2.517,11.14,8.2,2.94,28.0,0,NOMINAL
VEH_4881,1,2026-08-30T07:29:56.606177,67.88,40.94,37.68,1.525,17.61,17.21,0.4,34.3,0,NOMINAL
VEH_4881,2,2026-08-30T07:31:01.606177,72.02,42.27,36.59,1.931,18.48,18.09,0.39,34.6,0,NOMINAL
VEH_4881,3,2026-08-30T07:32:06.606177,70.83,,37.55,1.741,12.08,11.74,0.34,34.9,0,NOMINAL
VEH_4881,4,2026-08-30T07:33:11.606177,73.63,,38.77,1.97,13.11,12.61,0.5,35.2,0,NOMINAL
VEH_4881,5,2026-08-30T07:34:16.606177,65.07,,38.23,1.561,13.52,13.1,0.42,35.5,0,NOMINAL
VEH_4881,6,2026-08-30T07:35:21.606177,68.86,,37.71,1.816,11.91,11.58,0.33,35.8,0,NOMINAL
VEH_4881,7,2026-08-30T07:36:26.606177,70.03,42.76,40.83,1.842,18.09,17.29,0.8,36.1,0,NOMINAL
VEH_4881,8,2026-08-30T07:37:31.606177,72.94,40.81,40.91,2.262,18.72,18.17,0.55,36.4,0,NOMINAL
VEH_4881,9,2026-08-30T07:38:36.606177,74.23,,40.46,1.839,12.35,11.81,0.54,36.7,0,NOMINAL
VEH_4881,10,2026-08-30T07:39:41.606177,65.76,,41.52,1.98,13.01,12.3,0.71,37.0,0,NOMINAL
VEH_4881,11,2026-08-30T07:40:46.606177,68.79,,41.59,2.28,13.78,12.78,1.0,48.0,0,NOMINAL
VEH_4881,12,2026-08-30T07:41:51.606177,68.89,,42.59,1.64,10.94,10.16,0.78,48.0,0,NOMINAL
VEH_4881,13,2026-08-30T07:42:56.606177,74.26,,41.59,1.972,11.73,11.14,0.59,38.0,0,NOMINAL
VEH_4881,14,2026-08-30T07:44:01.606177,77.14,42.24,43.8,2.002,19.18,18.24,0.94,38.2,0,NOMINAL
VEH_4881,15,2026-08-30T07:45:06.606177,65.76,,42.19,1.853,13.36,12.7,0.66,38.0,0,NOMINAL
VEH_4881,16,2026-08-30T07:46:11.606177,68.09,,43.64,1.975,10.95,10.08,0.87,38.0,0,NOMINAL
VEH_4881,17,2026-08-30T07:47:16.606177,69.94,,43.65,2.304,13.51,11.06,2.45,60.0,0,NOMINAL
VEH_4881,18,2026-08-30T07:48:21.606177,73.81,,44.58,2.506,13.06,12.04,1.02,38.0,0,NOMINAL
VEH_4881,19,2026-08-30T07:49:26.606177,75.41,,43.57,1.957,11.34,9.21,2.13,29.5,0,NOMINAL
VEH_4881,20,2026-08-30T07:50:31.606177,64.95,,44.39,2.012,8.81,6.8,2.01,31.0,0,NOMINAL
VEH_4881,21,2026-08-30T07:51:36.606177,67.0,,44.21,2.512,10.0,7.58,2.42,28.0,0,NOMINAL
VEH_4881,22,2026-08-30T07:52:41.606177,69.78,,46.08,2.126,10.84,8.36,2.48,29.5,0,NOMINAL
VEH_4881,23,2026-08-30T07:53:46.606177,72.42,,45.47,2.42,11.3,9.14,2.16,31.0,0,NOMINAL
VEH_4881,24,2026-08-30T07:54:51.606177,76.7,,46.88,2.011,10.0,7.11,2.89,28.0,0,NOMINAL
VEH_4881,25,2026-08-30T07:55:56.606177,63.54,,46.66,2.651,10.03,7.5,2.53,29.5,0,NOMINAL
VEH_4881,26,2026-08-30T07:57:01.606177,65.88,41.53,48.05,2.345,15.56,13.11,2.45,31.0,0,NOMINAL
VEH_4881,27,2026-08-30T07:58:06.606177,69.45,42.78,47.84,2.296,16.94,13.89,3.05,28.0,0,NOMINAL
VEH_4881,28,2026-08-30T07:59:11.606177,70.02,,48.22,2.442,9.77,7.04,2.73,29.5,0,NOMINAL
VEH_4881,29,2026-08-30T08:00:16.606177,73.07,,48.57,2.483,10.39,7.81,2.58,31.0,0,NOMINAL
VEH_4881,30,2026-08-30T08:01:21.606177,66.75,,48.91,2.332,11.39,8.2,3.19,28.0,0,NOMINAL
VEH_4882,1,2026-08-30T07:31:11.606177,71.26,41.7,36.94,1.485,17.69,17.21,0.48,34.3,0,NOMINAL
VEH_4882,2,2026-08-30T07:32:16.606177,67.72,42.5,38.01,1.554,18.59,18.09,0.5,34.6,0,NOMINAL
VEH_4882,3,2026-08-30T07:33:21.606177,71.7,,38.02,1.906,12.18,11.74,0.44,34.9,0,NOMINAL
VEH_4882,4,2026-08-30T07:34:26.606177,73.5,,38.62,1.71,13.08,12.61,0.47,35.2,0,NOMINAL
VEH_4882,5,2026-08-30T07:35:31.606177,65.63,,38.97,1.829,13.64,13.1,0.54,35.5,0,NOMINAL
VEH_4882,6,2026-08-30T07:36:36.606177,67.52,,37.86,1.843,11.89,11.58,0.31,35.8,0,NOMINAL
VEH_4882,7,2026-08-30T07:37:41.606177,70.46,41.03,39.45,1.73,17.69,17.29,0.4,36.1,0,NOMINAL
VEH_4882,8,2026-08-30T07:38:46.606177,72.19,42.6,40.19,1.697,18.79,18.17,0.62,36.4,0,NOMINAL
VEH_4882,9,2026-08-30T07:39:51.606177,74.2,,39.01,1.585,12.13,11.81,0.32,36.7,0,NOMINAL
VEH_4882,10,2026-08-30T07:40:56.606177,63.04,,40.04,1.727,12.7,12.3,0.4,37.0,0,NOMINAL
VEH_4882,11,2026-08-30T07:42:01.606177,66.81,,41.91,1.928,13.67,12.78,0.89,48.0,0,NOMINAL
VEH_4882,12,2026-08-30T07:43:06.606177,72.14,,42.45,2.083,11.06,10.16,0.9,48.0,0,NOMINAL
VEH_4882,13,2026-08-30T07:44:11.606177,70.32,,43.43,1.958,11.88,11.14,0.74,38.0,0,NOMINAL
VEH_4882,14,2026-08-30T07:45:16.606177,74.53,40.92,43.57,2.169,18.91,18.24,0.67,38.2,0,NOMINAL
VEH_4882,15,2026-08-30T07:46:21.606177,66.61,,43.61,2.008,13.59,12.7,0.89,38.0,0,NOMINAL
VEH_4882,16,2026-08-30T07:47:26.606177,67.82,,43.31,2.095,10.89,10.08,0.81,38.0,0,NOMINAL
VEH_4882,17,2026-08-30T07:48:31.606177,70.83,,42.33,2.166,13.73,11.06,2.67,60.0,0,NOMINAL
VEH_4882,18,2026-08-30T07:49:36.606177,72.89,,44.26,2.155,12.99,12.04,0.95,38.0,0,NOMINAL
VEH_4882,19,2026-08-30T07:50:41.606177,74.26,,44.62,2.288,11.46,9.21,2.25,29.5,0,NOMINAL
VEH_4882,20,2026-08-30T07:51:46.606177,65.08,,45.52,2.368,8.98,6.8,2.18,31.0,0,NOMINAL
VEH_4882,21,2026-08-30T07:52:51.606177,68.3,,46.84,2.314,10.43,7.58,2.85,28.0,0,NOMINAL
VEH_4882,22,2026-08-30T07:53:56.606177,68.52,,45.55,2.175,10.72,8.36,2.36,29.5,0,NOMINAL
VEH_4882,23,2026-08-30T07:55:01.606177,73.11,,47.59,1.968,11.64,9.14,2.5,31.0,0,NOMINAL
VEH_4882,24,2026-08-30T07:56:06.606177,77.04,,46.05,2.432,9.88,7.11,2.77,28.0,0,NOMINAL
VEH_4882,25,2026-08-30T07:57:11.606177,65.53,,47.12,2.426,10.16,7.5,2.66,29.5,0,NOMINAL
VEH_4882,26,2026-08-30T07:58:16.606177,66.4,40.76,47.78,2.249,15.45,13.11,2.34,31.0,0,NOMINAL
VEH_4882,27,2026-08-30T07:59:21.606177,69.74,40.64,48.63,2.365,16.82,13.89,2.93,28.0,0,NOMINAL
VEH_4882,28,2026-08-30T08:00:26.606177,71.74,,47.84,2.322,9.76,7.04,2.72,29.5,0,NOMINAL
VEH_4882,29,2026-08-30T08:01:31.606177,76.51,,48.61,2.834,10.5,7.81,2.69,31.0,0,NOMINAL
VEH_4882,30,2026-08-30T08:02:36.606177,64.21,,49.45,2.579,11.4,8.2,3.2,28.0,0,NOMINAL
VEH_4883,1,2026-08-30T07:32:26.606177,66.66,40.69,36.56,1.722,17.37,17.21,0.16,34.3,0,NOMINAL
VEH_4883,2,2026-08-30T07:33:31.606177,71.35,41.41,38.64,1.567,18.67,18.09,0.58,34.6,0,NOMINAL
VEH_4883,3,2026-08-30T07:34:36.606177,70.63,,38.57,1.971,12.23,11.74,0.49,34.9,0,NOMINAL
VEH_4883,4,2026-08-30T07:35:41.606177,74.52,,37.24,1.789,12.9,12.61,0.29,35.2,0,NOMINAL
VEH_4883,5,2026-08-30T07:36:46.606177,64.61,,37.87,1.847,13.45,13.1,0.35,35.5,0,NOMINAL
VEH_4883,6,2026-08-30T07:37:51.606177,66.24,,38.43,1.932,11.94,11.58,0.36,35.8,0,NOMINAL
VEH_4883,7,2026-08-30T07:38:56.606177,69.01,43.07,39.31,2.031,17.86,17.29,0.57,36.1,0,NOMINAL
VEH_4883,8,2026-08-30T07:40:01.606177,75.04,40.71,39.15,1.766,18.51,18.17,0.34,36.4,0,NOMINAL
VEH_4883,9,2026-08-30T07:41:06.606177,75.3,,38.93,1.955,12.16,11.81,0.35,36.7,0,NOMINAL
VEH_4883,10,2026-08-30T07:42:11.606177,66.73,,40.14,1.686,12.83,12.3,0.53,37.0,0,NOMINAL
VEH_4883,11,2026-08-30T07:43:16.606177,66.74,,40.54,1.936,13.88,12.78,1.1,48.0,0,NOMINAL
VEH_4883,12,2026-08-30T07:44:21.606177,70.89,,41.19,1.944,11.21,10.16,1.05,48.0,0,NOMINAL
VEH_4883,13,2026-08-30T07:45:26.606177,71.6,,42.48,1.789,11.78,11.14,0.64,38.0,0,NOMINAL
VEH_4883,14,2026-08-30T07:46:31.606177,76.1,39.6,41.86,1.969,18.55,18.24,0.31,38.2,0,NOMINAL
VEH_4883,15,2026-08-30T07:47:36.606177,66.05,,42.43,1.926,13.4,12.7,0.7,38.0,0,NOMINAL
VEH_4883,16,2026-08-30T07:48:41.606177,67.18,,42.18,2.205,10.7,10.08,0.62,38.0,0,NOMINAL
VEH_4883,17,2026-08-30T07:49:46.606177,69.67,,44.01,2.024,13.45,11.06,2.39,60.0,0,NOMINAL
VEH_4883,18,2026-08-30T07:50:51.606177,73.33,,44.34,2.163,13.01,12.04,0.97,38.0,0,NOMINAL
VEH_4883,19,2026-08-30T07:51:56.606177,75.64,,45.01,2.313,11.56,9.21,2.35,29.5,0,NOMINAL
VEH_4883,20,2026-08-30T07:53:01.606177,62.61,,44.94,2.174,8.82,6.8,2.02,31.0,0,NOMINAL
VEH_4883,21,2026-08-30T07:54:06.606177,69.61,,45.32,2.063,10.24,7.58,2.66,28.0,0,NOMINAL
VEH_4883,22,2026-08-30T07:55:11.606177,70.36,,46.21,2.318,10.88,8.36,2.52,29.5,0,NOMINAL
VEH_4883,23,2026-08-30T07:56:16.606177,73.17,,46.47,1.991,11.48,9.14,2.34,31.0,0,NOMINAL
VEH_4883,24,2026-08-30T07:57:21.606177,75.03,,46.55,2.531,9.9,7.11,2.79,28.0,0,NOMINAL
VEH_4883,25,2026-08-30T07:58:26.606177,64.56,,47.94,2.332,10.26,7.5,2.76,29.5,0,NOMINAL
VEH_4883,26,2026-08-30T07:59:31.606177,67.58,42.18,48.25,2.582,15.72,13.11,2.61,31.0,0,NOMINAL
VEH_4883,27,2026-08-30T08:00:36.606177,69.36,41.38,46.29,2.033,16.54,13.89,2.65,28.0,0,NOMINAL
VEH_4883,28,2026-08-30T08:01:41.606177,72.35,,48.8,2.885,9.93,7.04,2.89,29.5,0,NOMINAL
VEH_4883,29,2026-08-30T08:02:46.606177,76.77,,47.61,2.364,10.36,7.81,2.55,31.0,0,NOMINAL
VEH_4883,30,2026-08-30T08:03:51.606177,62.88,,48.92,2.367,11.28,8.2,3.08,28.0,0,NOMINAL
VEH_4884,1,2026-08-30T07:33:41.606177,67.76,39.35,38.08,1.448,17.48,17.21,0.27,34.3,0,NOMINAL
VEH_4884,2,2026-08-30T07:34:46.606177,68.29,39.26,38.48,1.629,18.3,18.09,0.21,34.6,0,NOMINAL
VEH_4884,3,2026-08-30T07:35:51.606177,71.74,,39.06,1.74,12.34,11.74,0.6,34.9,0,NOMINAL
VEH_4884,4,2026-08-30T07:36:56.606177,74.19,,39.22,1.868,13.19,12.61,0.58,35.2,0,NOMINAL
VEH_4884,5,2026-08-30T07:38:01.606177,63.34,,39.53,1.392,13.66,13.1,0.56,35.5,0,NOMINAL
VEH_4884,6,2026-08-30T07:39:06.606177,67.25,,39.84,1.723,12.18,11.58,0.6,35.8,0,NOMINAL
VEH_4884,7,2026-08-30T07:40:11.606177,69.16,38.12,39.55,1.745,17.33,17.29,0.04,36.1,0,NOMINAL
VEH_4884,8,2026-08-30T07:41:16.606177,70.79,40.19,40.5,1.682,18.52,18.17,0.35,36.4,0,NOMINAL
VEH_4884,9,2026-08-30T07:42:21.606177,72.81,,40.44,1.505,12.31,11.81,0.5,36.7,0,NOMINAL
VEH_4884,10,2026-08-30T07:43:26.606177,63.21,,41.05,1.916,12.86,12.3,0.56,37.0,0,NOMINAL
VEH_4884,11,2026-08-30T07:44:31.606177,67.82,,41.91,1.842,13.71,12.78,0.93,48.0,0,NOMINAL
VEH_4884,12,2026-08-30T07:45:36.606177,69.97,,41.12,1.816,11.19,10.16,1.03,48.0,0,NOMINAL
VEH_4884,13,2026-08-30T07:46:41.606177,71.8,,42.97,2.118,11.86,11.14,0.72,38.0,0,NOMINAL
VEH_4884,14,2026-08-30T07:47:46.606177,75.63,38.01,41.41,1.884,18.28,18.24,0.04,38.2,0,NOMINAL
VEH_4884,15,2026-08-30T07:48:51.606177,63.73,,43.14,1.84,13.44,12.7,0.74,38.0,0,NOMINAL
VEH_4884,16,2026-08-30T07:49:56.606177,68.31,,42.38,2.145,10.76,10.08,0.68,38.0,0,NOMINAL
VEH_4884,17,2026-08-30T07:51:01.606177,70.18,,43.89,2.016,13.48,11.06,2.42,60.0,0,NOMINAL
VEH_4884,18,2026-08-30T07:52:06.606177,72.52,,43.14,1.999,12.81,12.04,0.77,38.0,0,NOMINAL
VEH_4884,19,2026-08-30T07:53:11.606177,73.94,,44.74,2.083,11.47,9.21,2.26,29.5,0,NOMINAL
VEH_4884,20,2026-08-30T07:54:16.606177,62.87,,45.02,2.167,8.84,6.8,2.04,31.0,0,NOMINAL
VEH_4884,21,2026-08-30T07:55:21.606177,65.94,,45.18,2.095,10.11,7.58,2.53,28.0,0,NOMINAL
VEH_4884,22,2026-08-30T07:56:26.606177,68.96,,45.07,2.279,10.66,8.36,2.3,29.5,0,NOMINAL
VEH_4884,23,2026-08-30T07:57:31.606177,72.46,,46.49,2.271,11.46,9.14,2.32,31.0,0,NOMINAL
VEH_4884,24,2026-08-30T07:58:36.606177,75.1,,47.68,2.255,10.07,7.11,2.96,28.0,0,NOMINAL
VEH_4884,25,2026-08-30T07:59:41.606177,63.74,,47.38,2.13,10.15,7.5,2.65,29.5,0,NOMINAL
VEH_4884,26,2026-08-30T08:00:46.606177,65.71,40.75,47.95,2.396,15.45,13.11,2.34,31.0,0,NOMINAL
VEH_4884,27,2026-08-30T08:01:51.606177,70.5,39.82,47.27,2.328,16.54,13.89,2.65,28.0,0,NOMINAL
VEH_4884,28,2026-08-30T08:02:56.606177,72.8,,47.75,2.463,9.78,7.04,2.74,29.5,0,NOMINAL
VEH_4884,29,2026-08-30T08:04:01.606177,76.62,,49.39,2.309,10.62,7.81,2.81,31.0,0,NOMINAL
VEH_4884,30,2026-08-30T08:05:06.606177,65.53,,48.28,2.482,11.26,8.2,3.06,28.0,0,NOMINAL
VEH_4885,1,2026-08-30T07:34:56.606177,67.47,41.03,36.87,1.687,17.48,17.21,0.27,34.3,0,NOMINAL
VEH_4885,2,2026-08-30T07:36:01.606177,69.76,42.32,37.63,1.544,18.57,18.09,0.48,34.6,0,NOMINAL
VEH_4885,3,2026-08-30T07:37:06.606177,73.86,,38.69,1.784,12.35,11.74,0.61,34.9,0,NOMINAL
VEH_4885,4,2026-08-30T07:38:11.606177,75.92,,37.01,1.841,12.91,12.61,0.3,35.2,0,NOMINAL
VEH_4885,5,2026-08-30T07:39:16.606177,63.51,,40.38,1.678,13.79,13.1,0.69,35.5,0,NOMINAL
VEH_4885,6,2026-08-30T07:40:21.606177,66.22,,38.76,1.744,11.99,11.58,0.41,35.8,0,NOMINAL
VEH_4885,7,2026-08-30T07:41:26.606177,69.82,40.78,38.17,1.87,17.45,17.29,0.16,36.1,0,NOMINAL
VEH_4885,8,2026-08-30T07:42:31.606177,71.1,41.77,40.72,1.853,18.74,18.17,0.57,36.4,0,NOMINAL
VEH_4885,9,2026-08-30T07:43:36.606177,74.03,,40.77,2.064,12.39,11.81,0.58,36.7,0,NOMINAL
VEH_4885,10,2026-08-30T07:44:41.606177,62.0,,40.42,1.949,12.72,12.3,0.42,37.0,0,NOMINAL
VEH_4885,11,2026-08-30T07:45:46.606177,68.41,,42.3,2.348,13.66,12.78,0.88,48.0,0,NOMINAL
VEH_4885,12,2026-08-30T07:46:51.606177,71.35,,41.94,2.1,11.11,10.16,0.95,48.0,0,NOMINAL
VEH_4885,13,2026-08-30T07:47:56.606177,71.78,,42.64,1.763,11.81,11.14,0.67,38.0,0,NOMINAL
VEH_4885,14,2026-08-30T07:49:01.606177,74.99,40.98,42.09,2.232,18.71,18.24,0.47,38.2,0,NOMINAL
VEH_4885,15,2026-08-30T07:50:06.606177,66.21,,43.96,1.95,13.64,12.7,0.94,38.0,0,NOMINAL
VEH_4885,16,2026-08-30T07:51:11.606177,69.14,,44.0,2.14,11.03,10.08,0.95,38.0,0,NOMINAL
VEH_4885,17,2026-08-30T07:52:16.606177,71.82,,44.07,2.364,13.5,11.06,2.44,60.0,0,NOMINAL
VEH_4885,18,2026-08-30T07:53:21.606177,71.56,,45.07,2.027,13.07,12.04,1.03,38.0,0,NOMINAL
VEH_4885,19,2026-08-30T07:54:26.606177,77.79,,43.36,2.336,11.38,9.21,2.17,29.5,0,NOMINAL
VEH_4885,20,2026-08-30T07:55:31.606177,65.91,,45.42,2.234,9.0,6.8,2.2,31.0,0,NOMINAL
VEH_4885,21,2026-08-30T07:56:36.606177,68.32,,46.27,2.3,10.35,7.58,2.77,28.0,0,NOMINAL
VEH_4885,22,2026-08-30T07:57:41.606177,72.13,,44.3,2.276,10.64,8.36,2.28,29.5,0,NOMINAL
VEH_4885,23,2026-08-30T07:58:46.606177,71.39,,47.04,2.226,11.51,9.14,2.37,31.0,0,NOMINAL
VEH_4885,24,2026-08-30T07:59:51.606177,76.79,,46.52,2.345,9.95,7.11,2.84,28.0,0,NOMINAL
VEH_4885,25,2026-08-30T08:00:56.606177,63.33,,47.38,2.382,10.13,7.5,2.63,29.5,0,NOMINAL
VEH_4885,26,2026-08-30T08:02:01.606177,68.1,39.3,47.09,2.245,15.23,13.11,2.12,31.0,0,NOMINAL
VEH_4885,27,2026-08-30T08:03:06.606177,69.91,40.78,48.93,2.322,16.89,13.89,3.0,28.0,0,NOMINAL
VEH_4885,28,2026-08-30T08:04:11.606177,71.01,,48.67,2.655,9.86,7.04,2.82,29.5,0,NOMINAL
VEH_4885,29,2026-08-30T08:05:16.606177,76.68,,48.34,2.471,10.47,7.81,2.66,31.0,0,NOMINAL
VEH_4885,30,2026-08-30T08:06:21.606177,62.98,,49.13,2.476,11.31,8.2,3.11,28.0,0,NOMINAL
VEH_4886,1,2026-08-30T07:36:11.606177,70.63,43.25,36.57,1.937,17.79,17.21,0.58,34.3,0,NOMINAL
VEH_4886,2,2026-08-30T07:37:16.606177,69.28,41.73,37.69,1.771,18.5,18.09,0.41,34.6,0,NOMINAL
VEH_4886,3,2026-08-30T07:38:21.606177,74.82,,37.15,1.654,12.14,11.74,0.4,34.9,0,NOMINAL
VEH_4886,4,2026-08-30T07:39:26.606177,75.3,,38.33,1.642,13.09,12.61,0.48,35.2,0,NOMINAL
VEH_4886,5,2026-08-30T07:40:31.606177,65.37,,39.02,2.036,13.64,13.1,0.54,35.5,0,NOMINAL
VEH_4886,6,2026-08-30T07:41:36.606177,66.66,,38.7,1.947,11.99,11.58,0.41,35.8,0,NOMINAL
VEH_4886,7,2026-08-30T07:42:41.606177,68.05,45.48,41.2,1.824,18.39,17.29,1.1,36.1,0,NOMINAL
VEH_4886,8,2026-08-30T07:43:46.606177,72.96,43.39,41.22,1.92,19.06,18.17,0.89,36.4,0,NOMINAL
VEH_4886,9,2026-08-30T07:44:51.606177,75.98,,40.51,1.955,12.41,11.81,0.6,36.7,0,NOMINAL
VEH_4886,10,2026-08-30T07:45:56.606177,65.63,,41.05,1.861,12.93,12.3,0.63,37.0,0,NOMINAL
VEH_4886,11,2026-08-30T07:47:01.606177,68.9,,41.24,2.194,13.84,12.78,1.06,48.0,0,NOMINAL
VEH_4886,12,2026-08-30T07:48:06.606177,70.05,,40.63,2.329,11.26,10.16,1.1,48.0,0,NOMINAL
VEH_4886,13,2026-08-30T07:49:11.606177,73.74,,41.51,2.171,11.7,11.14,0.56,38.0,0,NOMINAL
VEH_4886,14,2026-08-30T07:50:16.606177,74.64,43.76,43.59,2.024,19.24,18.24,1.0,38.2,0,NOMINAL
VEH_4886,15,2026-08-30T07:51:21.606177,65.27,,43.38,2.263,13.52,12.7,0.82,38.0,0,NOMINAL
VEH_4886,16,2026-08-30T07:52:26.606177,68.22,,42.81,2.224,10.82,10.08,0.74,38.0,0,NOMINAL
VEH_4886,17,2026-08-30T07:53:31.606177,70.62,,44.1,2.576,13.46,11.06,2.4,60.0,0,NOMINAL
VEH_4886,18,2026-08-30T07:54:36.606177,74.16,,45.64,2.115,13.23,12.04,1.19,38.0,0,NOMINAL
VEH_4886,19,2026-08-30T07:55:41.606177,74.79,,42.93,2.218,11.22,9.21,2.01,29.5,0,NOMINAL
VEH_4886,20,2026-08-30T07:56:46.606177,64.01,,46.34,2.301,9.07,6.8,2.27,31.0,0,NOMINAL
VEH_4886,21,2026-08-30T07:57:51.606177,68.62,,44.45,2.611,10.08,7.58,2.5,28.0,0,NOMINAL
VEH_4886,22,2026-08-30T07:58:56.606177,72.08,,46.54,2.519,10.98,8.36,2.62,29.5,0,NOMINAL
VEH_4886,23,2026-08-30T08:00:01.606177,71.11,,44.9,2.558,11.18,9.14,2.04,31.0,0,NOMINAL
VEH_4886,24,2026-08-30T08:01:06.606177,74.19,,46.4,2.548,9.85,7.11,2.74,28.0,0,NOMINAL
VEH_4886,25,2026-08-30T08:02:11.606177,63.84,,47.3,2.675,10.14,7.5,2.64,29.5,0,NOMINAL
VEH_4886,26,2026-08-30T08:03:16.606177,67.89,44.19,46.83,2.431,15.75,13.11,2.64,31.0,0,NOMINAL
VEH_4886,27,2026-08-30T08:04:21.606177,70.79,44.01,48.78,2.621,17.26,13.89,3.37,28.0,0,NOMINAL
VEH_4886,28,2026-08-30T08:05:26.606177,72.12,,48.37,2.805,9.85,7.04,2.81,29.5,0,NOMINAL
VEH_4886,29,2026-08-30T08:06:31.606177,75.77,,49.39,2.576,10.6,7.81,2.79,31.0,0,NOMINAL
VEH_4886,30,2026-08-30T08:07:36.606177,65.15,,50.21,2.389,11.54,8.2,3.34,28.0,0,NOMINAL
VEH_4887,1,2026-08-30T07:37:26.606177,68.6,41.39,36.61,1.564,17.52,17.21,0.31,34.3,0,NOMINAL
VEH_4887,2,2026-08-30T07:38:31.606177,70.37,41.61,35.87,1.707,18.25,18.09,0.16,34.6,0,NOMINAL
VEH_4887,3,2026-08-30T07:39:36.606177,71.18,,40.02,1.808,12.46,11.74,0.72,34.9,0,NOMINAL
VEH_4887,4,2026-08-30T07:40:41.606177,75.81,,37.25,2.097,12.95,12.61,0.34,35.2,0,NOMINAL
VEH_4887,5,2026-08-30T07:41:46.606177,67.11,,37.62,1.632,13.49,13.1,0.39,35.5,0,NOMINAL
VEH_4887,6,2026-08-30T07:42:51.606177,66.77,,39.02,2.29,12.04,11.58,0.46,35.8,0,NOMINAL
VEH_4887,7,2026-08-30T07:43:56.606177,71.63,42.7,39.74,1.809,17.96,17.29,0.67,36.1,0,NOMINAL
VEH_4887,8,2026-08-30T07:45:01.606177,74.0,42.11,39.7,1.921,18.72,18.17,0.55,36.4,0,NOMINAL
VEH_4887,9,2026-08-30T07:46:06.606177,76.22,,40.5,1.806,12.42,11.81,0.61,36.7,0,NOMINAL
VEH_4887,10,2026-08-30T07:47:11.606177,64.07,,39.67,2.113,12.68,12.3,0.38,37.0,0,NOMINAL
VEH_4887,11,2026-08-30T07:48:16.606177,67.45,,40.73,2.42,13.87,12.78,1.09,48.0,0,NOMINAL
VEH_4887,12,2026-08-30T07:49:21.606177,69.34,,42.67,2.247,10.94,10.16,0.78,48.0,0,NOMINAL
VEH_4887,13,2026-08-30T07:50:26.606177,71.77,,42.18,2.264,11.74,11.14,0.6,38.0,0,NOMINAL
VEH_4887,14,2026-08-30T07:51:31.606177,74.03,42.15,43.52,2.259,19.03,18.24,0.79,38.2,0,NOMINAL
VEH_4887,15,2026-08-30T07:52:36.606177,64.62,,43.45,1.943,13.51,12.7,0.81,38.0,0,NOMINAL
VEH_4887,16,2026-08-30T07:53:41.606177,66.62,,43.55,2.152,10.89,10.08,0.81,38.0,0,NOMINAL
VEH_4887,17,2026-08-30T07:54:46.606177,69.66,,44.71,2.213,13.34,11.06,2.28,60.0,0,NOMINAL
VEH_4887,18,2026-08-30T07:55:51.606177,70.96,,45.05,2.152,13.05,12.04,1.01,38.0,0,NOMINAL
VEH_4887,19,2026-08-30T07:56:56.606177,73.09,,44.84,2.167,11.45,9.21,2.24,29.5,0,NOMINAL
VEH_4887,20,2026-08-30T07:58:01.606177,64.61,,44.92,2.146,8.88,6.8,2.08,31.0,0,NOMINAL
VEH_4887,21,2026-08-30T07:59:06.606177,68.88,,46.0,2.619,10.32,7.58,2.74,28.0,0,NOMINAL
VEH_4887,22,2026-08-30T08:00:11.606177,70.63,,44.81,2.571,10.67,8.36,2.31,29.5,0,NOMINAL
VEH_4887,23,2026-08-30T08:01:16.606177,73.46,,44.86,2.558,11.24,9.14,2.1,31.0,0,NOMINAL
VEH_4887,24,2026-08-30T08:02:21.606177,75.9,,47.89,2.45,10.12,7.11,3.01,28.0,0,NOMINAL
VEH_4887,25,2026-08-30T08:03:26.606177,63.27,,46.52,2.468,10.0,7.5,2.5,29.5,0,NOMINAL
VEH_4887,26,2026-08-30T08:04:31.606177,68.87,43.23,46.83,2.707,15.67,13.11,2.56,31.0,0,NOMINAL
VEH_4887,27,2026-08-30T08:05:36.606177,70.09,41.34,47.11,2.341,16.68,13.89,2.79,28.0,0,NOMINAL
VEH_4887,28,2026-08-30T08:06:41.606177,72.13,,47.6,2.383,9.74,7.04,2.7,29.5,0,NOMINAL
VEH_4887,29,2026-08-30T08:07:46.606177,74.52,,49.72,2.608,10.61,7.81,2.8,31.0,0,NOMINAL
VEH_4887,30,2026-08-30T08:08:51.606177,65.71,,48.05,2.66,11.23,8.2,3.03,28.0,0,NOMINAL
VEH_4888,1,2026-08-30T07:38:41.606177,66.47,44.49,37.38,1.65,17.93,17.21,0.72,34.3,0,NOMINAL
VEH_4888,2,2026-08-30T07:39:46.606177,69.7,44.01,38.63,1.379,18.92,18.09,0.83,34.6,0,NOMINAL
VEH_4888,3,2026-08-30T07:40:51.606177,72.2,,39.29,1.82,12.38,11.74,0.64,34.9,0,NOMINAL
VEH_4888,4,2026-08-30T07:41:56.606177,74.79,,38.66,1.769,13.12,12.61,0.51,35.2,0,NOMINAL
VEH_4888,5,2026-08-30T07:43:01.606177,66.31,,38.91,1.727,13.66,13.1,0.56,35.5,0,NOMINAL
VEH_4888,6,2026-08-30T07:44:06.606177,70.84,,40.08,1.8,12.33,11.58,0.75,35.8,0,NOMINAL
VEH_4888,7,2026-08-30T07:45:11.606177,72.22,43.18,39.85,1.828,18.05,17.29,0.76,36.1,0,NOMINAL
VEH_4888,8,2026-08-30T07:46:16.606177,72.41,43.05,40.33,1.916,18.87,18.17,0.7,36.4,0,NOMINAL
VEH_4888,9,2026-08-30T07:47:21.606177,73.42,,40.12,1.881,12.28,11.81,0.47,36.7,0,NOMINAL
VEH_4888,10,2026-08-30T07:48:26.606177,68.39,,42.88,2.088,13.29,12.3,0.99,37.0,0,NOMINAL
VEH_4888,11,2026-08-30T07:49:31.606177,68.37,,41.13,2.205,13.84,12.78,1.06,48.0,0,NOMINAL
VEH_4888,12,2026-08-30T07:50:36.606177,69.59,,41.81,2.203,11.07,10.16,0.91,48.0,0,NOMINAL
VEH_4888,13,2026-08-30T07:51:41.606177,70.3,,42.66,2.491,11.77,11.14,0.63,38.0,0,NOMINAL
VEH_4888,14,2026-08-30T07:52:46.606177,73.92,43.2,42.03,2.042,18.92,18.24,0.68,38.2,0,NOMINAL
VEH_4888,15,2026-08-30T07:53:51.606177,66.34,,43.44,2.045,13.56,12.7,0.86,38.0,0,NOMINAL
VEH_4888,16,2026-08-30T07:54:56.606177,68.05,,42.17,2.167,10.72,10.08,0.64,38.0,0,NOMINAL
VEH_4888,17,2026-08-30T07:56:01.606177,70.64,,44.14,2.053,13.46,11.06,2.4,60.0,0,NOMINAL
VEH_4888,18,2026-08-30T07:57:06.606177,71.55,,45.92,2.378,13.19,12.04,1.15,38.0,0,NOMINAL
VEH_4888,19,2026-08-30T07:58:11.606177,76.48,,42.38,2.597,11.19,9.21,1.98,29.5,0,NOMINAL
VEH_4888,20,2026-08-30T07:59:16.606177,65.2,,45.63,2.626,9.01,6.8,2.21,31.0,0,NOMINAL
VEH_4888,21,2026-08-30T08:00:21.606177,69.43,,45.62,2.222,10.28,7.58,2.7,28.0,0,NOMINAL
VEH_4888,22,2026-08-30T08:01:26.606177,68.17,,45.74,2.408,10.74,8.36,2.38,29.5,0,NOMINAL
VEH_4888,23,2026-08-30T08:02:31.606177,73.34,,47.39,2.53,11.62,9.14,2.48,31.0,0,NOMINAL
VEH_4888,24,2026-08-30T08:03:36.606177,74.9,,46.85,2.512,9.94,7.11,2.83,28.0,0,NOMINAL
VEH_4888,25,2026-08-30T08:04:41.606177,63.7,,48.08,2.486,10.25,7.5,2.75,29.5,0,NOMINAL
VEH_4888,26,2026-08-30T08:05:46.606177,68.5,42.69,47.85,2.513,15.75,13.11,2.64,31.0,0,NOMINAL
VEH_4888,27,2026-08-30T08:06:51.606177,70.93,43.36,48.88,2.353,17.21,13.89,3.32,28.0,0,NOMINAL
VEH_4888,28,2026-08-30T08:07:56.606177,72.9,,48.53,2.7,9.9,7.04,2.86,29.5,0,NOMINAL
VEH_4888,29,2026-08-30T08:09:01.606177,75.42,,48.04,2.473,10.38,7.81,2.57,31.0,0,NOMINAL
VEH_4888,30,2026-08-30T08:10:06.606177,66.45,,47.25,2.68,11.14,8.2,2.94,28.0,0,NOMINAL
VEH_4889,1,2026-08-30T07:39:56.606177,70.06,40.98,38.22,1.758,17.76,17.21,0.55,34.3,0,NOMINAL
VEH_4889,2,2026-08-30T07:41:01.606177,69.03,39.23,36.89,1.882,18.09,18.09,0.0,34.6,0,NOMINAL
VEH_4889,3,2026-08-30T07:42:06.606177,72.63,,38.23,1.609,12.24,11.74,0.5,34.9,0,NOMINAL
VEH_4889,4,2026-08-30T07:43:11.606177,75.22,,39.52,1.844,13.27,12.61,0.66,35.2,0,NOMINAL
VEH_4889,5,2026-08-30T07:44:16.606177,66.39,,39.18,1.579,13.7,13.1,0.6,35.5,0,NOMINAL
VEH_4889,6,2026-08-30T07:45:21.606177,67.15,,39.33,1.747,12.1,11.58,0.52,35.8,0,NOMINAL
VEH_4889,7,2026-08-30T07:46:26.606177,69.93,39.71,39.1,1.617,17.47,17.29,0.18,36.1,0,NOMINAL
VEH_4889,8,2026-08-30T07:47:31.606177,73.57,39.83,39.13,1.868,18.36,18.17,0.19,36.4,0,NOMINAL
VEH_4889,9,2026-08-30T07:48:36.606177,75.26,,39.9,1.771,12.3,11.81,0.49,36.7,0,NOMINAL
VEH_4889,10,2026-08-30T07:49:41.606177,65.7,,40.98,2.108,12.92,12.3,0.62,37.0,0,NOMINAL
VEH_4889,11,2026-08-30T07:50:46.606177,66.84,,41.83,1.772,13.69,12.78,0.91,48.0,0,NOMINAL
VEH_4889,12,2026-08-30T07:51:51.606177,74.1,,40.58,1.918,11.4,10.16,1.24,48.0,0,NOMINAL
VEH_4889,13,2026-08-30T07:52:56.606177,71.01,,40.18,1.643,11.42,11.14,0.28,38.0,0,NOMINAL
VEH_4889,14,2026-08-30T07:54:01.606177,74.3,38.11,42.01,2.298,18.34,18.24,0.1,38.2,0,NOMINAL
VEH_4889,15,2026-08-30T07:55:06.606177,62.44,,41.67,2.178,13.18,12.7,0.48,38.0,0,NOMINAL
VEH_4889,16,2026-08-30T07:56:11.606177,67.73,,43.7,1.945,10.94,10.08,0.86,38.0,0,NOMINAL
VEH_4889,17,2026-08-30T07:57:16.606177,68.62,,44.62,2.182,13.32,11.06,2.26,60.0,0,NOMINAL
VEH_4889,18,2026-08-30T07:58:21.606177,70.15,,44.53,2.127,12.94,12.04,0.9,38.0,0,NOMINAL
VEH_4889,19,2026-08-30T07:59:26.606177,73.89,,44.89,2.092,11.49,9.21,2.28,29.5,0,NOMINAL
VEH_4889,20,2026-08-30T08:00:31.606177,65.22,,46.71,1.913,9.17,6.8,2.37,31.0,0,NOMINAL
VEH_4889,21,2026-08-30T08:01:36.606177,66.41,,45.07,1.996,10.11,7.58,2.53,28.0,0,NOMINAL
VEH_4889,22,2026-08-30T08:02:41.606177,69.6,,46.48,2.193,10.89,8.36,2.53,29.5,0,NOMINAL
VEH_4889,23,2026-08-30T08:03:46.606177,71.04,,45.39,2.488,11.25,9.14,2.11,31.0,0,NOMINAL
VEH_4889,24,2026-08-30T08:04:51.606177,73.36,,46.04,2.387,9.77,7.11,2.66,28.0,0,NOMINAL
VEH_4889,25,2026-08-30T08:05:56.606177,63.9,,47.9,2.437,10.23,7.5,2.73,29.5,0,NOMINAL
VEH_4889,26,2026-08-30T08:07:01.606177,69.47,38.91,47.67,2.544,15.32,13.11,2.21,31.0,0,NOMINAL
VEH_4889,27,2026-08-30T08:08:06.606177,69.55,39.64,49.3,2.389,16.8,13.89,2.91,28.0,0,NOMINAL
VEH_4889,28,2026-08-30T08:09:11.606177,73.04,,49.05,2.315,9.99,7.04,2.95,29.5,0,NOMINAL
VEH_4889,29,2026-08-30T08:10:16.606177,76.53,,47.83,2.239,10.38,7.81,2.57,31.0,0,NOMINAL
VEH_4889,30,2026-08-30T08:11:21.606177,65.6,,46.92,2.39,11.06,8.2,2.86,28.0,0,NOMINAL
VEH_4890,1,2026-08-30T07:41:11.606177,66.57,40.68,37.21,1.514,17.47,17.21,0.26,34.3,0,NOMINAL
VEH_4890,2,2026-08-30T07:42:16.606177,70.06,41.87,37.63,1.49,18.53,18.09,0.44,34.6,0,NOMINAL
VEH_4890,3,2026-08-30T07:43:21.606177,70.69,,36.95,1.838,11.99,11.74,0.25,34.9,0,NOMINAL
VEH_4890,4,2026-08-30T07:44:26.606177,74.44,,38.8,1.615,13.13,12.61,0.52,35.2,0,NOMINAL
VEH_4890,5,2026-08-30T07:45:31.606177,64.54,,39.24,2.031,13.65,13.1,0.55,35.5,0,NOMINAL
VEH_4890,6,2026-08-30T07:46:36.606177,71.27,,40.7,1.763,12.43,11.58,0.85,35.8,0,NOMINAL
VEH_4890,7,2026-08-30T07:47:41.606177,70.16,42.16,40.32,1.835,17.94,17.29,0.65,36.1,0,NOMINAL
VEH_4890,8,2026-08-30T07:48:46.606177,72.09,43.24,40.42,1.942,18.9,18.17,0.73,36.4,0,NOMINAL
VEH_4890,9,2026-08-30T07:49:51.606177,76.48,,39.68,2.14,12.3,11.81,0.49,36.7,0,NOMINAL
VEH_4890,10,2026-08-30T07:50:56.606177,64.64,,41.48,1.807,12.97,12.3,0.67,37.0,0,NOMINAL
VEH_4890,11,2026-08-30T07:52:01.606177,67.06,,41.18,1.979,13.79,12.78,1.01,48.0,0,NOMINAL
VEH_4890,12,2026-08-30T07:53:06.606177,69.95,,41.94,2.273,11.07,10.16,0.91,48.0,0,NOMINAL
VEH_4890,13,2026-08-30T07:54:11.606177,72.18,,42.38,1.939,11.78,11.14,0.64,38.0,0,NOMINAL
VEH_4890,14,2026-08-30T07:55:16.606177,74.38,43.6,43.03,2.327,19.13,18.24,0.89,38.2,0,NOMINAL
VEH_4890,15,2026-08-30T07:56:21.606177,63.2,,43.14,2.135,13.42,12.7,0.72,38.0,0,NOMINAL
VEH_4890,16,2026-08-30T07:57:26.606177,66.16,,42.97,1.986,10.78,10.08,0.7,38.0,0,NOMINAL
VEH_4890,17,2026-08-30T07:58:31.606177,69.25,,42.69,2.035,13.63,11.06,2.57,60.0,0,NOMINAL
VEH_4890,18,2026-08-30T07:59:36.606177,72.59,,45.29,2.335,13.13,12.04,1.09,38.0,0,NOMINAL
VEH_4890,19,2026-08-30T08:00:41.606177,76.39,,44.33,2.263,11.48,9.21,2.27,29.5,0,NOMINAL
VEH_4890,20,2026-08-30T08:01:46.606177,66.17,,46.06,2.458,9.1,6.8,2.3,31.0,0,NOMINAL
VEH_4890,21,2026-08-30T08:02:51.606177,69.73,,46.73,2.164,10.46,7.58,2.88,28.0,0,NOMINAL
VEH_4890,22,2026-08-30T08:03:56.606177,68.4,,45.07,2.403,10.64,8.36,2.28,29.5,0,NOMINAL
VEH_4890,23,2026-08-30T08:05:01.606177,72.39,,47.15,2.338,11.55,9.14,2.41,31.0,0,NOMINAL
VEH_4890,24,2026-08-30T08:06:06.606177,75.58,,48.35,2.351,10.18,7.11,3.07,28.0,0,NOMINAL
VEH_4890,25,2026-08-30T08:07:11.606177,61.75,,47.61,2.447,10.12,7.5,2.62,29.5,0,NOMINAL
VEH_4890,26,2026-08-30T08:08:16.606177,68.64,42.9,47.46,2.489,15.72,13.11,2.61,31.0,0,NOMINAL
VEH_4890,27,2026-08-30T08:09:21.606177,69.23,41.25,49.22,2.521,16.96,13.89,3.07,28.0,0,NOMINAL
VEH_4890,28,2026-08-30T08:10:26.606177,71.92,,47.66,2.185,9.74,7.04,2.7,29.5,0,NOMINAL
VEH_4890,29,2026-08-30T08:11:31.606177,76.61,,48.09,2.599,10.43,7.81,2.62,31.0,0,NOMINAL
VEH_4890,30,2026-08-30T08:12:36.606177,66.08,,51.6,2.658,11.78,8.2,3.58,28.0,0,NOMINAL
VEH_4891,1,2026-08-30T07:42:26.606177,68.49,38.3,38.64,1.704,17.47,17.21,0.26,34.3,0,NOMINAL
VEH_4891,2,2026-08-30T07:43:31.606177,70.67,39.33,38.58,1.78,18.4,18.09,0.31,34.6,0,NOMINAL
VEH_4891,3,2026-08-30T07:44:36.606177,71.95,,38.57,1.542,12.27,11.74,0.53,34.9,0,NOMINAL
VEH_4891,4,2026-08-30T07:45:41.606177,73.79,,38.4,1.465,13.06,12.61,0.45,35.2,0,NOMINAL
VEH_4891,5,2026-08-30T07:46:46.606177,62.77,,38.97,1.752,13.56,13.1,0.46,35.5,0,NOMINAL
VEH_4891,6,2026-08-30T07:47:51.606177,67.91,,40.06,1.849,12.23,11.58,0.65,35.8,0,NOMINAL
VEH_4891,7,2026-08-30T07:48:56.606177,71.54,41.82,40.04,1.822,17.91,17.29,0.62,36.1,0,NOMINAL
VEH_4891,8,2026-08-30T07:50:01.606177,71.94,40.07,41.04,1.794,18.62,18.17,0.45,36.4,0,NOMINAL
VEH_4891,9,2026-08-30T07:51:06.606177,76.08,,42.13,1.925,12.66,11.81,0.85,36.7,0,NOMINAL
VEH_4891,10,2026-08-30T07:52:11.606177,66.17,,40.81,1.971,12.91,12.3,0.61,37.0,0,NOMINAL
VEH_4891,11,2026-08-30T07:53:16.606177,68.23,,41.56,1.9,13.77,12.78,0.99,48.0,0,NOMINAL
VEH_4891,12,2026-08-30T07:54:21.606177,70.73,,42.58,2.105,10.99,10.16,0.83,48.0,0,NOMINAL
VEH_4891,13,2026-08-30T07:55:26.606177,74.58,,43.32,2.011,12.0,11.14,0.86,38.0,0,NOMINAL
VEH_4891,14,2026-08-30T07:56:31.606177,75.84,41.4,43.35,1.994,18.97,18.24,0.73,38.2,0,NOMINAL
VEH_4891,15,2026-08-30T07:57:36.606177,64.53,,42.93,2.12,13.43,12.7,0.73,38.0,0,NOMINAL
VEH_4891,16,2026-08-30T07:58:41.606177,70.38,,43.12,2.017,10.94,10.08,0.86,38.0,0,NOMINAL
VEH_4891,17,2026-08-30T07:59:46.606177,69.42,,45.05,2.071,13.28,11.06,2.22,60.0,0,NOMINAL
VEH_4891,18,2026-08-30T08:00:51.606177,73.72,,44.31,2.432,13.02,12.04,0.98,38.0,0,NOMINAL
VEH_4891,19,2026-08-30T08:01:56.606177,75.65,,43.74,1.958,11.37,9.21,2.16,29.5,0,NOMINAL
VEH_4891,20,2026-08-30T08:03:01.606177,65.3,,45.74,2.264,9.02,6.8,2.22,31.0,0,NOMINAL
VEH_4891,21,2026-08-30T08:04:06.606177,68.7,,44.84,2.364,10.14,7.58,2.56,28.0,0,NOMINAL
VEH_4891,22,2026-08-30T08:05:11.606177,70.69,,46.13,2.307,10.87,8.36,2.51,29.5,0,NOMINAL
VEH_4891,23,2026-08-30T08:06:16.606177,70.87,,47.14,2.35,11.51,9.14,2.37,31.0,0,NOMINAL
VEH_4891,24,2026-08-30T08:07:21.606177,76.04,,46.48,2.145,9.92,7.11,2.81,28.0,0,NOMINAL
VEH_4891,25,2026-08-30T08:08:26.606177,65.28,,46.79,2.631,10.11,7.5,2.61,29.5,0,NOMINAL
VEH_4891,26,2026-08-30T08:09:31.606177,66.73,40.63,46.64,2.704,15.28,13.11,2.17,31.0,0,NOMINAL
VEH_4891,27,2026-08-30T08:10:36.606177,69.18,39.41,48.15,2.559,16.59,13.89,2.7,28.0,0,NOMINAL
VEH_4891,28,2026-08-30T08:11:41.606177,72.7,,50.03,2.411,10.12,7.04,3.08,29.5,0,NOMINAL
VEH_4891,29,2026-08-30T08:12:46.606177,73.38,,48.49,2.136,10.39,7.81,2.58,31.0,0,NOMINAL
VEH_4891,30,2026-08-30T08:13:51.606177,64.88,,50.07,2.297,11.51,8.2,3.31,28.0,0,NOMINAL
VEH_4892,1,2026-08-30T07:43:41.606177,66.41,38.59,37.12,1.645,17.21,17.21,0.0,34.3,0,NOMINAL
VEH_4892,2,2026-08-30T07:44:46.606177,71.49,37.65,37.91,1.48,18.13,18.09,0.04,34.6,0,NOMINAL
VEH_4892,3,2026-08-30T07:45:51.606177,73.04,,36.5,1.826,11.99,11.74,0.25,34.9,0,NOMINAL
VEH_4892,4,2026-08-30T07:46:56.606177,74.5,,38.67,1.71,13.12,12.61,0.51,35.2,0,NOMINAL
VEH_4892,5,2026-08-30T07:48:01.606177,66.22,,38.64,1.696,13.61,13.1,0.51,35.5,0,NOMINAL
VEH_4892,6,2026-08-30T07:49:06.606177,69.84,,39.6,1.712,12.22,11.58,0.64,35.8,0,NOMINAL
VEH_4892,7,2026-08-30T07:50:11.606177,68.71,38.87,38.09,1.875,17.29,17.29,0.0,36.1,0,NOMINAL
VEH_4892,8,2026-08-30T07:51:16.606177,72.09,38.48,40.46,1.86,18.36,18.17,0.19,36.4,0,NOMINAL
VEH_4892,9,2026-08-30T07:52:21.606177,74.53,,39.51,1.688,12.22,11.81,0.41,36.7,0,NOMINAL
VEH_4892,10,2026-08-30T07:53:26.606177,63.15,,41.73,1.867,12.96,12.3,0.66,37.0,0,NOMINAL
VEH_4892,11,2026-08-30T07:54:31.606177,67.67,,42.24,2.023,13.65,12.78,0.87,48.0,0,NOMINAL
VEH_4892,12,2026-08-30T07:55:36.606177,71.17,,40.97,2.032,11.25,10.16,1.09,48.0,0,NOMINAL
VEH_4892,13,2026-08-30T07:56:41.606177,71.94,,42.27,1.889,11.76,11.14,0.62,38.0,0,NOMINAL
VEH_4892,14,2026-08-30T07:57:46.606177,74.36,37.24,42.51,1.879,18.32,18.24,0.08,38.2,0,NOMINAL
VEH_4892,15,2026-08-30T07:58:51.606177,65.66,,40.81,1.825,13.15,12.7,0.45,38.0,0,NOMINAL
VEH_4892,16,2026-08-30T07:59:56.606177,70.41,,43.19,2.282,10.95,10.08,0.87,38.0,0,NOMINAL
VEH_4892,17,2026-08-30T08:01:01.606177,71.49,,44.45,2.222,13.44,11.06,2.38,60.0,0,NOMINAL
VEH_4892,18,2026-08-30T08:02:06.606177,74.64,,43.41,2.302,12.91,12.04,0.87,38.0,0,NOMINAL
VEH_4892,19,2026-08-30T08:03:11.606177,73.45,,45.32,2.252,11.54,9.21,2.33,29.5,0,NOMINAL
VEH_4892,20,2026-08-30T08:04:16.606177,64.89,,46.76,2.194,9.16,6.8,2.36,31.0,0,NOMINAL
VEH_4892,21,2026-08-30T08:05:21.606177,67.8,,44.58,1.959,10.08,7.58,2.5,28.0,0,NOMINAL
VEH_4892,22,2026-08-30T08:06:26.606177,72.43,,45.79,2.085,10.88,8.36,2.52,29.5,0,NOMINAL
VEH_4892,23,2026-08-30T08:07:31.606177,73.04,,46.82,2.001,11.53,9.14,2.39,31.0,0,NOMINAL
VEH_4892,24,2026-08-30T08:08:36.606177,76.33,,47.91,2.133,10.14,7.11,3.03,28.0,0,NOMINAL
VEH_4892,25,2026-08-30T08:09:41.606177,62.69,,46.24,2.372,9.94,7.5,2.44,29.5,0,NOMINAL
VEH_4892,26,2026-08-30T08:10:46.606177,67.86,38.52,46.88,2.045,15.1,13.11,1.99,31.0,0,NOMINAL
VEH_4892,27,2026-08-30T08:11:51.606177,69.72,38.5,47.65,2.275,16.42,13.89,2.53,28.0,0,NOMINAL
VEH_4892,28,2026-08-30T08:12:56.606177,72.28,,48.13,2.257,9.82,7.04,2.78,29.5,0,NOMINAL
VEH_4892,29,2026-08-30T08:14:01.606177,75.83,,48.69,2.403,10.49,7.81,2.68,31.0,0,NOMINAL
VEH_4892,30,2026-08-30T08:15:06.606177,65.93,,48.83,2.379,11.36,8.2,3.16,28.0,0,NOMINAL
VEH_4893,1,2026-08-30T07:44:56.606177,67.09,38.47,36.88,1.376,17.21,17.21,0.0,34.3,0,NOMINAL
VEH_4893,2,2026-08-30T07:46:01.606177,70.05,39.86,38.53,2.06,18.43,18.09,0.34,34.6,0,NOMINAL
VEH_4893,3,2026-08-30T07:47:06.606177,72.18,,37.96,1.581,12.18,11.74,0.44,34.9,0,NOMINAL
VEH_4893,4,2026-08-30T07:48:11.606177,74.64,,39.09,1.946,13.18,12.61,0.57,35.2,0,NOMINAL
VEH_4893,5,2026-08-30T07:49:16.606177,66.01,,37.4,1.631,13.42,13.1,0.32,35.5,0,NOMINAL
VEH_4893,6,2026-08-30T07:50:21.606177,65.92,,40.35,1.869,12.22,11.58,0.64,35.8,0,NOMINAL
VEH_4893,7,2026-08-30T07:51:26.606177,68.74,40.46,39.85,1.495,17.64,17.29,0.35,36.1,0,NOMINAL
VEH_4893,8,2026-08-30T07:52:31.606177,72.02,40.8,40.91,1.723,18.69,18.17,0.52,36.4,0,NOMINAL
VEH_4893,9,2026-08-30T07:53:36.606177,74.65,,40.49,2.098,12.37,11.81,0.56,36.7,0,NOMINAL
VEH_4893,10,2026-08-30T07:54:41.606177,62.99,,40.37,1.971,12.75,12.3,0.45,37.0,0,NOMINAL
VEH_4893,11,2026-08-30T07:55:46.606177,67.16,,39.65,2.322,14.02,12.78,1.24,48.0,0,NOMINAL
VEH_4893,12,2026-08-30T07:56:51.606177,69.91,,40.46,1.788,11.29,10.16,1.13,48.0,0,NOMINAL
VEH_4893,13,2026-08-30T07:57:56.606177,72.09,,42.65,1.986,11.82,11.14,0.68,38.0,0,NOMINAL
VEH_4893,14,2026-08-30T07:59:01.606177,74.16,40.17,43.03,2.273,18.73,18.24,0.49,38.2,0,NOMINAL
VEH_4893,15,2026-08-30T08:00:06.606177,64.39,,42.89,1.851,13.42,12.7,0.72,38.0,0,NOMINAL
VEH_4893,16,2026-08-30T08:01:11.606177,68.81,,43.43,2.158,10.94,10.08,0.86,38.0,0,NOMINAL
VEH_4893,17,2026-08-30T08:02:16.606177,71.29,,44.46,2.271,13.43,11.06,2.37,60.0,0,NOMINAL
VEH_4893,18,2026-08-30T08:03:21.606177,72.09,,43.39,2.303,12.83,12.04,0.79,38.0,0,NOMINAL
VEH_4893,19,2026-08-30T08:04:26.606177,75.33,,43.62,1.881,11.34,9.21,2.13,29.5,0,NOMINAL
VEH_4893,20,2026-08-30T08:05:31.606177,66.41,,44.33,2.436,8.85,6.8,2.05,31.0,0,NOMINAL
VEH_4893,21,2026-08-30T08:06:36.606177,69.0,,45.25,2.256,10.22,7.58,2.64,28.0,0,NOMINAL
VEH_4893,22,2026-08-30T08:07:41.606177,70.39,,47.8,2.359,11.12,8.36,2.76,29.5,0,NOMINAL
VEH_4893,23,2026-08-30T08:08:46.606177,71.64,,46.31,2.335,11.41,9.14,2.27,31.0,0,NOMINAL
VEH_4893,24,2026-08-30T08:09:51.606177,74.94,,47.94,2.121,10.1,7.11,2.99,28.0,0,NOMINAL
VEH_4893,25,2026-08-30T08:10:56.606177,64.02,,47.61,2.383,10.19,7.5,2.69,29.5,0,NOMINAL
VEH_4893,26,2026-08-30T08:12:01.606177,66.33,40.91,46.62,2.404,15.29,13.11,2.18,31.0,0,NOMINAL
VEH_4893,27,2026-08-30T08:13:06.606177,69.25,40.48,46.31,2.254,16.44,13.89,2.55,28.0,0,NOMINAL
VEH_4893,28,2026-08-30T08:14:11.606177,72.76,,48.46,2.557,9.89,7.04,2.85,29.5,0,NOMINAL
VEH_4893,29,2026-08-30T08:15:16.606177,76.3,,48.56,2.295,10.49,7.81,2.68,31.0,0,NOMINAL
VEH_4893,30,2026-08-30T08:16:21.606177,64.41,,49.52,2.569,11.41,8.2,3.21,28.0,0,NOMINAL
VEH_4894,1,2026-08-30T07:46:11.606177,67.48,39.01,35.8,1.773,17.21,17.21,0.0,34.3,0,NOMINAL
VEH_4894,2,2026-08-30T07:47:16.606177,70.51,39.21,37.85,1.921,18.27,18.09,0.18,34.6,0,NOMINAL
VEH_4894,3,2026-08-30T07:48:21.606177,70.68,,39.86,1.61,12.42,11.74,0.68,34.9,0,NOMINAL
VEH_4894,4,2026-08-30T07:49:26.606177,75.58,,39.42,1.703,13.26,12.61,0.65,35.2,0,NOMINAL
VEH_4894,5,2026-08-30T07:50:31.606177,65.1,,39.04,1.743,13.64,13.1,0.54,35.5,0,NOMINAL
VEH_4894,6,2026-08-30T07:51:36.606177,67.13,,38.7,2.123,12.01,11.58,0.43,35.8,0,NOMINAL
VEH_4894,7,2026-08-30T07:52:41.606177,72.02,37.73,41.16,1.694,17.62,17.29,0.33,36.1,0,NOMINAL
VEH_4894,8,2026-08-30T07:53:46.606177,72.03,38.34,40.9,1.779,18.4,18.17,0.23,36.4,0,NOMINAL
VEH_4894,9,2026-08-30T07:54:51.606177,74.31,,40.83,2.008,12.41,11.81,0.6,36.7,0,NOMINAL
VEH_4894,10,2026-08-30T07:55:56.606177,65.13,,40.61,1.78,12.85,12.3,0.55,37.0,0,NOMINAL
VEH_4894,11,2026-08-30T07:57:01.606177,66.46,,42.24,1.897,13.61,12.78,0.83,48.0,0,NOMINAL
VEH_4894,12,2026-08-30T07:58:06.606177,69.06,,42.44,2.104,10.96,10.16,0.8,48.0,0,NOMINAL
VEH_4894,13,2026-08-30T07:59:11.606177,72.49,,42.86,2.057,11.86,11.14,0.72,38.0,0,NOMINAL
VEH_4894,14,2026-08-30T08:00:16.606177,72.28,39.65,40.73,1.98,18.27,18.24,0.03,38.2,0,NOMINAL
VEH_4894,15,2026-08-30T08:01:21.606177,67.35,,42.55,1.901,13.46,12.7,0.76,38.0,0,NOMINAL
VEH_4894,16,2026-08-30T08:02:26.606177,65.63,,44.21,2.066,10.95,10.08,0.87,38.0,0,NOMINAL
VEH_4894,17,2026-08-30T08:03:31.606177,71.17,,44.08,2.248,13.48,11.06,2.42,60.0,0,NOMINAL
VEH_4894,18,2026-08-30T08:04:36.606177,74.12,,45.81,2.026,13.26,12.04,1.22,38.0,0,NOMINAL
VEH_4894,19,2026-08-30T08:05:41.606177,73.74,,44.1,2.011,11.36,9.21,2.15,29.5,0,NOMINAL
VEH_4894,20,2026-08-30T08:06:46.606177,65.18,,44.41,2.362,8.82,6.8,2.02,31.0,0,NOMINAL
VEH_4894,21,2026-08-30T08:07:51.606177,70.16,,45.64,2.153,10.31,7.58,2.73,28.0,0,NOMINAL
VEH_4894,22,2026-08-30T08:08:56.606177,68.36,,45.62,2.057,10.73,8.36,2.37,29.5,0,NOMINAL
VEH_4894,23,2026-08-30T08:10:01.606177,71.94,,45.78,2.141,11.33,9.14,2.19,31.0,0,NOMINAL
VEH_4894,24,2026-08-30T08:11:06.606177,76.35,,46.89,2.249,9.99,7.11,2.88,28.0,0,NOMINAL
VEH_4894,25,2026-08-30T08:12:11.606177,65.62,,46.85,2.296,10.13,7.5,2.63,29.5,0,NOMINAL
VEH_4894,26,2026-08-30T08:13:16.606177,67.45,38.62,46.18,2.476,15.0,13.11,1.89,31.0,0,NOMINAL
VEH_4894,27,2026-08-30T08:14:21.606177,69.77,38.59,47.15,2.329,16.36,13.89,2.47,28.0,0,NOMINAL
VEH_4894,28,2026-08-30T08:15:26.606177,73.3,,48.62,2.114,9.93,7.04,2.89,29.5,0,NOMINAL
VEH_4894,29,2026-08-30T08:16:31.606177,76.16,,48.54,2.29,10.48,7.81,2.67,31.0,0,NOMINAL
VEH_4894,30,2026-08-30T08:17:36.606177,63.76,,49.72,2.452,11.42,8.2,3.22,28.0,0,NOMINAL
VEH_4895,1,2026-08-30T07:47:26.606177,67.3,41.29,37.22,1.662,17.56,17.21,0.35,34.3,0,NOMINAL
VEH_4895,2,2026-08-30T07:48:31.606177,67.83,40.74,37.16,1.749,18.26,18.09,0.17,34.6,0,NOMINAL
VEH_4895,3,2026-08-30T07:49:36.606177,72.81,,39.4,1.706,12.42,11.74,0.68,34.9,0,NOMINAL
VEH_4895,4,2026-08-30T07:50:41.606177,73.54,,39.56,2.05,13.22,12.61,0.61,35.2,0,NOMINAL
VEH_4895,5,2026-08-30T07:51:46.606177,65.13,,38.42,1.787,13.55,13.1,0.45,35.5,0,NOMINAL
VEH_4895,6,2026-08-30T07:52:51.606177,67.11,,39.53,1.71,12.13,11.58,0.55,35.8,0,NOMINAL
VEH_4895,7,2026-08-30T07:53:56.606177,69.1,40.64,41.67,1.972,17.94,17.29,0.65,36.1,0,NOMINAL
VEH_4895,8,2026-08-30T07:55:01.606177,73.43,41.41,40.84,1.926,18.79,18.17,0.62,36.4,0,NOMINAL
VEH_4895,9,2026-08-30T07:56:06.606177,76.08,,39.95,1.777,12.33,11.81,0.52,36.7,0,NOMINAL
VEH_4895,10,2026-08-30T07:57:11.606177,67.78,,41.15,1.666,13.01,12.3,0.71,37.0,0,NOMINAL
VEH_4895,11,2026-08-30T07:58:16.606177,65.45,,43.09,1.901,13.45,12.78,0.67,48.0,0,NOMINAL
VEH_4895,12,2026-08-30T07:59:21.606177,69.56,,42.54,2.038,10.96,10.16,0.8,48.0,0,NOMINAL
VEH_4895,13,2026-08-30T08:00:26.606177,72.15,,42.62,1.839,11.82,11.14,0.68,38.0,0,NOMINAL
VEH_4895,14,2026-08-30T08:01:31.606177,75.18,39.55,43.36,2.11,18.74,18.24,0.5,38.2,0,NOMINAL
VEH_4895,15,2026-08-30T08:02:36.606177,66.11,,43.4,2.144,13.55,12.7,0.85,38.0,0,NOMINAL
VEH_4895,16,2026-08-30T08:03:41.606177,67.13,,42.92,2.339,10.81,10.08,0.73,38.0,0,NOMINAL
VEH_4895,17,2026-08-30T08:04:46.606177,71.18,,44.29,2.031,13.45,11.06,2.39,60.0,0,NOMINAL
VEH_4895,18,2026-08-30T08:05:51.606177,72.04,,45.95,1.896,13.21,12.04,1.17,38.0,0,NOMINAL
VEH_4895,19,2026-08-30T08:06:56.606177,76.45,,44.78,2.121,11.55,9.21,2.34,29.5,0,NOMINAL
VEH_4895,20,2026-08-30T08:08:01.606177,63.89,,46.84,2.484,9.15,6.8,2.35,31.0,0,NOMINAL
VEH_4895,21,2026-08-30T08:09:06.606177,65.84,,45.8,2.31,10.2,7.58,2.62,28.0,0,NOMINAL
VEH_4895,22,2026-08-30T08:10:11.606177,70.01,,45.16,2.285,10.71,8.36,2.35,29.5,0,NOMINAL
VEH_4895,23,2026-08-30T08:11:16.606177,74.44,,46.11,2.12,11.46,9.14,2.32,31.0,0,NOMINAL
VEH_4895,24,2026-08-30T08:12:21.606177,75.38,,46.77,2.394,9.94,7.11,2.83,28.0,0,NOMINAL
VEH_4895,25,2026-08-30T08:13:26.606177,66.0,,47.67,2.533,10.26,7.5,2.76,29.5,0,NOMINAL
VEH_4895,26,2026-08-30T08:14:31.606177,67.8,38.82,46.65,2.363,15.1,13.11,1.99,31.0,0,NOMINAL
VEH_4895,27,2026-08-30T08:15:36.606177,70.53,40.68,46.86,2.528,16.58,13.89,2.69,28.0,0,NOMINAL
VEH_4895,28,2026-08-30T08:16:41.606177,73.43,,48.96,2.621,9.98,7.04,2.94,29.5,0,NOMINAL
VEH_4895,29,2026-08-30T08:17:46.606177,74.77,,48.5,2.562,10.43,7.81,2.62,31.0,0,NOMINAL
VEH_4895,30,2026-08-30T08:18:51.606177,63.85,,50.75,2.474,11.58,8.2,3.38,28.0,0,NOMINAL
VEH_4896,1,2026-08-30T07:48:41.606177,69.36,41.23,38.26,1.657,17.78,17.21,0.57,34.3,0,NOMINAL
VEH_4896,2,2026-08-30T07:49:46.606177,69.01,42.44,38.4,1.675,18.68,18.09,0.59,34.6,0,NOMINAL
VEH_4896,3,2026-08-30T07:50:51.606177,73.77,,37.45,1.612,12.16,11.74,0.42,34.9,0,NOMINAL
VEH_4896,4,2026-08-30T07:51:56.606177,75.27,,38.2,1.598,13.07,12.61,0.46,35.2,0,NOMINAL
VEH_4896,5,2026-08-30T07:53:01.606177,64.22,,39.83,1.826,13.73,13.1,0.63,35.5,0,NOMINAL
VEH_4896,6,2026-08-30T07:54:06.606177,66.24,,39.62,2.169,12.12,11.58,0.54,35.8,0,NOMINAL
VEH_4896,7,2026-08-30T07:55:11.606177,68.09,41.37,39.23,1.817,17.63,17.29,0.34,36.1,0,NOMINAL
VEH_4896,8,2026-08-30T07:56:16.606177,75.08,40.31,40.41,1.938,18.65,18.17,0.48,36.4,0,NOMINAL
VEH_4896,9,2026-08-30T07:57:21.606177,74.6,,40.7,1.686,12.4,11.81,0.59,36.7,0,NOMINAL
VEH_4896,10,2026-08-30T07:58:26.606177,68.16,,40.07,1.834,12.86,12.3,0.56,37.0,0,NOMINAL
VEH_4896,11,2026-08-30T07:59:31.606177,67.39,,40.26,2.002,13.94,12.78,1.16,48.0,0,NOMINAL
VEH_4896,12,2026-08-30T08:00:36.606177,71.27,,41.72,1.989,11.14,10.16,0.98,48.0,0,NOMINAL
VEH_4896,13,2026-08-30T08:01:41.606177,71.66,,41.7,2.07,11.66,11.14,0.52,38.0,0,NOMINAL
VEH_4896,14,2026-08-30T08:02:46.606177,73.55,41.7,42.36,2.207,18.79,18.24,0.55,38.2,0,NOMINAL
VEH_4896,15,2026-08-30T08:03:51.606177,66.2,,43.73,2.247,13.6,12.7,0.9,38.0,0,NOMINAL
VEH_4896,16,2026-08-30T08:04:56.606177,67.49,,44.77,2.003,11.1,10.08,1.02,38.0,0,NOMINAL
VEH_4896,17,2026-08-30T08:06:01.606177,68.01,,43.29,2.051,13.5,11.06,2.44,60.0,0,NOMINAL
VEH_4896,18,2026-08-30T08:07:06.606177,73.37,,44.4,2.19,13.02,12.04,0.98,38.0,0,NOMINAL
VEH_4896,19,2026-08-30T08:08:11.606177,77.05,,45.55,2.433,11.68,9.21,2.47,29.5,0,NOMINAL
VEH_4896,20,2026-08-30T08:09:16.606177,64.14,,43.67,2.088,8.68,6.8,1.88,31.0,0,NOMINAL
VEH_4896,21,2026-08-30T08:10:21.606177,68.85,,44.91,2.215,10.16,7.58,2.58,28.0,0,NOMINAL
VEH_4896,22,2026-08-30T08:11:26.606177,69.56,,45.5,2.572,10.75,8.36,2.39,29.5,0,NOMINAL
VEH_4896,23,2026-08-30T08:12:31.606177,70.6,,45.49,2.399,11.25,9.14,2.11,31.0,0,NOMINAL
VEH_4896,24,2026-08-30T08:13:36.606177,75.13,,46.72,2.385,9.93,7.11,2.82,28.0,0,NOMINAL
VEH_4896,25,2026-08-30T08:14:41.606177,67.19,,48.79,2.385,10.47,7.5,2.97,29.5,0,NOMINAL
VEH_4896,26,2026-08-30T08:15:46.606177,66.55,42.38,46.86,2.366,15.5,13.11,2.39,31.0,0,NOMINAL
VEH_4896,27,2026-08-30T08:16:51.606177,71.13,42.6,48.08,2.261,17.0,13.89,3.11,28.0,0,NOMINAL
VEH_4896,28,2026-08-30T08:17:56.606177,71.86,,48.37,2.636,9.85,7.04,2.81,29.5,0,NOMINAL
VEH_4896,29,2026-08-30T08:19:01.606177,74.06,,48.77,2.305,10.45,7.81,2.64,31.0,0,NOMINAL
VEH_4896,30,2026-08-30T08:20:06.606177,64.42,,49.26,2.378,11.37,8.2,3.17,28.0,0,NOMINAL
VEH_4897,1,2026-08-30T07:49:56.606177,67.06,42.43,36.87,1.592,17.63,17.21,0.42,34.3,0,NOMINAL
VEH_4897,2,2026-08-30T07:51:01.606177,69.04,43.09,37.05,2.083,18.55,18.09,0.46,34.6,0,NOMINAL
VEH_4897,3,2026-08-30T07:52:06.606177,73.07,,38.6,1.85,12.31,11.74,0.57,34.9,0,NOMINAL
VEH_4897,4,2026-08-30T07:53:11.606177,78.18,,39.63,2.049,13.37,12.61,0.76,35.2,0,NOMINAL
VEH_4897,5,2026-08-30T07:54:16.606177,64.51,,38.52,2.119,13.54,13.1,0.44,35.5,0,NOMINAL
VEH_4897,6,2026-08-30T07:55:21.606177,66.3,,39.18,2.045,12.05,11.58,0.47,35.8,0,NOMINAL
VEH_4897,7,2026-08-30T07:56:26.606177,67.88,41.84,40.08,1.924,17.8,17.29,0.51,36.1,0,NOMINAL
VEH_4897,8,2026-08-30T07:57:31.606177,74.2,45.58,39.5,2.016,19.09,18.17,0.92,36.4,0,NOMINAL
VEH_4897,9,2026-08-30T07:58:36.606177,74.98,,40.46,2.049,12.38,11.81,0.57,36.7,0,NOMINAL
VEH_4897,10,2026-08-30T07:59:41.606177,65.18,,40.77,1.947,12.88,12.3,0.58,37.0,0,NOMINAL
VEH_4897,11,2026-08-30T08:00:46.606177,69.09,,42.21,1.994,13.7,12.78,0.92,48.0,0,NOMINAL
VEH_4897,12,2026-08-30T08:01:51.606177,69.51,,41.13,2.021,11.17,10.16,1.01,48.0,0,NOMINAL
VEH_4897,13,2026-08-30T08:02:56.606177,71.45,,41.36,1.924,11.61,11.14,0.47,38.0,0,NOMINAL
VEH_4897,14,2026-08-30T08:04:01.606177,75.26,40.32,42.58,2.135,18.71,18.24,0.47,38.2,0,NOMINAL
VEH_4897,15,2026-08-30T08:05:06.606177,66.52,,42.01,2.32,13.35,12.7,0.65,38.0,0,NOMINAL
VEH_4897,16,2026-08-30T08:06:11.606177,67.22,,44.3,2.105,11.02,10.08,0.94,38.0,0,NOMINAL
VEH_4897,17,2026-08-30T08:07:16.606177,69.88,,44.24,2.201,13.42,11.06,2.36,60.0,0,NOMINAL
VEH_4897,18,2026-08-30T08:08:21.606177,73.61,,44.68,2.163,13.07,12.04,1.03,38.0,0,NOMINAL
VEH_4897,19,2026-08-30T08:09:26.606177,72.73,,44.05,2.384,11.33,9.21,2.12,29.5,0,NOMINAL
VEH_4897,20,2026-08-30T08:10:31.606177,62.58,,43.81,2.425,8.65,6.8,1.85,31.0,0,NOMINAL
VEH_4897,21,2026-08-30T08:11:36.606177,65.89,,44.24,2.731,9.97,7.58,2.39,28.0,0,NOMINAL
VEH_4897,22,2026-08-30T08:12:41.606177,69.78,,46.3,2.41,10.87,8.36,2.51,29.5,0,NOMINAL
VEH_4897,23,2026-08-30T08:13:46.606177,72.54,,46.19,2.296,11.42,9.14,2.28,31.0,0,NOMINAL
VEH_4897,24,2026-08-30T08:14:51.606177,73.92,,46.0,2.604,9.78,7.11,2.67,28.0,0,NOMINAL
VEH_4897,25,2026-08-30T08:15:56.606177,62.6,,46.98,2.254,10.05,7.5,2.55,29.5,0,NOMINAL
VEH_4897,26,2026-08-30T08:17:01.606177,66.41,43.06,47.44,2.542,15.67,13.11,2.56,31.0,0,NOMINAL
VEH_4897,27,2026-08-30T08:18:06.606177,69.94,42.22,47.96,2.603,16.91,13.89,3.02,28.0,0,NOMINAL
VEH_4897,28,2026-08-30T08:19:11.606177,72.39,,48.58,2.452,9.89,7.04,2.85,29.5,0,NOMINAL
VEH_4897,29,2026-08-30T08:20:16.606177,73.23,,48.79,2.649,10.43,7.81,2.62,31.0,0,NOMINAL
VEH_4897,30,2026-08-30T08:21:21.606177,67.8,,50.74,2.62,11.7,8.2,3.5,28.0,0,NOMINAL
VEH_4898,1,2026-08-30T07:51:11.606177,67.54,41.86,36.71,1.82,17.56,17.21,0.35,34.3,0,NOMINAL
VEH_4898,2,2026-08-30T07:52:16.606177,70.48,42.9,37.46,1.93,18.64,18.09,0.55,34.6,0,NOMINAL
VEH_4898,3,2026-08-30T07:53:21.606177,73.73,,39.18,1.853,12.42,11.74,0.68,34.9,0,NOMINAL
VEH_4898,4,2026-08-30T07:54:26.606177,76.32,,39.46,1.843,13.29,12.61,0.68,35.2,0,NOMINAL
VEH_4898,5,2026-08-30T07:55:31.606177,65.5,,40.18,1.627,13.82,13.1,0.72,35.5,0,NOMINAL
VEH_4898,6,2026-08-30T07:56:36.606177,66.48,,39.16,1.625,12.05,11.58,0.47,35.8,0,NOMINAL
VEH_4898,7,2026-08-30T07:57:41.606177,70.52,40.74,40.83,1.812,17.87,17.29,0.58,36.1,0,NOMINAL
VEH_4898,8,2026-08-30T07:58:46.606177,72.42,41.07,41.5,1.959,18.82,18.17,0.65,36.4,0,NOMINAL
VEH_4898,9,2026-08-30T07:59:51.606177,75.83,,40.39,2.002,12.39,11.81,0.58,36.7,0,NOMINAL
VEH_4898,10,2026-08-30T08:00:56.606177,63.96,,40.73,1.995,12.83,12.3,0.53,37.0,0,NOMINAL
VEH_4898,11,2026-08-30T08:02:01.606177,66.76,,41.39,1.958,13.75,12.78,0.97,48.0,0,NOMINAL
VEH_4898,12,2026-08-30T08:03:06.606177,68.8,,41.71,2.252,11.06,10.16,0.9,48.0,0,NOMINAL
VEH_4898,13,2026-08-30T08:04:11.606177,71.78,,41.77,2.127,11.68,11.14,0.54,38.0,0,NOMINAL
VEH_4898,14,2026-08-30T08:05:16.606177,75.77,42.36,43.1,2.097,19.04,18.24,0.8,38.2,0,NOMINAL
VEH_4898,15,2026-08-30T08:06:21.606177,63.07,,42.07,2.25,13.25,12.7,0.55,38.0,0,NOMINAL
VEH_4898,16,2026-08-30T08:07:26.606177,67.57,,45.22,2.201,11.17,10.08,1.09,38.0,0,NOMINAL
VEH_4898,17,2026-08-30T08:08:31.606177,71.07,,44.42,2.241,13.43,11.06,2.37,60.0,0,NOMINAL
VEH_4898,18,2026-08-30T08:09:36.606177,72.33,,46.79,2.286,13.35,12.04,1.31,38.0,0,NOMINAL
VEH_4898,19,2026-08-30T08:10:41.606177,74.71,,44.94,2.183,11.52,9.21,2.31,29.5,0,NOMINAL
VEH_4898,20,2026-08-30T08:11:46.606177,64.21,,46.05,2.468,9.04,6.8,2.24,31.0,0,NOMINAL
VEH_4898,21,2026-08-30T08:12:51.606177,69.07,,44.37,2.261,10.08,7.58,2.5,28.0,0,NOMINAL
VEH_4898,22,2026-08-30T08:13:56.606177,70.14,,44.98,2.433,10.68,8.36,2.32,29.5,0,NOMINAL
VEH_4898,23,2026-08-30T08:15:01.606177,71.13,,45.25,2.442,11.23,9.14,2.09,31.0,0,NOMINAL
VEH_4898,24,2026-08-30T08:16:06.606177,77.47,,46.27,2.456,9.93,7.11,2.82,28.0,0,NOMINAL
VEH_4898,25,2026-08-30T08:17:11.606177,65.54,,45.69,2.527,9.95,7.5,2.45,29.5,0,NOMINAL
VEH_4898,26,2026-08-30T08:18:16.606177,68.49,41.59,48.62,2.408,15.74,13.11,2.63,31.0,0,NOMINAL
VEH_4898,27,2026-08-30T08:19:21.606177,72.67,43.47,48.65,2.3,17.24,13.89,3.35,28.0,0,NOMINAL
VEH_4898,28,2026-08-30T08:20:26.606177,72.28,,48.39,2.436,9.86,7.04,2.82,29.5,0,NOMINAL
VEH_4898,29,2026-08-30T08:21:31.606177,76.69,,47.65,2.631,10.36,7.81,2.55,31.0,0,NOMINAL
VEH_4898,30,2026-08-30T08:22:36.606177,63.19,,50.2,2.417,11.48,8.2,3.28,28.0,0,NOMINAL
VEH_4899,1,2026-08-30T07:52:26.606177,67.79,39.01,37.17,1.617,17.31,17.21,0.1,34.3,0,NOMINAL
VEH_4899,2,2026-08-30T07:53:31.606177,70.14,37.47,36.81,1.577,18.09,18.09,0.0,34.6,0,NOMINAL
VEH_4899,3,2026-08-30T07:54:36.606177,72.25,,38.71,1.587,12.3,11.74,0.56,34.9,0,NOMINAL
VEH_4899,4,2026-08-30T07:55:41.606177,75.96,,39.97,1.984,13.36,12.61,0.75,35.2,0,NOMINAL
VEH_4899,5,2026-08-30T07:56:46.606177,64.83,,39.12,1.747,13.64,13.1,0.54,35.5,0,NOMINAL
VEH_4899,6,2026-08-30T07:57:51.606177,66.71,,39.11,1.957,12.05,11.58,0.47,35.8,0,NOMINAL
VEH_4899,7,2026-08-30T07:58:56.606177,69.34,37.03,40.96,1.705,17.43,17.29,0.14,36.1,0,NOMINAL
VEH_4899,8,2026-08-30T08:00:01.606177,72.18,38.87,39.89,1.91,18.32,18.17,0.15,36.4,0,NOMINAL
VEH_4899,9,2026-08-30T08:01:06.606177,72.67,,40.73,1.917,12.35,11.81,0.54,36.7,0,NOMINAL
VEH_4899,10,2026-08-30T08:02:11.606177,66.07,,41.72,2.115,13.05,12.3,0.75,37.0,0,NOMINAL
VEH_4899,11,2026-08-30T08:03:16.606177,66.67,,41.62,1.808,13.71,12.78,0.93,48.0,0,NOMINAL
VEH_4899,12,2026-08-30T08:04:21.606177,67.99,,41.92,1.904,11.01,10.16,0.85,48.0,0,NOMINAL
VEH_4899,13,2026-08-30T08:05:26.606177,73.45,,40.0,2.037,11.46,11.14,0.32,38.0,0,NOMINAL
VEH_4899,14,2026-08-30T08:06:31.606177,75.02,38.29,42.84,2.009,18.51,18.24,0.27,38.2,0,NOMINAL
VEH_4899,15,2026-08-30T08:07:36.606177,63.52,,44.63,1.954,13.65,12.7,0.95,38.0,0,NOMINAL
VEH_4899,16,2026-08-30T08:08:41.606177,66.65,,43.31,2.379,10.85,10.08,0.77,38.0,0,NOMINAL
VEH_4899,17,2026-08-30T08:09:46.606177,70.06,,43.54,1.997,13.53,11.06,2.47,60.0,0,NOMINAL
VEH_4899,18,2026-08-30T08:10:51.606177,72.98,,44.84,2.168,13.08,12.04,1.04,38.0,0,NOMINAL
VEH_4899,19,2026-08-30T08:11:56.606177,76.01,,46.18,1.802,11.75,9.21,2.54,29.5,0,NOMINAL
VEH_4899,20,2026-08-30T08:13:01.606177,67.27,,46.13,1.842,9.14,6.8,2.34,31.0,0,NOMINAL
VEH_4899,21,2026-08-30T08:14:06.606177,67.48,,46.27,2.199,10.32,7.58,2.74,28.0,0,NOMINAL
VEH_4899,22,2026-08-30T08:15:11.606177,71.47,,46.99,2.04,11.03,8.36,2.67,29.5,0,NOMINAL
VEH_4899,23,2026-08-30T08:16:16.606177,73.55,,46.28,2.286,11.46,9.14,2.32,31.0,0,NOMINAL
VEH_4899,24,2026-08-30T08:17:21.606177,73.79,,46.58,2.399,9.86,7.11,2.75,28.0,0,NOMINAL
VEH_4899,25,2026-08-30T08:18:26.606177,64.6,,46.37,2.187,10.02,7.5,2.52,29.5,0,NOMINAL
VEH_4899,26,2026-08-30T08:19:31.606177,68.23,40.62,49.46,2.509,15.74,13.11,2.63,31.0,0,NOMINAL
VEH_4899,27,2026-08-30T08:20:36.606177,71.46,39.54,47.54,2.331,16.58,13.89,2.69,28.0,0,NOMINAL
VEH_4899,28,2026-08-30T08:21:41.606177,73.08,,48.03,2.05,9.83,7.04,2.79,29.5,0,NOMINAL
VEH_4899,29,2026-08-30T08:22:46.606177,76.89,,49.25,2.539,10.61,7.81,2.8,31.0,0,NOMINAL
VEH_4899,30,2026-08-30T08:23:51.606177,64.82,,49.42,2.296,11.41,8.2,3.21,28.0,0,NOMINAL
VEH_4900,1,2026-08-30T07:53:41.606177,67.42,42.01,37.73,2.075,17.72,17.21,0.51,34.3,0,NOMINAL
VEH_4900,2,2026-08-30T07:54:46.606177,68.85,43.2,37.1,1.877,18.57,18.09,0.48,34.6,0,NOMINAL
VEH_4900,3,2026-08-30T07:55:51.606177,72.89,,38.2,1.782,12.24,11.74,0.5,34.9,0,NOMINAL
VEH_4900,4,2026-08-30T07:56:56.606177,76.75,,38.88,1.983,13.22,12.61,0.61,35.2,0,NOMINAL
VEH_4900,5,2026-08-30T07:58:01.606177,63.47,,40.44,2.094,13.8,13.1,0.7,35.5,0,NOMINAL
VEH_4900,6,2026-08-30T07:59:06.606177,67.17,,39.55,2.224,12.13,11.58,0.55,35.8,0,NOMINAL
VEH_4900,7,2026-08-30T08:00:11.606177,70.01,44.03,39.75,2.033,18.07,17.29,0.78,36.1,0,NOMINAL
VEH_4900,8,2026-08-30T08:01:16.606177,72.42,43.32,40.65,2.388,18.95,18.17,0.78,36.4,0,NOMINAL
VEH_4900,9,2026-08-30T08:02:21.606177,74.68,,40.77,2.061,12.41,11.81,0.6,36.7,0,NOMINAL
VEH_4900,10,2026-08-30T08:03:26.606177,65.53,,40.77,2.197,12.89,12.3,0.59,37.0,0,NOMINAL
VEH_4900,11,2026-08-30T08:04:31.606177,67.65,,42.02,2.352,13.68,12.78,0.9,48.0,0,NOMINAL
VEH_4900,12,2026-08-30T08:05:36.606177,68.52,,41.63,1.914,11.07,10.16,0.91,48.0,0,NOMINAL
VEH_4900,13,2026-08-30T08:06:41.606177,70.65,,43.58,2.483,11.92,11.14,0.78,38.0,0,NOMINAL
VEH_4900,14,2026-08-30T08:07:46.606177,73.73,43.63,42.5,2.502,19.04,18.24,0.8,38.2,0,NOMINAL
VEH_4900,15,2026-08-30T08:08:51.606177,63.75,,43.38,2.161,13.47,12.7,0.77,38.0,0,NOMINAL
VEH_4900,16,2026-08-30T08:09:56.606177,68.93,,43.58,2.16,10.96,10.08,0.88,38.0,0,NOMINAL
VEH_4900,17,2026-08-30T08:11:01.606177,70.3,,44.1,2.201,13.45,11.06,2.39,60.0,0,NOMINAL
VEH_4900,18,2026-08-30T08:12:06.606177,74.95,,43.79,2.58,12.98,12.04,0.94,38.0,0,NOMINAL
VEH_4900,19,2026-08-30T08:13:11.606177,76.49,,45.53,2.301,11.66,9.21,2.45,29.5,0,NOMINAL
VEH_4900,20,2026-08-30T08:14:16.606177,66.13,,45.02,2.651,8.94,6.8,2.14,31.0,0,NOMINAL
VEH_4900,21,2026-08-30T08:15:21.606177,68.07,,45.84,2.304,10.27,7.58,2.69,28.0,0,NOMINAL
VEH_4900,22,2026-08-30T08:16:26.606177,69.66,,46.61,2.475,10.91,8.36,2.55,29.5,0,NOMINAL
VEH_4900,23,2026-08-30T08:17:31.606177,72.84,,45.85,2.402,11.37,9.14,2.23,31.0,0,NOMINAL
VEH_4900,24,2026-08-30T08:18:36.606177,76.78,,47.78,2.436,10.14,7.11,3.03,28.0,0,NOMINAL
VEH_4900,25,2026-08-30T08:19:41.606177,65.65,,47.03,2.289,10.15,7.5,2.65,29.5,0,NOMINAL
VEH_4900,26,2026-08-30T08:20:46.606177,67.98,44.32,46.8,2.679,15.76,13.11,2.65,31.0,0,NOMINAL
VEH_4900,27,2026-08-30T08:21:51.606177,70.36,44.53,48.51,2.381,17.27,13.89,3.38,28.0,0,NOMINAL
VEH_4900,28,2026-08-30T08:22:56.606177,73.01,,47.84,2.448,9.8,7.04,2.76,29.5,0,NOMINAL
VEH_4900,29,2026-08-30T08:24:01.606177,73.98,,49.71,2.738,10.59,7.81,2.78,31.0,0,NOMINAL
VEH_4900,30,2026-08-30T08:25:06.606177,65.35,,48.49,2.906,11.29,8.2,3.09,28.0,0,NOMINAL
VEH_4901,1,2026-08-30T07:54:56.606177,68.04,41.85,38.16,1.747,17.79,17.21,0.58,34.3,0,NOMINAL
VEH_4901,2,2026-08-30T07:56:01.606177,69.67,41.13,39.22,1.851,18.67,18.09,0.58,34.6,0,NOMINAL
VEH_4901,3,2026-08-30T07:57:06.606177,72.01,,37.31,1.853,12.08,11.74,0.34,34.9,0,NOMINAL
VEH_4901,4,2026-08-30T07:58:11.606177,75.33,,39.35,1.761,13.25,12.61,0.64,35.2,0,NOMINAL
VEH_4901,5,2026-08-30T07:59:16.606177,62.41,,40.9,1.691,13.83,13.1,0.73,35.5,0,NOMINAL
VEH_4901,6,2026-08-30T08:00:21.606177,70.53,,40.62,1.479,12.4,11.58,0.82,35.8,0,NOMINAL
VEH_4901,7,2026-08-30T08:01:26.606177,69.79,41.21,38.97,1.819,17.62,17.29,0.33,36.1,0,NOMINAL
VEH_4901,8,2026-08-30T08:02:31.606177,71.7,40.32,40.79,1.923,18.61,18.17,0.44,36.4,0,NOMINAL
VEH_4901,9,2026-08-30T08:03:36.606177,72.53,,40.64,1.998,12.33,11.81,0.52,36.7,0,NOMINAL
VEH_4901,10,2026-08-30T08:04:41.606177,64.86,,41.86,2.004,13.03,12.3,0.73,37.0,0,NOMINAL
VEH_4901,11,2026-08-30T08:05:46.606177,67.09,,43.07,1.935,13.51,12.78,0.73,48.0,0,NOMINAL
VEH_4901,12,2026-08-30T08:06:51.606177,71.04,,42.16,1.971,11.07,10.16,0.91,48.0,0,NOMINAL
VEH_4901,13,2026-08-30T08:07:56.606177,73.99,,41.75,1.921,11.74,11.14,0.6,38.0,0,NOMINAL
VEH_4901,14,2026-08-30T08:09:01.606177,73.75,40.51,42.72,2.082,18.71,18.24,0.47,38.2,0,NOMINAL
VEH_4901,15,2026-08-30T08:10:06.606177,64.54,,45.17,2.263,13.77,12.7,1.07,38.0,0,NOMINAL
VEH_4901,16,2026-08-30T08:11:11.606177,68.57,,43.79,2.055,10.98,10.08,0.9,38.0,0,NOMINAL
VEH_4901,17,2026-08-30T08:12:16.606177,71.68,,42.88,2.05,13.68,11.06,2.62,60.0,0,NOMINAL
VEH_4901,18,2026-08-30T08:13:21.606177,72.46,,43.54,2.4,12.86,12.04,0.82,38.0,0,NOMINAL
VEH_4901,19,2026-08-30T08:14:26.606177,74.94,,45.17,2.237,11.56,9.21,2.35,29.5,0,NOMINAL
VEH_4901,20,2026-08-30T08:15:31.606177,64.83,,44.52,2.302,8.83,6.8,2.03,31.0,0,NOMINAL
VEH_4901,21,2026-08-30T08:16:36.606177,67.0,,45.74,2.242,10.23,7.58,2.65,28.0,0,NOMINAL
VEH_4901,22,2026-08-30T08:17:41.606177,68.03,,45.24,2.233,10.66,8.36,2.3,29.5,0,NOMINAL
VEH_4901,23,2026-08-30T08:18:46.606177,72.46,,46.53,2.266,11.46,9.14,2.32,31.0,0,NOMINAL
VEH_4901,24,2026-08-30T08:19:51.606177,74.98,,47.81,2.157,10.08,7.11,2.97,28.0,0,NOMINAL
VEH_4901,25,2026-08-30T08:20:56.606177,66.03,,48.21,2.368,10.34,7.5,2.84,29.5,0,NOMINAL
VEH_4901,26,2026-08-30T08:22:01.606177,67.11,41.32,47.29,2.437,15.47,13.11,2.36,31.0,0,NOMINAL
VEH_4901,27,2026-08-30T08:23:06.606177,69.73,40.16,48.11,2.554,16.69,13.89,2.8,28.0,0,NOMINAL
VEH_4901,28,2026-08-30T08:24:11.606177,72.13,,49.49,2.456,10.02,7.04,2.98,29.5,0,NOMINAL
VEH_4901,29,2026-08-30T08:25:16.606177,76.03,,47.4,2.611,10.3,7.81,2.49,31.0,0,NOMINAL
VEH_4901,30,2026-08-30T08:26:21.606177,63.24,,49.09,2.523,11.31,8.2,3.11,28.0,0,NOMINAL
VEH_4902,1,2026-08-30T07:56:11.606177,68.06,40.25,38.27,1.743,17.62,17.21,0.41,34.3,0,NOMINAL
VEH_4902,2,2026-08-30T07:57:16.606177,69.15,40.51,38.43,2.025,18.47,18.09,0.38,34.6,0,NOMINAL
VEH_4902,3,2026-08-30T07:58:21.606177,71.65,,40.48,2.222,12.55,11.74,0.81,34.9,0,NOMINAL
VEH_4902,4,2026-08-30T07:59:26.606177,76.59,,38.73,1.949,13.19,12.61,0.58,35.2,0,NOMINAL
VEH_4902,5,2026-08-30T08:00:31.606177,67.35,,39.26,2.084,13.74,13.1,0.64,35.5,0,NOMINAL
VEH_4902,6,2026-08-30T08:01:36.606177,66.75,,40.38,1.915,12.24,11.58,0.66,35.8,0,NOMINAL
VEH_4902,7,2026-08-30T08:02:41.606177,71.24,40.03,39.52,1.597,17.61,17.29,0.32,36.1,0,NOMINAL
VEH_4902,8,2026-08-30T08:03:46.606177,71.92,43.17,40.12,1.973,18.84,18.17,0.67,36.4,0,NOMINAL
VEH_4902,9,2026-08-30T08:04:51.606177,72.69,,41.68,2.116,12.49,11.81,0.68,36.7,0,NOMINAL
VEH_4902,10,2026-08-30T08:05:56.606177,64.39,,40.47,1.941,12.81,12.3,0.51,37.0,0,NOMINAL
VEH_4902,11,2026-08-30T08:07:01.606177,66.64,,42.2,2.138,13.62,12.78,0.84,48.0,0,NOMINAL
VEH_4902,12,2026-08-30T08:08:06.606177,68.14,,41.24,1.881,11.12,10.16,0.96,48.0,0,NOMINAL
VEH_4902,13,2026-08-30T08:09:11.606177,72.76,,41.65,2.249,11.69,11.14,0.55,38.0,0,NOMINAL
VEH_4902,14,2026-08-30T08:10:16.606177,75.86,42.86,42.69,2.09,19.04,18.24,0.8,38.2,0,NOMINAL
VEH_4902,15,2026-08-30T08:11:21.606177,64.92,,43.54,2.442,13.53,12.7,0.83,38.0,0,NOMINAL
VEH_4902,16,2026-08-30T08:12:26.606177,68.63,,44.28,2.009,11.06,10.08,0.98,38.0,0,NOMINAL
VEH_4902,17,2026-08-30T08:13:31.606177,71.08,,44.27,2.331,13.45,11.06,2.39,60.0,0,NOMINAL
VEH_4902,18,2026-08-30T08:14:36.606177,70.07,,45.32,2.277,13.06,12.04,1.02,38.0,0,NOMINAL
VEH_4902,19,2026-08-30T08:15:41.606177,74.1,,44.35,2.522,11.41,9.21,2.2,29.5,0,NOMINAL
VEH_4902,20,2026-08-30T08:16:46.606177,64.81,,45.39,2.488,8.96,6.8,2.16,31.0,0,NOMINAL
VEH_4902,21,2026-08-30T08:17:51.606177,66.85,,47.08,2.231,10.42,7.58,2.84,28.0,0,NOMINAL
VEH_4902,22,2026-08-30T08:18:56.606177,69.43,,47.23,2.676,11.0,8.36,2.64,29.5,0,NOMINAL
VEH_4902,23,2026-08-30T08:20:01.606177,71.04,,46.79,2.321,11.46,9.14,2.32,31.0,0,NOMINAL
VEH_4902,24,2026-08-30T08:21:06.606177,77.24,,47.53,2.595,10.11,7.11,3.0,28.0,0,NOMINAL
VEH_4902,25,2026-08-30T08:22:11.606177,64.17,,47.41,2.421,10.17,7.5,2.67,29.5,0,NOMINAL
VEH_4902,26,2026-08-30T08:23:16.606177,70.01,40.73,48.16,2.463,15.62,13.11,2.51,31.0,0,NOMINAL
VEH_4902,27,2026-08-30T08:24:21.606177,68.66,42.12,47.84,2.537,16.84,13.89,2.95,28.0,0,NOMINAL
VEH_4902,28,2026-08-30T08:25:26.606177,74.65,,47.56,2.607,9.81,7.04,2.77,29.5,0,NOMINAL
VEH_4902,29,2026-08-30T08:26:31.606177,73.42,,49.46,2.536,10.53,7.81,2.72,31.0,0,NOMINAL
VEH_4902,30,2026-08-30T08:27:36.606177,65.52,,48.25,2.752,11.26,8.2,3.06,28.0,0,NOMINAL
VEH_4903,1,2026-08-30T07:57:26.606177,66.16,41.72,36.86,1.396,17.52,17.21,0.31,34.3,0,NOMINAL
VEH_4903,2,2026-08-30T07:58:31.606177,68.54,41.81,37.83,1.74,18.51,18.09,0.42,34.6,0,NOMINAL
VEH_4903,3,2026-08-30T07:59:36.606177,73.0,,38.17,1.838,12.24,11.74,0.5,34.9,0,NOMINAL
VEH_4903,4,2026-08-30T08:00:41.606177,75.35,,39.88,1.597,13.33,12.61,0.72,35.2,0,NOMINAL
VEH_4903,5,2026-08-30T08:01:46.606177,66.38,,38.07,1.916,13.53,13.1,0.43,35.5,0,NOMINAL
VEH_4903,6,2026-08-30T08:02:51.606177,67.72,,40.66,1.711,12.32,11.58,0.74,35.8,0,NOMINAL
VEH_4903,7,2026-08-30T08:03:56.606177,68.91,42.39,40.07,2.049,17.9,17.29,0.61,36.1,0,NOMINAL
VEH_4903,8,2026-08-30T08:05:01.606177,73.02,41.01,39.92,1.886,18.6,18.17,0.43,36.4,0,NOMINAL
VEH_4903,9,2026-08-30T08:06:06.606177,74.95,,40.93,2.041,12.45,11.81,0.64,36.7,0,NOMINAL
VEH_4903,10,2026-08-30T08:07:11.606177,64.65,,40.29,1.889,12.79,12.3,0.49,37.0,0,NOMINAL
VEH_4903,11,2026-08-30T08:08:16.606177,68.72,,42.22,2.101,13.69,12.78,0.91,48.0,0,NOMINAL
VEH_4903,12,2026-08-30T08:09:21.606177,68.6,,42.1,2.209,11.0,10.16,0.84,48.0,0,NOMINAL
VEH_4903,13,2026-08-30T08:10:26.606177,70.34,,42.06,2.073,11.68,11.14,0.54,38.0,0,NOMINAL
VEH_4903,14,2026-08-30T08:11:31.606177,75.48,40.76,42.0,2.028,18.68,18.24,0.44,38.2,0,NOMINAL
VEH_4903,15,2026-08-30T08:12:36.606177,66.32,,44.96,2.204,13.79,12.7,1.09,38.0,0,NOMINAL
VEH_4903,16,2026-08-30T08:13:41.606177,67.16,,43.84,2.152,10.95,10.08,0.87,38.0,0,NOMINAL
VEH_4903,17,2026-08-30T08:14:46.606177,70.76,,44.05,2.356,13.47,11.06,2.41,60.0,0,NOMINAL
VEH_4903,18,2026-08-30T08:15:51.606177,74.32,,44.43,2.117,13.06,12.04,1.02,38.0,0,NOMINAL
VEH_4903,19,2026-08-30T08:16:56.606177,75.86,,44.67,2.008,11.52,9.21,2.31,29.5,0,NOMINAL
VEH_4903,20,2026-08-30T08:18:01.606177,66.26,,44.65,2.254,8.89,6.8,2.09,31.0,0,NOMINAL
VEH_4903,21,2026-08-30T08:19:06.606177,68.54,,45.92,2.374,10.3,7.58,2.72,28.0,0,NOMINAL
VEH_4903,22,2026-08-30T08:20:11.606177,69.44,,46.09,2.408,10.83,8.36,2.47,29.5,0,NOMINAL
VEH_4903,23,2026-08-30T08:21:16.606177,71.97,,47.27,2.195,11.56,9.14,2.42,31.0,0,NOMINAL
VEH_4903,24,2026-08-30T08:22:21.606177,76.76,,46.32,2.661,9.91,7.11,2.8,28.0,0,NOMINAL
VEH_4903,25,2026-08-30T08:23:26.606177,66.35,,46.69,2.643,10.13,7.5,2.63,29.5,0,NOMINAL
VEH_4903,26,2026-08-30T08:24:31.606177,65.78,39.63,48.51,2.738,15.41,13.11,2.3,31.0,0,NOMINAL
VEH_4903,27,2026-08-30T08:25:36.606177,68.53,42.37,47.59,2.657,16.82,13.89,2.93,28.0,0,NOMINAL
VEH_4903,28,2026-08-30T08:26:41.606177,72.63,,48.02,2.535,9.82,7.04,2.78,29.5,0,NOMINAL
VEH_4903,29,2026-08-30T08:27:46.606177,75.16,,49.51,2.66,10.59,7.81,2.78,31.0,0,NOMINAL
VEH_4903,30,2026-08-30T08:28:51.606177,65.27,,49.77,2.842,11.48,8.2,3.28,28.0,0,NOMINAL
VEH_4904,1,2026-08-30T07:58:41.606177,68.12,44.64,36.87,1.844,17.92,17.21,0.71,34.3,0,NOMINAL
VEH_4904,2,2026-08-30T07:59:46.606177,70.93,43.68,38.38,1.856,18.88,18.09,0.79,34.6,0,NOMINAL
VEH_4904,3,2026-08-30T08:00:51.606177,72.01,,37.69,2.123,12.14,11.74,0.4,34.9,0,NOMINAL
VEH_4904,4,2026-08-30T08:01:56.606177,74.57,,38.51,1.793,13.1,12.61,0.49,35.2,0,NOMINAL
VEH_4904,5,2026-08-30T08:03:01.606177,67.24,,39.14,1.604,13.72,13.1,0.62,35.5,0,NOMINAL
VEH_4904,6,2026-08-30T08:04:06.606177,67.22,,39.48,1.911,12.12,11.58,0.54,35.8,0,NOMINAL
VEH_4904,7,2026-08-30T08:05:11.606177,70.0,45.42,39.4,2.053,18.18,17.29,0.89,36.1,0,NOMINAL
VEH_4904,8,2026-08-30T08:06:16.606177,71.83,44.86,40.84,2.181,19.14,18.17,0.97,36.4,0,NOMINAL
VEH_4904,9,2026-08-30T08:07:21.606177,75.13,,39.37,2.159,12.22,11.81,0.41,36.7,0,NOMINAL
VEH_4904,10,2026-08-30T08:08:26.606177,64.23,,42.1,1.853,13.05,12.3,0.75,37.0,0,NOMINAL
VEH_4904,11,2026-08-30T08:09:31.606177,69.56,,41.68,2.208,13.79,12.78,1.01,48.0,0,NOMINAL
VEH_4904,12,2026-08-30T08:10:36.606177,72.14,,41.3,2.321,11.23,10.16,1.07,48.0,0,NOMINAL
VEH_4904,13,2026-08-30T08:11:41.606177,72.52,,42.97,2.191,11.88,11.14,0.74,38.0,0,NOMINAL
VEH_4904,14,2026-08-30T08:12:46.606177,74.43,44.53,42.72,2.347,19.19,18.24,0.95,38.2,0,NOMINAL
VEH_4904,15,2026-08-30T08:13:51.606177,66.56,,42.57,2.221,13.44,12.7,0.74,38.0,0,NOMINAL
VEH_4904,16,2026-08-30T08:14:56.606177,68.14,,42.83,2.274,10.82,10.08,0.74,38.0,0,NOMINAL
VEH_4904,17,2026-08-30T08:16:01.606177,68.69,,42.83,2.287,13.59,11.06,2.53,60.0,0,NOMINAL
VEH_4904,18,2026-08-30T08:17:06.606177,72.41,,44.55,2.456,13.01,12.04,0.97,38.0,0,NOMINAL
VEH_4904,19,2026-08-30T08:18:11.606177,74.86,,43.89,2.372,11.37,9.21,2.16,29.5,0,NOMINAL
VEH_4904,20,2026-08-30T08:19:16.606177,63.67,,44.06,2.501,8.72,6.8,1.92,31.0,0,NOMINAL
VEH_4904,21,2026-08-30T08:20:21.606177,68.87,,47.09,2.27,10.49,7.58,2.91,28.0,0,NOMINAL
VEH_4904,22,2026-08-30T08:21:26.606177,69.89,,45.97,2.637,10.83,8.36,2.47,29.5,0,NOMINAL
VEH_4904,23,2026-08-30T08:22:31.606177,70.98,,45.76,2.574,11.3,9.14,2.16,31.0,0,NOMINAL
VEH_4904,24,2026-08-30T08:23:36.606177,76.32,,47.44,2.34,10.07,7.11,2.96,28.0,0,NOMINAL
VEH_4904,25,2026-08-30T08:24:41.606177,64.01,,46.54,2.361,10.03,7.5,2.53,29.5,0,NOMINAL
VEH_4904,26,2026-08-30T08:25:46.606177,69.13,43.38,47.96,2.638,15.87,13.11,2.76,31.0,0,NOMINAL
VEH_4904,27,2026-08-30T08:26:51.606177,71.71,43.11,47.99,2.735,17.07,13.89,3.18,28.0,0,NOMINAL
VEH_4904,28,2026-08-30T08:27:56.606177,72.31,,49.27,2.662,10.0,7.04,2.96,29.5,0,NOMINAL
VEH_4904,29,2026-08-30T08:29:01.606177,75.66,,49.09,3.029,10.55,7.81,2.74,31.0,0,NOMINAL
VEH_4904,30,2026-08-30T08:30:06.606177,63.64,,49.27,2.757,11.35,8.2,3.15,28.0,0,NOMINAL
VEH_4905,1,2026-08-30T07:59:56.606177,67.26,41.13,36.83,1.636,17.48,17.21,0.27,34.3,0,NOMINAL
VEH_4905,2,2026-08-30T08:01:01.606177,69.11,42.81,38.99,1.717,18.81,18.09,0.72,34.6,0,NOMINAL
VEH_4905,3,2026-08-30T08:02:06.606177,70.64,,38.05,1.923,12.15,11.74,0.41,34.9,0,NOMINAL
VEH_4905,4,2026-08-30T08:03:11.606177,73.41,,39.41,1.86,13.19,12.61,0.58,35.2,0,NOMINAL
VEH_4905,5,2026-08-30T08:04:16.606177,66.66,,39.81,1.754,13.8,13.1,0.7,35.5,0,NOMINAL
VEH_4905,6,2026-08-30T08:05:21.606177,68.42,,41.62,1.95,12.48,11.58,0.9,35.8,0,NOMINAL
VEH_4905,7,2026-08-30T08:06:26.606177,70.88,41.51,39.94,1.842,17.83,17.29,0.54,36.1,0,NOMINAL
VEH_4905,8,2026-08-30T08:07:31.606177,73.89,42.66,41.17,1.96,19.0,18.17,0.83,36.4,0,NOMINAL
VEH_4905,9,2026-08-30T08:08:36.606177,73.97,,40.12,1.989,12.29,11.81,0.48,36.7,0,NOMINAL
VEH_4905,10,2026-08-30T08:09:41.606177,65.61,,41.17,2.062,12.95,12.3,0.65,37.0,0,NOMINAL
VEH_4905,11,2026-08-30T08:10:46.606177,65.42,,42.8,2.224,13.5,12.78,0.72,48.0,0,NOMINAL
VEH_4905,12,2026-08-30T08:11:51.606177,67.24,,41.91,2.258,10.99,10.16,0.83,48.0,0,NOMINAL
VEH_4905,13,2026-08-30T08:12:56.606177,72.34,,43.18,2.128,11.91,11.14,0.77,38.0,0,NOMINAL
VEH_4905,14,2026-08-30T08:14:01.606177,75.11,41.63,42.35,1.939,18.83,18.24,0.59,38.2,0,NOMINAL
VEH_4905,15,2026-08-30T08:15:06.606177,67.65,,42.58,2.203,13.47,12.7,0.77,38.0,0,NOMINAL
VEH_4905,16,2026-08-30T08:16:11.606177,65.63,,42.95,2.192,10.77,10.08,0.69,38.0,0,NOMINAL
VEH_4905,17,2026-08-30T08:17:16.606177,68.61,,43.31,2.277,13.52,11.06,2.46,60.0,0,NOMINAL
VEH_4905,18,2026-08-30T08:18:21.606177,72.38,,45.21,2.308,13.11,12.04,1.07,38.0,0,NOMINAL
VEH_4905,19,2026-08-30T08:19:26.606177,76.39,,45.15,2.28,11.6,9.21,2.39,29.5,0,NOMINAL
VEH_4905,20,2026-08-30T08:20:31.606177,66.43,,45.31,2.385,8.99,6.8,2.19,31.0,0,NOMINAL
VEH_4905,21,2026-08-30T08:21:36.606177,65.87,,44.17,2.221,9.96,7.58,2.38,28.0,0,NOMINAL
VEH_4905,22,2026-08-30T08:22:41.606177,68.62,,46.53,2.055,10.87,8.36,2.51,29.5,0,NOMINAL
VEH_4905,23,2026-08-30T08:23:46.606177,70.09,,46.87,2.28,11.44,9.14,2.3,31.0,0,NOMINAL
VEH_4905,24,2026-08-30T08:24:51.606177,75.07,,47.38,2.48,10.02,7.11,2.91,28.0,0,NOMINAL
VEH_4905,25,2026-08-30T08:25:56.606177,64.8,,46.79,2.476,10.09,7.5,2.59,29.5,0,NOMINAL
VEH_4905,26,2026-08-30T08:27:01.606177,67.33,40.72,48.05,2.374,15.52,13.11,2.41,31.0,0,NOMINAL
VEH_4905,27,2026-08-30T08:28:06.606177,69.32,41.32,48.86,2.349,16.92,13.89,3.03,28.0,0,NOMINAL
VEH_4905,28,2026-08-30T08:29:11.606177,70.99,,48.73,2.297,9.87,7.04,2.83,29.5,0,NOMINAL
VEH_4905,29,2026-08-30T08:30:16.606177,72.05,,47.68,2.579,10.22,7.81,2.41,31.0,0,NOMINAL
VEH_4905,30,2026-08-30T08:31:21.606177,66.22,,49.45,2.893,11.46,8.2,3.26,28.0,0,NOMINAL
VEH_4906,1,2026-08-30T08:01:11.606177,69.23,38.88,37.28,1.614,17.35,17.21,0.14,34.3,0,NOMINAL
VEH_4906,2,2026-08-30T08:02:16.606177,68.26,39.23,37.16,1.806,18.1,18.09,0.01,34.6,0,NOMINAL
VEH_4906,3,2026-08-30T08:03:21.606177,70.87,,36.73,1.666,11.96,11.74,0.22,34.9,0,NOMINAL
VEH_4906,4,2026-08-30T08:04:26.606177,74.07,,37.72,1.782,12.96,12.61,0.35,35.2,0,NOMINAL
VEH_4906,5,2026-08-30T08:05:31.606177,63.31,,38.18,1.866,13.45,13.1,0.35,35.5,0,NOMINAL
VEH_4906,6,2026-08-30T08:06:36.606177,66.71,,39.23,1.955,12.07,11.58,0.49,35.8,0,NOMINAL
VEH_4906,7,2026-08-30T08:07:41.606177,67.96,38.91,40.59,1.845,17.54,17.29,0.25,36.1,0,NOMINAL
VEH_4906,8,2026-08-30T08:08:46.606177,70.34,39.25,40.43,1.887,18.39,18.17,0.22,36.4,0,NOMINAL
VEH_4906,9,2026-08-30T08:09:51.606177,75.67,,40.92,1.804,12.47,11.81,0.66,36.7,0,NOMINAL
VEH_4906,10,2026-08-30T08:10:56.606177,65.63,,41.32,1.871,12.97,12.3,0.67,37.0,0,NOMINAL
VEH_4906,11,2026-08-30T08:12:01.606177,65.98,,42.58,2.019,13.55,12.78,0.77,48.0,0,NOMINAL
VEH_4906,12,2026-08-30T08:13:06.606177,69.34,,41.44,1.981,11.12,10.16,0.96,48.0,0,NOMINAL
VEH_4906,13,2026-08-30T08:14:11.606177,75.87,,41.65,2.094,11.79,11.14,0.65,38.0,0,NOMINAL
VEH_4906,14,2026-08-30T08:15:16.606177,76.24,40.49,40.69,2.123,18.48,18.24,0.24,38.2,0,NOMINAL
VEH_4906,15,2026-08-30T08:16:21.606177,67.81,,43.54,2.23,13.62,12.7,0.92,38.0,0,NOMINAL
VEH_4906,16,2026-08-30T08:17:26.606177,66.94,,44.6,2.344,11.05,10.08,0.97,38.0,0,NOMINAL
VEH_4906,17,2026-08-30T08:18:31.606177,70.08,,45.26,2.124,13.27,11.06,2.21,60.0,0,NOMINAL
VEH_4906,18,2026-08-30T08:19:36.606177,74.14,,44.16,2.294,13.01,12.04,0.97,38.0,0,NOMINAL
VEH_4906,19,2026-08-30T08:20:41.606177,75.38,,44.8,2.095,11.52,9.21,2.31,29.5,0,NOMINAL
VEH_4906,20,2026-08-30T08:21:46.606177,65.28,,46.33,2.239,9.11,6.8,2.31,31.0,0,NOMINAL
VEH_4906,21,2026-08-30T08:22:51.606177,69.24,,44.71,2.105,10.14,7.58,2.56,28.0,0,NOMINAL
VEH_4906,22,2026-08-30T08:23:56.606177,70.25,,45.3,2.215,10.74,8.36,2.38,29.5,0,NOMINAL
VEH_4906,23,2026-08-30T08:25:01.606177,71.28,,45.8,2.32,11.32,9.14,2.18,31.0,0,NOMINAL
VEH_4906,24,2026-08-30T08:26:06.606177,73.26,,47.36,2.171,9.96,7.11,2.85,28.0,0,NOMINAL
VEH_4906,25,2026-08-30T08:27:11.606177,66.47,,45.94,2.186,10.02,7.5,2.52,29.5,0,NOMINAL
VEH_4906,26,2026-08-30T08:28:16.606177,67.51,39.89,48.12,2.542,15.44,13.11,2.33,31.0,0,NOMINAL
VEH_4906,27,2026-08-30T08:29:21.606177,69.74,40.23,47.52,2.175,16.6,13.89,2.71,28.0,0,NOMINAL
VEH_4906,28,2026-08-30T08:30:26.606177,73.06,,48.82,2.214,9.95,7.04,2.91,29.5,0,NOMINAL
VEH_4906,29,2026-08-30T08:31:31.606177,75.6,,48.33,2.633,10.43,7.81,2.62,31.0,0,NOMINAL
VEH_4906,30,2026-08-30T08:32:36.606177,64.87,,50.4,2.347,11.56,8.2,3.36,28.0,0,NOMINAL
VEH_4907,1,2026-08-30T08:02:26.606177,68.29,42.14,37.93,1.614,17.8,17.21,0.59,34.3,0,NOMINAL
VEH_4907,2,2026-08-30T08:03:31.606177,69.28,41.74,37.97,1.984,18.54,18.09,0.45,34.6,0,NOMINAL
VEH_4907,3,2026-08-30T08:04:36.606177,72.82,,39.78,1.764,12.48,11.74,0.74,34.9,0,NOMINAL
VEH_4907,4,2026-08-30T08:05:41.606177,74.45,,38.27,1.786,13.06,12.61,0.45,35.2,0,NOMINAL
VEH_4907,5,2026-08-30T08:06:46.606177,67.12,,38.55,2.12,13.63,13.1,0.53,35.5,0,NOMINAL
VEH_4907,6,2026-08-30T08:07:51.606177,66.55,,40.51,1.98,12.26,11.58,0.68,35.8,0,NOMINAL
VEH_4907,7,2026-08-30T08:08:56.606177,71.27,40.94,38.91,1.798,17.63,17.29,0.34,36.1,0,NOMINAL
VEH_4907,8,2026-08-30T08:10:01.606177,72.82,41.4,40.42,1.855,18.71,18.17,0.54,36.4,0,NOMINAL
VEH_4907,9,2026-08-30T08:11:06.606177,75.54,,39.98,2.022,12.32,11.81,0.51,36.7,0,NOMINAL
VEH_4907,10,2026-08-30T08:12:11.606177,65.92,,39.83,1.998,12.76,12.3,0.46,37.0,0,NOMINAL
VEH_4907,11,2026-08-30T08:13:16.606177,66.03,,43.36,2.097,13.43,12.78,0.65,48.0,0,NOMINAL
VEH_4907,12,2026-08-30T08:14:21.606177,68.93,,41.92,1.832,11.04,10.16,0.88,48.0,0,NOMINAL
VEH_4907,13,2026-08-30T08:15:26.606177,73.35,,42.38,2.057,11.82,11.14,0.68,38.0,0,NOMINAL
VEH_4907,14,2026-08-30T08:16:31.606177,74.17,43.87,43.08,2.14,19.16,18.24,0.92,38.2,0,NOMINAL
VEH_4907,15,2026-08-30T08:17:36.606177,64.43,,43.99,2.175,13.58,12.7,0.88,38.0,0,NOMINAL
VEH_4907,16,2026-08-30T08:18:41.606177,65.97,,44.84,2.247,11.06,10.08,0.98,38.0,0,NOMINAL
VEH_4907,17,2026-08-30T08:19:46.606177,72.62,,44.29,2.346,13.49,11.06,2.43,60.0,0,NOMINAL
VEH_4907,18,2026-08-30T08:20:51.606177,69.59,,44.15,2.563,12.87,12.04,0.83,38.0,0,NOMINAL
VEH_4907,19,2026-08-30T08:21:56.606177,75.8,,45.6,2.245,11.65,9.21,2.44,29.5,0,NOMINAL
VEH_4907,20,2026-08-30T08:23:01.606177,65.72,,45.58,2.27,9.01,6.8,2.21,31.0,0,NOMINAL
VEH_4907,21,2026-08-30T08:24:06.606177,67.18,,46.09,2.382,10.29,7.58,2.71,28.0,0,NOMINAL
VEH_4907,22,2026-08-30T08:25:11.606177,70.36,,46.55,2.207,10.93,8.36,2.57,29.5,0,NOMINAL
VEH_4907,23,2026-08-30T08:26:16.606177,71.74,,45.83,2.34,11.34,9.14,2.2,31.0,0,NOMINAL
VEH_4907,24,2026-08-30T08:27:21.606177,74.75,,47.51,2.472,10.03,7.11,2.92,28.0,0,NOMINAL
VEH_4907,25,2026-08-30T08:28:26.606177,67.24,,47.04,2.452,10.2,7.5,2.7,29.5,0,NOMINAL
VEH_4907,26,2026-08-30T08:29:31.606177,68.94,40.69,47.99,2.405,15.55,13.11,2.44,31.0,0,NOMINAL
VEH_4907,27,2026-08-30T08:30:36.606177,69.66,43.49,48.73,2.47,17.16,13.89,3.27,28.0,0,NOMINAL
VEH_4907,28,2026-08-30T08:31:41.606177,72.6,,47.72,2.527,9.77,7.04,2.73,29.5,0,NOMINAL
VEH_4907,29,2026-08-30T08:32:46.606177,76.6,,48.98,2.655,10.56,7.81,2.75,31.0,0,NOMINAL
VEH_4907,30,2026-08-30T08:33:51.606177,65.12,,48.95,2.44,11.35,8.2,3.15,28.0,0,NOMINAL
VEH_4908,1,2026-08-30T08:03:41.606177,67.72,41.73,38.73,1.821,17.85,17.21,0.64,34.3,0,NOMINAL
VEH_4908,2,2026-08-30T08:04:46.606177,68.81,43.19,39.06,1.761,18.86,18.09,0.77,34.6,0,NOMINAL
VEH_4908,3,2026-08-30T08:05:51.606177,73.73,,39.72,2.193,12.5,11.74,0.76,34.9,0,NOMINAL
VEH_4908,4,2026-08-30T08:06:56.606177,76.26,,39.06,1.795,13.23,12.61,0.62,35.2,0,NOMINAL
VEH_4908,5,2026-08-30T08:08:01.606177,63.7,,38.97,1.623,13.58,13.1,0.48,35.5,0,NOMINAL
VEH_4908,6,2026-08-30T08:09:06.606177,66.95,,39.68,1.839,12.15,11.58,0.57,35.8,0,NOMINAL
VEH_4908,7,2026-08-30T08:10:11.606177,70.03,43.33,40.1,1.99,18.04,17.29,0.75,36.1,0,NOMINAL
VEH_4908,8,2026-08-30T08:11:16.606177,71.04,42.81,40.53,2.194,18.83,18.17,0.66,36.4,0,NOMINAL
VEH_4908,9,2026-08-30T08:12:21.606177,76.15,,40.32,1.841,12.39,11.81,0.58,36.7,0,NOMINAL
VEH_4908,10,2026-08-30T08:13:26.606177,66.18,,40.4,1.672,12.85,12.3,0.55,37.0,0,NOMINAL
VEH_4908,11,2026-08-30T08:14:31.606177,67.0,,41.59,1.92,13.73,12.78,0.95,48.0,0,NOMINAL
VEH_4908,12,2026-08-30T08:15:36.606177,70.76,,41.96,2.177,11.09,10.16,0.93,48.0,0,NOMINAL
VEH_4908,13,2026-08-30T08:16:41.606177,71.89,,42.87,2.373,11.85,11.14,0.71,38.0,0,NOMINAL
VEH_4908,14,2026-08-30T08:17:46.606177,76.51,43.52,43.46,2.286,19.25,18.24,1.01,38.2,0,NOMINAL
VEH_4908,15,2026-08-30T08:18:51.606177,65.84,,42.84,2.561,13.46,12.7,0.76,38.0,0,NOMINAL
VEH_4908,16,2026-08-30T08:19:56.606177,67.05,,45.36,2.291,11.17,10.08,1.09,38.0,0,NOMINAL
VEH_4908,17,2026-08-30T08:21:01.606177,68.21,,43.87,2.46,13.42,11.06,2.36,60.0,0,NOMINAL
VEH_4908,18,2026-08-30T08:22:06.606177,71.23,,45.76,2.65,13.16,12.04,1.12,38.0,0,NOMINAL
VEH_4908,19,2026-08-30T08:23:11.606177,78.98,,45.41,1.998,11.72,9.21,2.51,29.5,0,NOMINAL
VEH_4908,20,2026-08-30T08:24:16.606177,64.91,,45.09,2.452,8.92,6.8,2.12,31.0,0,NOMINAL
VEH_4908,21,2026-08-30T08:25:21.606177,68.16,,44.69,2.328,10.11,7.58,2.53,28.0,0,NOMINAL
VEH_4908,22,2026-08-30T08:26:26.606177,71.24,,46.61,2.278,10.96,8.36,2.6,29.5,0,NOMINAL
VEH_4908,23,2026-08-30T08:27:31.606177,73.01,,47.4,2.492,11.61,9.14,2.47,31.0,0,NOMINAL
VEH_4908,24,2026-08-30T08:28:36.606177,75.38,,48.15,2.894,10.15,7.11,3.04,28.0,0,NOMINAL
VEH_4908,25,2026-08-30T08:29:41.606177,65.09,,47.22,2.765,10.16,7.5,2.66,29.5,0,NOMINAL
VEH_4908,26,2026-08-30T08:30:46.606177,67.62,45.37,47.47,2.766,15.97,13.11,2.86,31.0,0,NOMINAL
VEH_4908,27,2026-08-30T08:31:51.606177,70.26,42.45,49.08,2.466,17.11,13.89,3.22,28.0,0,NOMINAL
VEH_4908,28,2026-08-30T08:32:56.606177,73.66,,47.76,2.675,9.81,7.04,2.77,29.5,0,NOMINAL
VEH_4908,29,2026-08-30T08:34:01.606177,75.28,,48.04,2.691,10.38,7.81,2.57,31.0,0,NOMINAL
VEH_4908,30,2026-08-30T08:35:06.606177,66.5,,50.22,2.698,11.58,8.2,3.38,28.0,0,NOMINAL
VEH_4909,1,2026-08-30T08:04:56.606177,66.88,44.18,37.72,1.533,17.96,17.21,0.75,34.3,0,NOMINAL
VEH_4909,2,2026-08-30T08:06:01.606177,70.43,42.62,37.24,1.81,18.57,18.09,0.48,34.6,0,NOMINAL
VEH_4909,3,2026-08-30T08:07:06.606177,73.29,,38.03,1.792,12.23,11.74,0.49,34.9,0,NOMINAL
VEH_4909,4,2026-08-30T08:08:11.606177,74.41,,41.13,2.176,13.48,12.61,0.87,35.2,0,NOMINAL
VEH_4909,5,2026-08-30T08:09:16.606177,62.82,,39.16,1.944,13.59,13.1,0.49,35.5,0,NOMINAL
VEH_4909,6,2026-08-30T08:10:21.606177,65.81,,41.24,1.967,12.35,11.58,0.77,35.8,0,NOMINAL
VEH_4909,7,2026-08-30T08:11:26.606177,69.78,44.05,39.29,1.833,17.99,17.29,0.7,36.1,0,NOMINAL
VEH_4909,8,2026-08-30T08:12:31.606177,73.41,42.81,40.73,2.274,18.94,18.17,0.77,36.4,0,NOMINAL
VEH_4909,9,2026-08-30T08:13:36.606177,72.84,,40.82,2.107,12.36,11.81,0.55,36.7,0,NOMINAL
VEH_4909,10,2026-08-30T08:14:41.606177,66.4,,42.1,2.059,13.11,12.3,0.81,37.0,0,NOMINAL
VEH_4909,11,2026-08-30T08:15:46.606177,67.06,,40.44,2.068,13.9,12.78,1.12,48.0,0,NOMINAL
VEH_4909,12,2026-08-30T08:16:51.606177,69.86,,43.17,2.151,10.88,10.16,0.72,48.0,0,NOMINAL
VEH_4909,13,2026-08-30T08:17:56.606177,75.17,,42.25,2.111,11.85,11.14,0.71,38.0,0,NOMINAL
VEH_4909,14,2026-08-30T08:19:01.606177,73.98,42.66,44.78,2.221,19.27,18.24,1.03,38.2,0,NOMINAL
VEH_4909,15,2026-08-30T08:20:06.606177,62.29,,43.12,2.5,13.39,12.7,0.69,38.0,0,NOMINAL
VEH_4909,16,2026-08-30T08:21:11.606177,68.02,,43.44,2.209,10.91,10.08,0.83,38.0,0,NOMINAL
VEH_4909,17,2026-08-30T08:22:16.606177,70.4,,43.68,2.393,13.52,11.06,2.46,60.0,0,NOMINAL
VEH_4909,18,2026-08-30T08:23:21.606177,71.85,,43.8,2.227,12.89,12.04,0.85,38.0,0,NOMINAL
VEH_4909,19,2026-08-30T08:24:26.606177,74.6,,45.66,2.339,11.62,9.21,2.41,29.5,0,NOMINAL
VEH_4909,20,2026-08-30T08:25:31.606177,64.3,,45.47,2.483,8.95,6.8,2.15,31.0,0,NOMINAL
VEH_4909,21,2026-08-30T08:26:36.606177,67.28,,45.63,2.424,10.22,7.58,2.64,28.0,0,NOMINAL
VEH_4909,22,2026-08-30T08:27:41.606177,68.83,,45.87,2.394,10.78,8.36,2.42,29.5,0,NOMINAL
VEH_4909,23,2026-08-30T08:28:46.606177,72.61,,47.09,2.398,11.55,9.14,2.41,31.0,0,NOMINAL
VEH_4909,24,2026-08-30T08:29:51.606177,73.2,,45.99,2.473,9.76,7.11,2.65,28.0,0,NOMINAL
VEH_4909,25,2026-08-30T08:30:56.606177,64.04,,47.86,2.579,10.23,7.5,2.73,29.5,0,NOMINAL
VEH_4909,26,2026-08-30T08:32:01.606177,66.63,43.13,47.79,2.662,15.73,13.11,2.62,31.0,0,NOMINAL
VEH_4909,27,2026-08-30T08:33:06.606177,69.62,40.93,49.02,2.517,16.91,13.89,3.02,28.0,0,NOMINAL
VEH_4909,28,2026-08-30T08:34:11.606177,74.33,,47.19,2.378,9.74,7.04,2.7,29.5,0,NOMINAL
VEH_4909,29,2026-08-30T08:35:16.606177,75.58,,49.71,2.516,10.64,7.81,2.83,31.0,0,NOMINAL
VEH_4909,30,2026-08-30T08:36:21.606177,66.75,,49.72,2.553,11.52,8.2,3.32,28.0,0,NOMINAL
VEH_4910,1,2026-08-30T08:06:11.606177,67.99,40.56,37.27,1.413,17.51,17.21,0.3,34.3,0,NOMINAL
VEH_4910,2,2026-08-30T08:07:16.606177,68.74,41.45,36.91,1.713,18.33,18.09,0.24,34.6,0,NOMINAL
VEH_4910,3,2026-08-30T08:08:21.606177,72.85,,40.41,1.997,12.57,11.74,0.83,34.9,0,NOMINAL
VEH_4910,4,2026-08-30T08:09:26.606177,76.73,,37.63,1.815,13.03,12.61,0.42,35.2,0,NOMINAL
VEH_4910,5,2026-08-30T08:10:31.606177,66.24,,38.36,1.795,13.57,13.1,0.47,35.5,0,NOMINAL
VEH_4910,6,2026-08-30T08:11:36.606177,66.52,,40.26,1.665,12.22,11.58,0.64,35.8,0,NOMINAL
VEH_4910,7,2026-08-30T08:12:41.606177,69.6,41.34,39.34,1.806,17.69,17.29,0.4,36.1,0,NOMINAL
VEH_4910,8,2026-08-30T08:13:46.606177,72.9,43.04,41.27,2.036,19.03,18.17,0.86,36.4,0,NOMINAL
VEH_4910,9,2026-08-30T08:14:51.606177,74.51,,40.28,1.998,12.33,11.81,0.52,36.7,0,NOMINAL
VEH_4910,10,2026-08-30T08:15:56.606177,65.52,,42.47,1.737,13.14,12.3,0.84,37.0,0,NOMINAL
VEH_4910,11,2026-08-30T08:17:01.606177,67.71,,41.44,1.895,13.77,12.78,0.99,48.0,0,NOMINAL
VEH_4910,12,2026-08-30T08:18:06.606177,71.02,,41.21,2.233,11.21,10.16,1.05,48.0,0,NOMINAL
VEH_4910,13,2026-08-30T08:19:11.606177,72.47,,41.86,2.13,11.71,11.14,0.57,38.0,0,NOMINAL
VEH_4910,14,2026-08-30T08:20:16.606177,77.1,40.99,43.06,2.096,18.92,18.24,0.68,38.2,0,NOMINAL
VEH_4910,15,2026-08-30T08:21:21.606177,64.57,,41.31,2.158,13.19,12.7,0.49,38.0,0,NOMINAL
VEH_4910,16,2026-08-30T08:22:26.606177,69.01,,44.72,2.334,11.14,10.08,1.06,38.0,0,NOMINAL
VEH_4910,17,2026-08-30T08:23:31.606177,69.77,,43.68,2.413,13.5,11.06,2.44,60.0,0,NOMINAL
VEH_4910,18,2026-08-30T08:24:36.606177,72.85,,44.19,2.306,12.97,12.04,0.93,38.0,0,NOMINAL
VEH_4910,19,2026-08-30T08:25:41.606177,76.17,,45.5,2.14,11.65,9.21,2.44,29.5,0,NOMINAL
VEH_4910,20,2026-08-30T08:26:46.606177,64.81,,45.27,2.091,8.94,6.8,2.14,31.0,0,NOMINAL
VEH_4910,21,2026-08-30T08:27:51.606177,67.29,,43.44,2.159,9.89,7.58,2.31,28.0,0,NOMINAL
VEH_4910,22,2026-08-30T08:28:56.606177,70.73,,46.45,2.222,10.92,8.36,2.56,29.5,0,NOMINAL
VEH_4910,23,2026-08-30T08:30:01.606177,72.11,,45.9,2.063,11.36,9.14,2.22,31.0,0,NOMINAL
VEH_4910,24,2026-08-30T08:31:06.606177,73.93,,45.74,2.598,9.74,7.11,2.63,28.0,0,NOMINAL
VEH_4910,25,2026-08-30T08:32:11.606177,64.19,,48.38,2.472,10.31,7.5,2.81,29.5,0,NOMINAL
VEH_4910,26,2026-08-30T08:33:16.606177,68.57,43.34,47.87,2.593,15.83,13.11,2.72,31.0,0,NOMINAL
VEH_4910,27,2026-08-30T08:34:21.606177,67.67,40.82,47.16,2.565,16.56,13.89,2.67,28.0,0,NOMINAL
VEH_4910,28,2026-08-30T08:35:26.606177,73.03,,47.67,2.579,9.78,7.04,2.74,29.5,0,NOMINAL
VEH_4910,29,2026-08-30T08:36:31.606177,74.73,,50.46,2.55,10.72,7.81,2.91,31.0,0,NOMINAL
VEH_4910,30,2026-08-30T08:37:36.606177,62.36,,50.29,2.479,11.47,8.2,3.27,28.0,0,NOMINAL
VEH_4911,1,2026-08-30T08:07:26.606177,66.48,39.73,38.15,1.903,17.5,17.21,0.29,34.3,0,NOMINAL
VEH_4911,2,2026-08-30T08:08:31.606177,70.82,42.86,36.83,1.97,18.55,18.09,0.46,34.6,0,NOMINAL
VEH_4911,3,2026-08-30T08:09:36.606177,70.39,,37.84,1.924,12.11,11.74,0.37,34.9,0,NOMINAL
VEH_4911,4,2026-08-30T08:10:41.606177,72.87,,37.02,1.956,12.82,12.61,0.21,35.2,0,NOMINAL
VEH_4911,5,2026-08-30T08:11:46.606177,64.9,,40.3,1.94,13.82,13.1,0.72,35.5,0,NOMINAL
VEH_4911,6,2026-08-30T08:12:51.606177,67.39,,40.98,1.743,12.35,11.58,0.77,35.8,0,NOMINAL
VEH_4911,7,2026-08-30T08:13:56.606177,69.5,41.27,39.36,1.668,17.68,17.29,0.39,36.1,0,NOMINAL
VEH_4911,8,2026-08-30T08:15:01.606177,73.75,39.66,39.91,1.912,18.46,18.17,0.29,36.4,0,NOMINAL
VEH_4911,9,2026-08-30T08:16:06.606177,75.34,,41.26,1.837,12.51,11.81,0.7,36.7,0,NOMINAL
VEH_4911,10,2026-08-30T08:17:11.606177,63.89,,42.1,1.876,13.03,12.3,0.73,37.0,0,NOMINAL
VEH_4911,11,2026-08-30T08:18:16.606177,67.61,,41.77,1.883,13.72,12.78,0.94,48.0,0,NOMINAL
VEH_4911,12,2026-08-30T08:19:21.606177,68.85,,41.93,2.112,11.03,10.16,0.87,48.0,0,NOMINAL
VEH_4911,13,2026-08-30T08:20:26.606177,70.85,,44.13,2.046,12.0,11.14,0.86,38.0,0,NOMINAL
VEH_4911,14,2026-08-30T08:21:31.606177,74.11,39.34,43.02,2.403,18.63,18.24,0.39,38.2,0,NOMINAL
VEH_4911,15,2026-08-30T08:22:36.606177,63.28,,41.98,1.959,13.25,12.7,0.55,38.0,0,NOMINAL
VEH_4911,16,2026-08-30T08:23:41.606177,67.71,,44.09,2.207,11.0,10.08,0.92,38.0,0,NOMINAL
VEH_4911,17,2026-08-30T08:24:46.606177,68.89,,44.4,2.072,13.36,11.06,2.3,60.0,0,NOMINAL
VEH_4911,18,2026-08-30T08:25:51.606177,73.87,,45.08,2.192,13.14,12.04,1.1,38.0,0,NOMINAL
VEH_4911,19,2026-08-30T08:26:56.606177,75.35,,46.1,2.342,11.71,9.21,2.5,29.5,0,NOMINAL
VEH_4911,20,2026-08-30T08:28:01.606177,64.5,,46.01,2.227,9.04,6.8,2.24,31.0,0,NOMINAL
VEH_4911,21,2026-08-30T08:29:06.606177,69.95,,45.6,2.313,10.3,7.58,2.72,28.0,0,NOMINAL
VEH_4911,22,2026-08-30T08:30:11.606177,71.57,,47.1,2.286,11.05,8.36,2.69,29.5,0,NOMINAL
VEH_4911,23,2026-08-30T08:31:16.606177,69.85,,45.58,2.053,11.24,9.14,2.1,31.0,0,NOMINAL
VEH_4911,24,2026-08-30T08:32:21.606177,76.05,,47.62,2.455,10.09,7.11,2.98,28.0,0,NOMINAL
VEH_4911,25,2026-08-30T08:33:26.606177,65.04,,49.2,2.326,10.46,7.5,2.96,29.5,0,NOMINAL
VEH_4911,26,2026-08-30T08:34:31.606177,67.06,40.72,47.05,2.685,15.36,13.11,2.25,31.0,0,NOMINAL
VEH_4911,27,2026-08-30T08:35:36.606177,70.26,41.56,47.96,2.474,16.84,13.89,2.95,28.0,0,NOMINAL
VEH_4911,28,2026-08-30T08:36:41.606177,72.09,,48.13,2.436,9.82,7.04,2.78,29.5,0,NOMINAL
VEH_4911,29,2026-08-30T08:37:46.606177,72.92,,49.54,2.62,10.53,7.81,2.72,31.0,0,NOMINAL
VEH_4911,30,2026-08-30T08:38:51.606177,66.69,,47.6,2.574,11.2,8.2,3.0,28.0,0,NOMINAL
VEH_4912,1,2026-08-30T08:08:41.606177,67.14,46.28,38.48,1.733,18.32,17.21,1.11,34.3,0,NOMINAL
VEH_4912,2,2026-08-30T08:09:46.606177,71.39,44.6,38.3,1.927,18.98,18.09,0.89,34.6,0,NOMINAL
VEH_4912,3,2026-08-30T08:10:51.606177,72.95,,39.96,2.254,12.51,11.74,0.77,34.9,0,NOMINAL
VEH_4912,4,2026-08-30T08:11:56.606177,73.94,,38.81,1.714,13.12,12.61,0.51,35.2,0,NOMINAL
VEH_4912,5,2026-08-30T08:13:01.606177,65.9,,38.02,2.212,13.51,13.1,0.41,35.5,0,NOMINAL
VEH_4912,6,2026-08-30T08:14:06.606177,69.38,,38.96,1.971,12.11,11.58,0.53,35.8,0,NOMINAL
VEH_4912,7,2026-08-30T08:15:11.606177,69.56,44.26,39.47,2.084,18.04,17.29,0.75,36.1,0,NOMINAL
VEH_4912,8,2026-08-30T08:16:16.606177,72.58,42.9,41.15,1.904,18.98,18.17,0.81,36.4,0,NOMINAL
VEH_4912,9,2026-08-30T08:17:21.606177,77.08,,40.93,2.079,12.51,11.81,0.7,36.7,0,NOMINAL
VEH_4912,10,2026-08-30T08:18:26.606177,65.69,,39.97,2.124,12.77,12.3,0.47,37.0,0,NOMINAL
VEH_4912,11,2026-08-30T08:19:31.606177,66.26,,43.71,2.166,13.39,12.78,0.61,48.0,0,NOMINAL
VEH_4912,12,2026-08-30T08:20:36.606177,69.26,,41.18,2.417,11.16,10.16,1.0,48.0,0,NOMINAL
VEH_4912,13,2026-08-30T08:21:41.606177,71.2,,41.92,1.928,11.68,11.14,0.54,38.0,0,NOMINAL
VEH_4912,14,2026-08-30T08:22:46.606177,75.19,44.5,44.04,2.59,19.41,18.24,1.17,38.2,0,NOMINAL
VEH_4912,15,2026-08-30T08:23:51.606177,65.08,,43.78,2.378,13.57,12.7,0.87,38.0,0,NOMINAL
VEH_4912,16,2026-08-30T08:24:56.606177,67.84,,43.98,2.283,10.99,10.08,0.91,38.0,0,NOMINAL
VEH_4912,17,2026-08-30T08:26:01.606177,69.88,,43.47,2.402,13.53,11.06,2.47,60.0,0,NOMINAL
VEH_4912,18,2026-08-30T08:27:06.606177,71.92,,43.59,2.529,12.86,12.04,0.82,38.0,0,NOMINAL
VEH_4912,19,2026-08-30T08:28:11.606177,75.54,,45.4,2.561,11.61,9.21,2.4,29.5,0,NOMINAL
VEH_4912,20,2026-08-30T08:29:16.606177,65.37,,45.11,2.566,8.93,6.8,2.13,31.0,0,NOMINAL
VEH_4912,21,2026-08-30T08:30:21.606177,70.59,,45.7,2.673,10.33,7.58,2.75,28.0,0,NOMINAL
VEH_4912,22,2026-08-30T08:31:26.606177,69.42,,46.04,2.604,10.82,8.36,2.46,29.5,0,NOMINAL
VEH_4912,23,2026-08-30T08:32:31.606177,72.97,,46.27,2.719,11.44,9.14,2.3,31.0,0,NOMINAL
VEH_4912,24,2026-08-30T08:33:36.606177,73.95,,47.08,2.656,9.94,7.11,2.83,28.0,0,NOMINAL
VEH_4912,25,2026-08-30T08:34:41.606177,66.65,,46.8,2.58,10.15,7.5,2.65,29.5,0,NOMINAL
VEH_4912,26,2026-08-30T08:35:46.606177,67.5,44.81,47.33,2.753,15.88,13.11,2.77,31.0,0,NOMINAL
VEH_4912,27,2026-08-30T08:36:51.606177,68.4,45.24,48.16,2.672,17.24,13.89,3.35,28.0,0,NOMINAL
VEH_4912,28,2026-08-30T08:37:56.606177,71.23,,48.05,2.962,9.78,7.04,2.74,29.5,0,NOMINAL
VEH_4912,29,2026-08-30T08:39:01.606177,77.74,,48.13,2.728,10.47,7.81,2.66,31.0,0,NOMINAL
VEH_4912,30,2026-08-30T08:40:06.606177,62.51,,48.57,2.743,11.21,8.2,3.01,28.0,0,NOMINAL
VEH_4913,1,2026-08-30T08:09:56.606177,65.86,41.89,36.76,1.694,17.52,17.21,0.31,34.3,0,NOMINAL
VEH_4913,2,2026-08-30T08:11:01.606177,71.05,42.83,37.88,1.772,18.71,18.09,0.62,34.6,0,NOMINAL
VEH_4913,3,2026-08-30T08:12:06.606177,72.54,,38.32,1.9,12.25,11.74,0.51,34.9,0,NOMINAL
VEH_4913,4,2026-08-30T08:13:11.606177,74.68,,39.08,1.891,13.18,12.61,0.57,35.2,0,NOMINAL
VEH_4913,5,2026-08-30T08:14:16.606177,66.35,,39.55,1.8,13.75,13.1,0.65,35.5,0,NOMINAL
VEH_4913,6,2026-08-30T08:15:21.606177,69.12,,39.8,2.065,12.23,11.58,0.65,35.8,0,NOMINAL
VEH_4913,7,2026-08-30T08:16:26.606177,70.4,42.5,40.75,1.973,18.06,17.29,0.77,36.1,0,NOMINAL
VEH_4913,8,2026-08-30T08:17:31.606177,70.71,43.49,39.34,2.027,18.72,18.17,0.55,36.4,0,NOMINAL
VEH_4913,9,2026-08-30T08:18:36.606177,74.62,,40.87,2.044,12.43,11.81,0.62,36.7,0,NOMINAL
VEH_4913,10,2026-08-30T08:19:41.606177,64.78,,41.0,2.054,12.9,12.3,0.6,37.0,0,NOMINAL
VEH_4913,11,2026-08-30T08:20:46.606177,67.79,,41.43,2.449,13.77,12.78,0.99,48.0,0,NOMINAL
VEH_4913,12,2026-08-30T08:21:51.606177,68.53,,42.1,2.211,11.0,10.16,0.84,48.0,0,NOMINAL
VEH_4913,13,2026-08-30T08:22:56.606177,72.33,,42.86,2.028,11.86,11.14,0.72,38.0,0,NOMINAL
VEH_4913,14,2026-08-30T08:24:01.606177,74.35,43.97,42.6,2.212,19.11,18.24,0.87,38.2,0,NOMINAL
VEH_4913,15,2026-08-30T08:25:06.606177,66.18,,42.66,2.155,13.44,12.7,0.74,38.0,0,NOMINAL
VEH_4913,16,2026-08-30T08:26:11.606177,68.16,,44.14,2.237,11.02,10.08,0.94,38.0,0,NOMINAL
VEH_4913,17,2026-08-30T08:27:16.606177,69.55,,43.43,2.467,13.53,11.06,2.47,60.0,0,NOMINAL
VEH_4913,18,2026-08-30T08:28:21.606177,72.56,,44.52,2.344,13.02,12.04,0.98,38.0,0,NOMINAL
VEH_4913,19,2026-08-30T08:29:26.606177,75.11,,44.73,2.076,11.5,9.21,2.29,29.5,0,NOMINAL
VEH_4913,20,2026-08-30T08:30:31.606177,63.73,,45.87,2.665,8.99,6.8,2.19,31.0,0,NOMINAL
VEH_4913,21,2026-08-30T08:31:36.606177,68.98,,46.21,2.279,10.36,7.58,2.78,28.0,0,NOMINAL
VEH_4913,22,2026-08-30T08:32:41.606177,70.73,,47.02,2.624,11.01,8.36,2.65,29.5,0,NOMINAL
VEH_4913,23,2026-08-30T08:33:46.606177,72.76,,46.68,2.443,11.5,9.14,2.36,31.0,0,NOMINAL
VEH_4913,24,2026-08-30T08:34:51.606177,75.96,,45.03,2.471,9.7,7.11,2.59,28.0,0,NOMINAL
VEH_4913,25,2026-08-30T08:35:56.606177,65.94,,48.11,2.608,10.32,7.5,2.82,29.5,0,NOMINAL
VEH_4913,26,2026-08-30T08:37:01.606177,67.88,42.36,47.71,2.801,15.67,13.11,2.56,31.0,0,NOMINAL
VEH_4913,27,2026-08-30T08:38:06.606177,70.41,42.94,49.76,2.426,17.27,13.89,3.38,28.0,0,NOMINAL
VEH_4913,28,2026-08-30T08:39:11.606177,70.68,,48.85,2.365,9.88,7.04,2.84,29.5,0,NOMINAL
VEH_4913,29,2026-08-30T08:40:16.606177,77.46,,49.09,2.813,10.6,7.81,2.79,31.0,0,NOMINAL
VEH_4913,30,2026-08-30T08:41:21.606177,65.3,,49.07,2.719,11.37,8.2,3.17,28.0,0,NOMINAL
VEH_4914,1,2026-08-30T08:11:11.606177,65.66,42.74,37.23,1.672,17.68,17.21,0.47,34.3,0,NOMINAL
VEH_4914,2,2026-08-30T08:12:16.606177,70.19,40.9,37.2,1.867,18.36,18.09,0.27,34.6,0,NOMINAL
VEH_4914,3,2026-08-30T08:13:21.606177,72.87,,39.48,2.168,12.43,11.74,0.69,34.9,0,NOMINAL
VEH_4914,4,2026-08-30T08:14:26.606177,75.57,,38.1,1.591,13.06,12.61,0.45,35.2,0,NOMINAL
VEH_4914,5,2026-08-30T08:15:31.606177,63.88,,40.82,1.764,13.87,13.1,0.77,35.5,0,NOMINAL
VEH_4914,6,2026-08-30T08:16:36.606177,67.62,,38.27,2.008,11.96,11.58,0.38,35.8,0,NOMINAL
VEH_4914,7,2026-08-30T08:17:41.606177,72.38,40.39,39.52,1.981,17.69,17.29,0.4,36.1,0,NOMINAL
VEH_4914,8,2026-08-30T08:18:46.606177,70.73,41.74,40.31,2.025,18.67,18.17,0.5,36.4,0,NOMINAL
VEH_4914,9,2026-08-30T08:19:51.606177,75.95,,39.62,2.025,12.28,11.81,0.47,36.7,0,NOMINAL
VEH_4914,10,2026-08-30T08:20:56.606177,62.34,,41.87,2.017,12.95,12.3,0.65,37.0,0,NOMINAL
VEH_4914,11,2026-08-30T08:22:01.606177,66.85,,42.07,2.24,13.65,12.78,0.87,48.0,0,NOMINAL
VEH_4914,12,2026-08-30T08:23:06.606177,71.65,,41.95,2.081,11.12,10.16,0.96,48.0,0,NOMINAL
VEH_4914,13,2026-08-30T08:24:11.606177,72.63,,42.65,1.988,11.84,11.14,0.7,38.0,0,NOMINAL
VEH_4914,14,2026-08-30T08:25:16.606177,75.2,40.87,43.46,2.283,18.91,18.24,0.67,38.2,0,NOMINAL
VEH_4914,15,2026-08-30T08:26:21.606177,67.26,,44.09,2.439,13.69,12.7,0.99,38.0,0,NOMINAL
VEH_4914,16,2026-08-30T08:27:26.606177,66.42,,43.12,2.261,10.82,10.08,0.74,38.0,0,NOMINAL
VEH_4914,17,2026-08-30T08:28:31.606177,69.53,,44.09,2.32,13.43,11.06,2.37,60.0,0,NOMINAL
VEH_4914,18,2026-08-30T08:29:36.606177,71.86,,45.32,2.33,13.11,12.04,1.07,38.0,0,NOMINAL
VEH_4914,19,2026-08-30T08:30:41.606177,74.27,,44.67,2.093,11.47,9.21,2.26,29.5,0,NOMINAL
VEH_4914,20,2026-08-30T08:31:46.606177,65.81,,45.51,2.471,9.01,6.8,2.21,31.0,0,NOMINAL
VEH_4914,21,2026-08-30T08:32:51.606177,69.44,,44.76,2.427,10.16,7.58,2.58,28.0,0,NOMINAL
VEH_4914,22,2026-08-30T08:33:56.606177,71.08,,46.78,2.501,10.98,8.36,2.62,29.5,0,NOMINAL
VEH_4914,23,2026-08-30T08:35:01.606177,71.25,,45.34,2.45,11.25,9.14,2.11,31.0,0,NOMINAL
VEH_4914,24,2026-08-30T08:36:06.606177,75.43,,46.52,2.765,9.9,7.11,2.79,28.0,0,NOMINAL
VEH_4914,25,2026-08-30T08:37:11.606177,64.11,,48.12,2.347,10.27,7.5,2.77,29.5,0,NOMINAL
VEH_4914,26,2026-08-30T08:38:16.606177,66.18,42.13,47.75,2.429,15.6,13.11,2.49,31.0,0,NOMINAL
VEH_4914,27,2026-08-30T08:39:21.606177,69.7,42.07,47.73,2.56,16.85,13.89,2.96,28.0,0,NOMINAL
VEH_4914,28,2026-08-30T08:40:26.606177,72.0,,49.27,2.703,9.98,7.04,2.94,29.5,0,NOMINAL
VEH_4914,29,2026-08-30T08:41:31.606177,73.89,,49.25,2.619,10.52,7.81,2.71,31.0,0,NOMINAL
VEH_4914,30,2026-08-30T08:42:36.606177,64.56,,50.01,2.736,11.49,8.2,3.29,28.0,0,NOMINAL
VEH_4915,1,2026-08-30T08:12:26.606177,68.02,42.74,38.94,1.831,18.01,17.21,0.8,34.3,0,NOMINAL
VEH_4915,2,2026-08-30T08:13:31.606177,69.73,42.15,37.52,1.738,18.53,18.09,0.44,34.6,0,NOMINAL
VEH_4915,3,2026-08-30T08:14:36.606177,71.72,,38.6,1.86,12.27,11.74,0.53,34.9,0,NOMINAL
VEH_4915,4,2026-08-30T08:15:41.606177,74.6,,38.35,1.725,13.07,12.61,0.46,35.2,0,NOMINAL
VEH_4915,5,2026-08-30T08:16:46.606177,66.71,,39.58,1.743,13.77,13.1,0.67,35.5,0,NOMINAL
VEH_4915,6,2026-08-30T08:17:51.606177,67.78,,39.19,1.926,12.1,11.58,0.52,35.8,0,NOMINAL
VEH_4915,7,2026-08-30T08:18:56.606177,68.65,43.83,39.46,1.881,17.96,17.29,0.67,36.1,0,NOMINAL
VEH_4915,8,2026-08-30T08:20:01.606177,70.53,42.58,41.51,2.175,18.94,18.17,0.77,36.4,0,NOMINAL
VEH_4915,9,2026-08-30T08:21:06.606177,75.2,,41.13,1.81,12.48,11.81,0.67,36.7,0,NOMINAL
VEH_4915,10,2026-08-30T08:22:11.606177,64.78,,41.15,2.121,12.92,12.3,0.62,37.0,0,NOMINAL
VEH_4915,11,2026-08-30T08:23:16.606177,67.61,,41.76,2.161,13.72,12.78,0.94,48.0,0,NOMINAL
VEH_4915,12,2026-08-30T08:24:21.606177,69.84,,40.05,2.116,11.35,10.16,1.19,48.0,0,NOMINAL
VEH_4915,13,2026-08-30T08:25:26.606177,75.29,,43.14,2.14,11.99,11.14,0.85,38.0,0,NOMINAL
VEH_4915,14,2026-08-30T08:26:31.606177,74.72,42.38,42.74,2.286,18.96,18.24,0.72,38.2,0,NOMINAL
VEH_4915,15,2026-08-30T08:27:36.606177,67.14,,43.93,2.428,13.66,12.7,0.96,38.0,0,NOMINAL
VEH_4915,16,2026-08-30T08:28:41.606177,68.85,,45.2,2.037,11.2,10.08,1.12,38.0,0,NOMINAL
VEH_4915,17,2026-08-30T08:29:46.606177,71.37,,44.07,2.714,13.49,11.06,2.43,60.0,0,NOMINAL
VEH_4915,18,2026-08-30T08:30:51.606177,71.98,,44.37,2.558,12.98,12.04,0.94,38.0,0,NOMINAL
VEH_4915,19,2026-08-30T08:31:56.606177,74.7,,44.42,2.35,11.44,9.21,2.23,29.5,0,NOMINAL
VEH_4915,20,2026-08-30T08:33:01.606177,66.0,,45.65,2.174,9.03,6.8,2.23,31.0,0,NOMINAL
VEH_4915,21,2026-08-30T08:34:06.606177,67.02,,45.36,2.327,10.17,7.58,2.59,28.0,0,NOMINAL
VEH_4915,22,2026-08-30T08:35:11.606177,69.24,,47.09,2.604,10.97,8.36,2.61,29.5,0,NOMINAL
VEH_4915,23,2026-08-30T08:36:16.606177,74.0,,46.15,2.74,11.45,9.14,2.31,31.0,0,NOMINAL
VEH_4915,24,2026-08-30T08:37:21.606177,74.24,,46.78,2.433,9.91,7.11,2.8,28.0,0,NOMINAL
VEH_4915,25,2026-08-30T08:38:26.606177,64.97,,48.0,2.331,10.28,7.5,2.78,29.5,0,NOMINAL
VEH_4915,26,2026-08-30T08:39:31.606177,66.5,43.5,48.43,2.529,15.87,13.11,2.76,31.0,0,NOMINAL
VEH_4915,27,2026-08-30T08:40:36.606177,69.18,41.5,48.99,2.519,16.95,13.89,3.06,28.0,0,NOMINAL
VEH_4915,28,2026-08-30T08:41:41.606177,69.18,,48.4,2.286,9.77,7.04,2.73,29.5,0,NOMINAL
VEH_4915,29,2026-08-30T08:42:46.606177,75.37,,50.26,2.61,10.71,7.81,2.9,31.0,0,NOMINAL
VEH_4915,30,2026-08-30T08:43:51.606177,62.56,,50.43,2.636,11.49,8.2,3.29,28.0,0,NOMINAL
VEH_4916,1,2026-08-30T08:13:41.606177,67.06,44.15,39.01,1.959,18.15,17.21,0.94,34.3,0,NOMINAL
VEH_4916,2,2026-08-30T08:14:46.606177,66.96,45.18,39.2,1.964,19.05,18.09,0.96,34.6,0,NOMINAL
VEH_4916,3,2026-08-30T08:15:51.606177,72.99,,38.46,1.724,12.28,11.74,0.54,34.9,0,NOMINAL
VEH_4916,4,2026-08-30T08:16:56.606177,74.67,,38.34,2.292,13.07,12.61,0.46,35.2,0,NOMINAL
VEH_4916,5,2026-08-30T08:18:01.606177,64.91,,38.41,2.114,13.54,13.1,0.44,35.5,0,NOMINAL
VEH_4916,6,2026-08-30T08:19:06.606177,67.45,,39.41,1.942,12.12,11.58,0.54,35.8,0,NOMINAL
VEH_4916,7,2026-08-30T08:20:11.606177,70.69,44.56,39.42,2.244,18.1,17.29,0.81,36.1,0,NOMINAL
VEH_4916,8,2026-08-30T08:21:16.606177,73.54,45.09,41.58,2.318,19.33,18.17,1.16,36.4,0,NOMINAL
VEH_4916,9,2026-08-30T08:22:21.606177,72.89,,40.7,1.941,12.35,11.81,0.54,36.7,0,NOMINAL
VEH_4916,10,2026-08-30T08:23:26.606177,62.79,,42.57,2.154,13.07,12.3,0.77,37.0,0,NOMINAL
VEH_4916,11,2026-08-30T08:24:31.606177,68.17,,41.94,2.179,13.71,12.78,0.93,48.0,0,NOMINAL
VEH_4916,12,2026-08-30T08:25:36.606177,68.41,,42.12,1.889,10.99,10.16,0.83,48.0,0,NOMINAL
VEH_4916,13,2026-08-30T08:26:41.606177,74.8,,41.67,2.229,11.76,11.14,0.62,38.0,0,NOMINAL
VEH_4916,14,2026-08-30T08:27:46.606177,74.96,45.84,43.42,2.121,19.47,18.24,1.23,38.2,0,NOMINAL
VEH_4916,15,2026-08-30T08:28:51.606177,64.88,,42.51,2.074,13.38,12.7,0.68,38.0,0,NOMINAL
VEH_4916,16,2026-08-30T08:29:56.606177,69.13,,43.51,2.522,10.96,10.08,0.88,38.0,0,NOMINAL
VEH_4916,17,2026-08-30T08:31:01.606177,68.53,,43.65,2.657,13.46,11.06,2.4,60.0,0,NOMINAL
VEH_4916,18,2026-08-30T08:32:06.606177,72.79,,44.37,2.377,13.0,12.04,0.96,38.0,0,NOMINAL
VEH_4916,19,2026-08-30T08:33:11.606177,73.88,,44.59,2.107,11.44,9.21,2.23,29.5,0,NOMINAL
VEH_4916,20,2026-08-30T08:34:16.606177,66.53,,44.37,2.387,8.86,6.8,2.06,31.0,0,NOMINAL
VEH_4916,21,2026-08-30T08:35:21.606177,66.32,,45.52,2.302,10.17,7.58,2.59,28.0,0,NOMINAL
VEH_4916,22,2026-08-30T08:36:26.606177,69.22,,45.44,2.684,10.73,8.36,2.37,29.5,0,NOMINAL
VEH_4916,23,2026-08-30T08:37:31.606177,70.91,,46.49,2.657,11.41,9.14,2.27,31.0,0,NOMINAL
VEH_4916,24,2026-08-30T08:38:36.606177,75.9,,47.55,2.589,10.07,7.11,2.96,28.0,0,NOMINAL
VEH_4916,25,2026-08-30T08:39:41.606177,64.35,,48.11,2.753,10.28,7.5,2.78,29.5,0,NOMINAL
VEH_4916,26,2026-08-30T08:40:46.606177,67.99,43.8,49.12,2.547,16.05,13.11,2.94,31.0,0,NOMINAL
VEH_4916,27,2026-08-30T08:41:51.606177,70.02,44.02,48.04,2.447,17.13,13.89,3.24,28.0,0,NOMINAL
VEH_4916,28,2026-08-30T08:42:56.606177,70.67,,48.21,2.612,9.79,7.04,2.75,29.5,0,NOMINAL
VEH_4916,29,2026-08-30T08:44:01.606177,74.15,,49.36,2.692,10.54,7.81,2.73,31.0,0,NOMINAL
VEH_4916,30,2026-08-30T08:45:06.606177,64.16,,49.99,2.611,11.48,8.2,3.28,28.0,0,NOMINAL
VEH_4917,1,2026-08-30T08:14:56.606177,67.52,39.3,38.52,1.644,17.53,17.21,0.32,34.3,0,NOMINAL
VEH_4917,2,2026-08-30T08:16:01.606177,70.48,40.98,37.36,1.823,18.4,18.09,0.31,34.6,0,NOMINAL
VEH_4917,3,2026-08-30T08:17:06.606177,69.93,,38.97,1.784,12.27,11.74,0.53,34.9,0,NOMINAL
VEH_4917,4,2026-08-30T08:18:11.606177,76.0,,40.56,1.841,13.45,12.61,0.84,35.2,0,NOMINAL
VEH_4917,5,2026-08-30T08:19:16.606177,66.63,,39.0,1.807,13.68,13.1,0.58,35.5,0,NOMINAL
VEH_4917,6,2026-08-30T08:20:21.606177,67.55,,40.5,1.753,12.29,11.58,0.71,35.8,0,NOMINAL
VEH_4917,7,2026-08-30T08:21:26.606177,71.26,42.4,39.38,1.826,17.87,17.29,0.58,36.1,0,NOMINAL
VEH_4917,8,2026-08-30T08:22:31.606177,71.95,41.95,41.69,2.099,18.94,18.17,0.77,36.4,0,NOMINAL
VEH_4917,9,2026-08-30T08:23:36.606177,74.26,,40.14,1.837,12.3,11.81,0.49,36.7,0,NOMINAL
VEH_4917,10,2026-08-30T08:24:41.606177,65.63,,41.42,1.936,12.99,12.3,0.69,37.0,0,NOMINAL
VEH_4917,11,2026-08-30T08:25:46.606177,67.36,,40.89,2.281,13.84,12.78,1.06,48.0,0,NOMINAL
VEH_4917,12,2026-08-30T08:26:51.606177,69.32,,43.29,2.097,10.84,10.16,0.68,48.0,0,NOMINAL
VEH_4917,13,2026-08-30T08:27:56.606177,71.94,,42.25,2.292,11.76,11.14,0.62,38.0,0,NOMINAL
VEH_4917,14,2026-08-30T08:29:01.606177,76.15,42.84,42.58,2.066,19.03,18.24,0.79,38.2,0,NOMINAL
VEH_4917,15,2026-08-30T08:30:06.606177,64.79,,42.92,2.425,13.44,12.7,0.74,38.0,0,NOMINAL
VEH_4917,16,2026-08-30T08:31:11.606177,67.01,,43.71,1.922,10.92,10.08,0.84,38.0,0,NOMINAL
VEH_4917,17,2026-08-30T08:32:16.606177,71.05,,44.12,2.145,13.47,11.06,2.41,60.0,0,NOMINAL
VEH_4917,18,2026-08-30T08:33:21.606177,72.63,,45.51,2.467,13.17,12.04,1.13,38.0,0,NOMINAL
VEH_4917,19,2026-08-30T08:34:26.606177,75.14,,44.39,2.129,11.45,9.21,2.24,29.5,0,NOMINAL
VEH_4917,20,2026-08-30T08:35:31.606177,65.42,,45.78,2.299,9.03,6.8,2.23,31.0,0,NOMINAL
VEH_4917,21,2026-08-30T08:36:36.606177,67.66,,47.22,2.356,10.47,7.58,2.89,28.0,0,NOMINAL
VEH_4917,22,2026-08-30T08:37:41.606177,69.64,,46.95,2.688,10.97,8.36,2.61,29.5,0,NOMINAL
VEH_4917,23,2026-08-30T08:38:46.606177,73.26,,46.15,2.427,11.43,9.14,2.29,31.0,0,NOMINAL
VEH_4917,24,2026-08-30T08:39:51.606177,72.85,,47.15,2.579,9.92,7.11,2.81,28.0,0,NOMINAL
VEH_4917,25,2026-08-30T08:40:56.606177,63.96,,46.61,2.584,10.04,7.5,2.54,29.5,0,NOMINAL
VEH_4917,26,2026-08-30T08:42:01.606177,69.66,42.92,46.98,2.555,15.68,13.11,2.57,31.0,0,NOMINAL
VEH_4917,27,2026-08-30T08:43:06.606177,71.0,41.13,47.58,2.474,16.76,13.89,2.87,28.0,0,NOMINAL
VEH_4917,28,2026-08-30T08:44:11.606177,73.78,,48.26,2.713,9.89,7.04,2.85,29.5,0,NOMINAL
VEH_4917,29,2026-08-30T08:45:16.606177,74.42,,48.39,2.649,10.4,7.81,2.59,31.0,0,NOMINAL
VEH_4917,30,2026-08-30T08:46:21.606177,66.19,,49.1,2.667,11.41,8.2,3.21,28.0,0,NOMINAL
VEH_4918,1,2026-08-30T08:16:11.606177,67.33,41.21,37.15,1.751,17.54,17.21,0.33,34.3,0,NOMINAL
VEH_4918,2,2026-08-30T08:17:16.606177,73.73,41.82,37.67,1.757,18.64,18.09,0.55,34.6,0,NOMINAL
VEH_4918,3,2026-08-30T08:18:21.606177,72.35,,38.25,1.942,12.23,11.74,0.49,34.9,0,NOMINAL
VEH_4918,4,2026-08-30T08:19:26.606177,74.7,,39.37,1.815,13.23,12.61,0.62,35.2,0,NOMINAL
VEH_4918,5,2026-08-30T08:20:31.606177,66.13,,39.28,1.768,13.71,13.1,0.61,35.5,0,NOMINAL
VEH_4918,6,2026-08-30T08:21:36.606177,67.21,,39.83,1.889,12.18,11.58,0.6,35.8,0,NOMINAL
VEH_4918,7,2026-08-30T08:22:41.606177,70.24,40.18,40.97,1.716,17.82,17.29,0.53,36.1,0,NOMINAL
VEH_4918,8,2026-08-30T08:23:46.606177,73.7,39.78,40.03,1.829,18.49,18.17,0.32,36.4,0,NOMINAL
VEH_4918,9,2026-08-30T08:24:51.606177,74.5,,40.94,2.035,12.43,11.81,0.62,36.7,0,NOMINAL
VEH_4918,10,2026-08-30T08:25:56.606177,64.29,,41.53,1.943,12.96,12.3,0.66,37.0,0,NOMINAL
VEH_4918,11,2026-08-30T08:27:01.606177,67.78,,40.09,1.744,13.98,12.78,1.2,48.0,0,NOMINAL
VEH_4918,12,2026-08-30T08:28:06.606177,69.28,,42.84,1.869,10.91,10.16,0.75,48.0,0,NOMINAL
VEH_4918,13,2026-08-30T08:29:11.606177,73.52,,42.09,2.129,11.78,11.14,0.64,38.0,0,NOMINAL
VEH_4918,14,2026-08-30T08:30:16.606177,75.19,40.18,43.14,1.96,18.78,18.24,0.54,38.2,0,NOMINAL
VEH_4918,15,2026-08-30T08:31:21.606177,65.74,,43.66,2.072,13.58,12.7,0.88,38.0,0,NOMINAL
VEH_4918,16,2026-08-30T08:32:26.606177,65.88,,44.32,2.093,10.98,10.08,0.9,38.0,0,NOMINAL
VEH_4918,17,2026-08-30T08:33:31.606177,71.71,,44.13,2.402,13.49,11.06,2.43,60.0,0,NOMINAL
VEH_4918,18,2026-08-30T08:34:36.606177,72.44,,44.61,2.156,13.03,12.04,0.99,38.0,0,NOMINAL
VEH_4918,19,2026-08-30T08:35:41.606177,74.84,,45.88,2.418,11.66,9.21,2.45,29.5,0,NOMINAL
VEH_4918,20,2026-08-30T08:36:46.606177,65.37,,46.3,2.395,9.11,6.8,2.31,31.0,0,NOMINAL
VEH_4918,21,2026-08-30T08:37:51.606177,68.31,,45.72,2.405,10.26,7.58,2.68,28.0,0,NOMINAL
VEH_4918,22,2026-08-30T08:38:56.606177,69.54,,46.85,2.358,10.95,8.36,2.59,29.5,0,NOMINAL
VEH_4918,23,2026-08-30T08:40:01.606177,74.66,,47.02,2.442,11.61,9.14,2.47,31.0,0,NOMINAL
VEH_4918,24,2026-08-30T08:41:06.606177,74.88,,46.63,2.343,9.9,7.11,2.79,28.0,0,NOMINAL
VEH_4918,25,2026-08-30T08:42:11.606177,64.7,,46.95,2.493,10.11,7.5,2.61,29.5,0,NOMINAL
VEH_4918,26,2026-08-30T08:43:16.606177,68.52,41.44,48.0,2.543,15.63,13.11,2.52,31.0,0,NOMINAL
VEH_4918,27,2026-08-30T08:44:21.606177,70.93,39.25,48.48,2.548,16.67,13.89,2.78,28.0,0,NOMINAL
VEH_4918,28,2026-08-30T08:45:26.606177,70.48,,49.37,2.516,9.95,7.04,2.91,29.5,0,NOMINAL
VEH_4918,29,2026-08-30T08:46:31.606177,74.5,,48.91,2.524,10.48,7.81,2.67,31.0,0,NOMINAL
VEH_4918,30,2026-08-30T08:47:36.606177,62.84,,50.5,2.707,11.51,8.2,3.31,28.0,0,NOMINAL
VEH_4919,1,2026-08-30T08:17:26.606177,68.01,42.75,37.54,1.693,17.8,17.21,0.59,34.3,0,NOMINAL
VEH_4919,2,2026-08-30T08:18:31.606177,68.28,43.98,38.19,1.787,18.8,18.09,0.71,34.6,0,NOMINAL
VEH_4919,3,2026-08-30T08:19:36.606177,74.51,,38.75,1.96,12.38,11.74,0.64,34.9,0,NOMINAL
VEH_4919,4,2026-08-30T08:20:41.606177,74.14,,38.56,2.066,13.09,12.61,0.48,35.2,0,NOMINAL
VEH_4919,5,2026-08-30T08:21:46.606177,62.88,,39.2,1.558,13.59,13.1,0.49,35.5,0,NOMINAL
VEH_4919,6,2026-08-30T08:22:51.606177,69.34,,41.25,2.117,12.46,11.58,0.88,35.8,0,NOMINAL
VEH_4919,7,2026-08-30T08:23:56.606177,71.41,43.08,39.8,1.731,18.01,17.29,0.72,36.1,0,NOMINAL
VEH_4919,8,2026-08-30T08:25:01.606177,72.81,43.37,39.27,2.187,18.76,18.17,0.59,36.4,0,NOMINAL
VEH_4919,9,2026-08-30T08:26:06.606177,75.1,,39.82,2.051,12.28,11.81,0.47,36.7,0,NOMINAL
VEH_4919,10,2026-08-30T08:27:11.606177,64.45,,41.51,1.961,12.96,12.3,0.66,37.0,0,NOMINAL
VEH_4919,11,2026-08-30T08:28:16.606177,67.18,,41.37,1.9,13.77,12.78,0.99,48.0,0,NOMINAL
VEH_4919,12,2026-08-30T08:29:21.606177,71.31,,41.43,2.192,11.18,10.16,1.02,48.0,0,NOMINAL
VEH_4919,13,2026-08-30T08:30:26.606177,74.5,,42.31,2.258,11.84,11.14,0.7,38.0,0,NOMINAL
VEH_4919,14,2026-08-30T08:31:31.606177,76.68,42.9,42.58,2.092,19.05,18.24,0.81,38.2,0,NOMINAL
VEH_4919,15,2026-08-30T08:32:36.606177,64.52,,43.72,2.435,13.55,12.7,0.85,38.0,0,NOMINAL
VEH_4919,16,2026-08-30T08:33:41.606177,68.6,,45.54,2.194,11.25,10.08,1.17,38.0,0,NOMINAL
VEH_4919,17,2026-08-30T08:34:46.606177,68.66,,43.89,2.526,13.43,11.06,2.37,60.0,0,NOMINAL
VEH_4919,18,2026-08-30T08:35:51.606177,72.68,,43.56,2.612,12.88,12.04,0.84,38.0,0,NOMINAL
VEH_4919,19,2026-08-30T08:36:56.606177,75.57,,44.48,2.565,11.48,9.21,2.27,29.5,0,NOMINAL
VEH_4919,20,2026-08-30T08:38:01.606177,63.47,,45.09,2.515,8.87,6.8,2.07,31.0,0,NOMINAL
VEH_4919,21,2026-08-30T08:39:06.606177,68.85,,45.7,2.382,10.28,7.58,2.7,28.0,0,NOMINAL
VEH_4919,22,2026-08-30T08:40:11.606177,71.68,,46.61,2.583,10.98,8.36,2.62,29.5,0,NOMINAL
VEH_4919,23,2026-08-30T08:41:16.606177,73.01,,47.13,2.325,11.57,9.14,2.43,31.0,0,NOMINAL
VEH_4919,24,2026-08-30T08:42:21.606177,75.39,,48.65,2.518,10.22,7.11,3.11,28.0,0,NOMINAL
VEH_4919,25,2026-08-30T08:43:26.606177,62.55,,47.88,2.52,10.19,7.5,2.69,29.5,0,NOMINAL
VEH_4919,26,2026-08-30T08:44:31.606177,68.55,43.13,48.15,2.62,15.85,13.11,2.74,31.0,0,NOMINAL
VEH_4919,27,2026-08-30T08:45:36.606177,68.85,44.41,47.88,2.896,17.11,13.89,3.22,28.0,0,NOMINAL
VEH_4919,28,2026-08-30T08:46:41.606177,73.46,,48.16,2.745,9.86,7.04,2.82,29.5,0,NOMINAL
VEH_4919,29,2026-08-30T08:47:46.606177,74.01,,49.49,2.542,10.56,7.81,2.75,31.0,0,NOMINAL
VEH_4919,30,2026-08-30T08:48:51.606177,67.51,,49.66,2.735,11.53,8.2,3.33,28.0,0,NOMINAL
VEH_4920,1,2026-08-30T08:18:41.606177,66.79,41.38,37.68,1.765,17.62,17.21,0.41,34.3,0,NOMINAL
VEH_4920,2,2026-08-30T08:19:46.606177,71.31,41.91,38.16,1.986,18.65,18.09,0.56,34.6,0,NOMINAL
VEH_4920,3,2026-08-30T08:20:51.606177,74.85,,38.11,1.963,12.29,11.74,0.55,34.9,0,NOMINAL
VEH_4920,4,2026-08-30T08:21:56.606177,76.86,,39.04,2.121,13.25,12.61,0.64,35.2,0,NOMINAL
VEH_4920,5,2026-08-30T08:23:01.606177,65.7,,38.33,1.756,13.55,13.1,0.45,35.5,0,NOMINAL
VEH_4920,6,2026-08-30T08:24:06.606177,68.2,,39.05,2.122,12.09,11.58,0.51,35.8,0,NOMINAL
VEH_4920,7,2026-08-30T08:25:11.606177,69.27,41.81,40.89,1.924,17.96,17.29,0.67,36.1,0,NOMINAL
VEH_4920,8,2026-08-30T08:26:16.606177,71.36,42.93,40.65,1.916,18.88,18.17,0.71,36.4,0,NOMINAL
VEH_4920,9,2026-08-30T08:27:21.606177,75.76,,40.55,1.848,12.41,11.81,0.6,36.7,0,NOMINAL
VEH_4920,10,2026-08-30T08:28:26.606177,65.11,,40.51,2.028,12.83,12.3,0.53,37.0,0,NOMINAL
VEH_4920,11,2026-08-30T08:29:31.606177,66.45,,41.2,1.997,13.77,12.78,0.99,48.0,0,NOMINAL
VEH_4920,12,2026-08-30T08:30:36.606177,70.32,,41.94,2.335,11.08,10.16,0.92,48.0,0,NOMINAL
VEH_4920,13,2026-08-30T08:31:41.606177,73.44,,44.88,2.141,12.2,11.14,1.06,38.0,0,NOMINAL
VEH_4920,14,2026-08-30T08:32:46.606177,74.77,42.03,43.91,2.063,19.1,18.24,0.86,38.2,0,NOMINAL
VEH_4920,15,2026-08-30T08:33:51.606177,65.01,,43.75,2.028,13.57,12.7,0.87,38.0,0,NOMINAL
VEH_4920,16,2026-08-30T08:34:56.606177,67.29,,42.22,2.209,10.71,10.08,0.63,38.0,0,NOMINAL
VEH_4920,17,2026-08-30T08:36:01.606177,70.04,,43.54,2.453,13.53,11.06,2.47,60.0,0,NOMINAL
VEH_4920,18,2026-08-30T08:37:06.606177,71.28,,45.86,2.219,13.18,12.04,1.14,38.0,0,NOMINAL
VEH_4920,19,2026-08-30T08:38:11.606177,74.46,,44.45,2.267,11.44,9.21,2.23,29.5,0,NOMINAL
VEH_4920,20,2026-08-30T08:39:16.606177,63.66,,45.74,2.637,8.97,6.8,2.17,31.0,0,NOMINAL
VEH_4920,21,2026-08-30T08:40:21.606177,68.57,,46.82,2.523,10.44,7.58,2.86,28.0,0,NOMINAL
VEH_4920,22,2026-08-30T08:41:26.606177,68.26,,45.98,2.507,10.78,8.36,2.42,29.5,0,NOMINAL
VEH_4920,23,2026-08-30T08:42:31.606177,73.28,,45.31,2.457,11.31,9.14,2.17,31.0,0,NOMINAL
VEH_4920,24,2026-08-30T08:43:36.606177,75.08,,45.39,2.718,9.72,7.11,2.61,28.0,0,NOMINAL
VEH_4920,25,2026-08-30T08:44:41.606177,64.92,,48.77,2.442,10.39,7.5,2.89,29.5,0,NOMINAL
VEH_4920,26,2026-08-30T08:45:46.606177,66.91,42.84,48.81,2.759,15.86,13.11,2.75,31.0,0,NOMINAL
VEH_4920,27,2026-08-30T08:46:51.606177,68.35,41.63,47.24,2.505,16.68,13.89,2.79,28.0,0,NOMINAL
VEH_4920,28,2026-08-30T08:47:56.606177,73.13,,48.28,2.531,9.87,7.04,2.83,29.5,0,NOMINAL
VEH_4920,29,2026-08-30T08:49:01.606177,78.11,,49.17,2.843,10.63,7.81,2.82,31.0,0,NOMINAL
VEH_4920,30,2026-08-30T08:50:06.606177,63.66,,49.92,2.77,11.45,8.2,3.25,28.0,0,NOMINAL
VEH_4921,1,2026-08-30T08:19:56.606177,69.98,43.9,37.12,1.846,17.93,17.21,0.72,34.3,0,NOMINAL
VEH_4921,2,2026-08-30T08:21:01.606177,68.98,44.32,38.95,2.004,18.98,18.09,0.89,34.6,0,NOMINAL
VEH_4921,3,2026-08-30T08:22:06.606177,74.29,,38.13,1.89,12.27,11.74,0.53,34.9,0,NOMINAL
VEH_4921,4,2026-08-30T08:23:11.606177,75.2,,39.66,1.944,13.29,12.61,0.68,35.2,0,NOMINAL
VEH_4921,5,2026-08-30T08:24:16.606177,66.89,,40.41,1.955,13.9,13.1,0.8,35.5,0,NOMINAL
VEH_4921,6,2026-08-30T08:25:21.606177,67.77,,40.81,1.938,12.34,11.58,0.76,35.8,0,NOMINAL
VEH_4921,7,2026-08-30T08:26:26.606177,69.79,42.08,40.82,1.817,18.0,17.29,0.71,36.1,0,NOMINAL
VEH_4921,8,2026-08-30T08:27:31.606177,72.92,41.83,40.7,1.909,18.8,18.17,0.63,36.4,0,NOMINAL
VEH_4921,9,2026-08-30T08:28:36.606177,74.95,,41.29,1.824,12.5,11.81,0.69,36.7,0,NOMINAL
VEH_4921,10,2026-08-30T08:29:41.606177,64.43,,40.73,1.819,12.85,12.3,0.55,37.0,0,NOMINAL
VEH_4921,11,2026-08-30T08:30:46.606177,67.3,,44.06,1.798,13.37,12.78,0.59,48.0,0,NOMINAL
VEH_4921,12,2026-08-30T08:31:51.606177,69.23,,42.13,2.054,11.01,10.16,0.85,48.0,0,NOMINAL
VEH_4921,13,2026-08-30T08:32:56.606177,73.47,,43.53,2.304,12.0,11.14,0.86,38.0,0,NOMINAL
VEH_4921,14,2026-08-30T08:34:01.606177,74.42,41.95,42.0,2.193,18.79,18.24,0.55,38.2,0,NOMINAL
VEH_4921,15,2026-08-30T08:35:06.606177,63.91,,42.7,2.254,13.38,12.7,0.68,38.0,0,NOMINAL
VEH_4921,16,2026-08-30T08:36:11.606177,67.27,,43.0,2.431,10.82,10.08,0.74,38.0,0,NOMINAL
VEH_4921,17,2026-08-30T08:37:16.606177,68.39,,43.25,2.182,13.52,11.06,2.46,60.0,0,NOMINAL
VEH_4921,18,2026-08-30T08:38:21.606177,70.72,,44.85,2.224,13.01,12.04,0.97,38.0,0,NOMINAL
VEH_4921,19,2026-08-30T08:39:26.606177,75.71,,45.7,2.365,11.66,9.21,2.45,29.5,0,NOMINAL
VEH_4921,20,2026-08-30T08:40:31.606177,65.42,,45.2,2.545,8.95,6.8,2.15,31.0,0,NOMINAL
VEH_4921,21,2026-08-30T08:41:36.606177,67.4,,45.94,2.402,10.27,7.58,2.69,28.0,0,NOMINAL
VEH_4921,22,2026-08-30T08:42:41.606177,70.15,,45.53,2.303,10.77,8.36,2.41,29.5,0,NOMINAL
VEH_4921,23,2026-08-30T08:43:46.606177,74.23,,47.74,2.504,11.7,9.14,2.56,31.0,0,NOMINAL
VEH_4921,24,2026-08-30T08:44:51.606177,74.24,,46.61,2.446,9.88,7.11,2.77,28.0,0,NOMINAL
VEH_4921,25,2026-08-30T08:45:56.606177,65.01,,47.27,2.296,10.17,7.5,2.67,29.5,0,NOMINAL
VEH_4921,26,2026-08-30T08:47:01.606177,67.64,42.64,47.78,2.653,15.71,13.11,2.6,31.0,0,NOMINAL
VEH_4921,27,2026-08-30T08:48:06.606177,71.53,42.22,47.19,2.478,16.84,13.89,2.95,28.0,0,NOMINAL
VEH_4921,28,2026-08-30T08:49:11.606177,73.85,,47.85,2.73,9.83,7.04,2.79,29.5,0,NOMINAL
VEH_4921,29,2026-08-30T08:50:16.606177,76.95,,49.24,2.475,10.61,7.81,2.8,31.0,0,NOMINAL
VEH_4921,30,2026-08-30T08:51:21.606177,64.12,,49.6,2.557,11.42,8.2,3.22,28.0,0,NOMINAL
VEH_4922,1,2026-08-30T08:21:11.606177,67.51,39.85,36.18,1.738,17.25,17.21,0.04,34.3,0,NOMINAL
VEH_4922,2,2026-08-30T08:22:16.606177,71.7,41.13,37.77,1.861,18.52,18.09,0.43,34.6,0,NOMINAL
VEH_4922,3,2026-08-30T08:23:21.606177,73.57,,38.74,1.971,12.34,11.74,0.6,34.9,0,NOMINAL
VEH_4922,4,2026-08-30T08:24:26.606177,73.8,,39.33,1.85,13.2,12.61,0.59,35.2,0,NOMINAL
VEH_4922,5,2026-08-30T08:25:31.606177,65.29,,39.29,1.973,13.68,13.1,0.58,35.5,0,NOMINAL
VEH_4922,6,2026-08-30T08:26:36.606177,66.96,,40.25,1.903,12.23,11.58,0.65,35.8,0,NOMINAL
VEH_4922,7,2026-08-30T08:27:41.606177,70.14,41.53,39.23,1.744,17.71,17.29,0.42,36.1,0,NOMINAL
VEH_4922,8,2026-08-30T08:28:46.606177,72.65,41.98,41.93,1.963,19.0,18.17,0.83,36.4,0,NOMINAL
VEH_4922,9,2026-08-30T08:29:51.606177,74.86,,41.01,1.965,12.45,11.81,0.64,36.7,0,NOMINAL
VEH_4922,10,2026-08-30T08:30:56.606177,64.23,,40.81,2.173,12.85,12.3,0.55,37.0,0,NOMINAL
VEH_4922,11,2026-08-30T08:32:01.606177,67.1,,42.81,1.974,13.55,12.78,0.77,48.0,0,NOMINAL
VEH_4922,12,2026-08-30T08:33:06.606177,69.26,,42.13,2.158,11.02,10.16,0.86,48.0,0,NOMINAL
VEH_4922,13,2026-08-30T08:34:11.606177,73.66,,43.18,2.211,11.95,11.14,0.81,38.0,0,NOMINAL
VEH_4922,14,2026-08-30T08:35:16.606177,74.12,40.14,41.3,2.347,18.47,18.24,0.23,38.2,0,NOMINAL
VEH_4922,15,2026-08-30T08:36:21.606177,65.76,,43.29,2.583,13.52,12.7,0.82,38.0,0,NOMINAL
VEH_4922,16,2026-08-30T08:37:26.606177,69.93,,43.4,2.052,10.97,10.08,0.89,38.0,0,NOMINAL
VEH_4922,17,2026-08-30T08:38:31.606177,70.2,,44.57,2.233,13.38,11.06,2.32,60.0,0,NOMINAL
VEH_4922,18,2026-08-30T08:39:36.606177,72.96,,46.67,2.512,13.35,12.04,1.31,38.0,0,NOMINAL
VEH_4922,19,2026-08-30T08:40:41.606177,76.41,,44.12,2.592,11.45,9.21,2.24,29.5,0,NOMINAL
VEH_4922,20,2026-08-30T08:41:46.606177,65.38,,45.84,2.184,9.04,6.8,2.24,31.0,0,NOMINAL
VEH_4922,21,2026-08-30T08:42:51.606177,67.86,,45.34,2.411,10.19,7.58,2.61,28.0,0,NOMINAL
VEH_4922,22,2026-08-30T08:43:56.606177,69.16,,45.83,2.393,10.78,8.36,2.42,29.5,0,NOMINAL
VEH_4922,23,2026-08-30T08:45:01.606177,73.07,,47.58,2.546,11.64,9.14,2.5,31.0,0,NOMINAL
VEH_4922,24,2026-08-30T08:46:06.606177,76.17,,47.89,2.633,10.13,7.11,3.02,28.0,0,NOMINAL
VEH_4922,25,2026-08-30T08:47:11.606177,64.35,,49.04,2.46,10.41,7.5,2.91,29.5,0,NOMINAL
VEH_4922,26,2026-08-30T08:48:16.606177,65.04,42.69,46.74,2.279,15.48,13.11,2.37,31.0,0,NOMINAL
VEH_4922,27,2026-08-30T08:49:21.606177,70.73,42.95,49.24,2.147,17.21,13.89,3.32,28.0,0,NOMINAL
VEH_4922,28,2026-08-30T08:50:26.606177,73.03,,49.26,2.849,10.02,7.04,2.98,29.5,0,NOMINAL
VEH_4922,29,2026-08-30T08:51:31.606177,77.85,,47.78,2.554,10.42,7.81,2.61,31.0,0,NOMINAL
VEH_4922,30,2026-08-30T08:52:36.606177,65.04,,49.91,2.73,11.49,8.2,3.29,28.0,0,NOMINAL
VEH_4923,1,2026-08-30T08:22:26.606177,67.0,40.83,36.6,1.87,17.41,17.21,0.2,34.3,0,NOMINAL
VEH_4923,2,2026-08-30T08:23:31.606177,70.03,41.57,39.33,1.636,18.75,18.09,0.66,34.6,0,NOMINAL
VEH_4923,3,2026-08-30T08:24:36.606177,71.91,,38.19,1.857,12.21,11.74,0.47,34.9,0,NOMINAL
VEH_4923,4,2026-08-30T08:25:41.606177,73.43,,38.95,1.767,13.13,12.61,0.52,35.2,0,NOMINAL
VEH_4923,5,2026-08-30T08:26:46.606177,66.62,,39.82,1.6,13.8,13.1,0.7,35.5,0,NOMINAL
VEH_4923,6,2026-08-30T08:27:51.606177,70.76,,38.25,1.984,12.05,11.58,0.47,35.8,0,NOMINAL
VEH_4923,7,2026-08-30T08:28:56.606177,70.58,42.18,41.79,2.033,18.18,17.29,0.89,36.1,0,NOMINAL
VEH_4923,8,2026-08-30T08:30:01.606177,73.11,40.76,39.47,1.943,18.5,18.17,0.33,36.4,0,NOMINAL
VEH_4923,9,2026-08-30T08:31:06.606177,74.85,,40.64,1.971,12.4,11.81,0.59,36.7,0,NOMINAL
VEH_4923,10,2026-08-30T08:32:11.606177,65.91,,42.25,2.035,13.12,12.3,0.82,37.0,0,NOMINAL
VEH_4923,11,2026-08-30T08:33:16.606177,69.4,,41.12,1.822,13.87,12.78,1.09,48.0,0,NOMINAL
VEH_4923,12,2026-08-30T08:34:21.606177,103.61,,47.62,1.887,11.25,10.16,1.09,48.0,1,MICRO_STOPPAGE_PRESSURE_DROP
VEH_4923,13,2026-08-30T08:35:26.606177,70.4,,43.53,2.321,11.9,11.14,0.76,38.0,0,NOMINAL
VEH_4923,14,2026-08-30T08:36:31.606177,75.59,43.0,42.87,2.37,19.08,18.24,0.84,38.2,0,NOMINAL
VEH_4923,15,2026-08-30T08:37:36.606177,65.59,,43.82,2.645,13.59,12.7,0.89,38.0,0,NOMINAL
VEH_4923,16,2026-08-30T08:38:41.606177,67.41,,44.37,2.398,11.03,10.08,0.95,38.0,0,NOMINAL
VEH_4923,17,2026-08-30T08:39:46.606177,70.44,,45.51,2.145,13.25,11.06,2.19,60.0,0,NOMINAL
VEH_4923,18,2026-08-30T08:40:51.606177,71.92,,45.91,2.462,13.2,12.04,1.16,38.0,0,NOMINAL
VEH_4923,19,2026-08-30T08:41:56.606177,74.21,,44.06,2.384,11.37,9.21,2.16,29.5,0,NOMINAL
VEH_4923,20,2026-08-30T08:43:01.606177,64.91,,45.49,2.425,8.97,6.8,2.17,31.0,0,NOMINAL
VEH_4923,21,2026-08-30T08:44:06.606177,67.09,,45.87,2.445,10.25,7.58,2.67,28.0,0,NOMINAL
VEH_4923,22,2026-08-30T08:45:11.606177,69.63,,46.03,2.456,10.83,8.36,2.47,29.5,0,NOMINAL
VEH_4923,23,2026-08-30T08:46:16.606177,73.53,,46.88,2.837,11.55,9.14,2.41,31.0,0,NOMINAL
VEH_4923,24,2026-08-30T08:47:21.606177,75.19,,48.12,2.527,10.14,7.11,3.03,28.0,0,NOMINAL
VEH_4923,25,2026-08-30T08:48:26.606177,65.71,,48.06,2.65,10.31,7.5,2.81,29.5,0,NOMINAL
VEH_4923,26,2026-08-30T08:49:31.606177,66.18,43.36,49.27,2.697,15.97,13.11,2.86,31.0,0,NOMINAL
VEH_4923,27,2026-08-30T08:50:36.606177,69.55,41.37,48.61,2.635,16.89,13.89,3.0,28.0,0,NOMINAL
VEH_4923,28,2026-08-30T08:51:41.606177,72.19,,48.94,2.713,9.94,7.04,2.9,29.5,0,NOMINAL
VEH_4923,29,2026-08-30T08:52:46.606177,73.62,,47.66,2.506,10.27,7.81,2.46,31.0,0,NOMINAL
VEH_4923,30,2026-08-30T08:53:51.606177,66.25,,48.75,2.857,11.35,8.2,3.15,28.0,0,NOMINAL
VEH_4924,1,2026-08-30T08:23:41.606177,68.74,44.29,36.32,1.916,17.82,17.21,0.61,34.3,0,NOMINAL
VEH_4924,2,2026-08-30T08:24:46.606177,71.86,44.08,38.37,2.055,18.95,18.09,0.86,34.6,0,NOMINAL
VEH_4924,3,2026-08-30T08:25:51.606177,68.98,,39.62,1.972,12.33,11.74,0.59,34.9,0,NOMINAL
VEH_4924,4,2026-08-30T08:26:56.606177,75.34,,38.22,2.053,13.08,12.61,0.47,35.2,0,NOMINAL
VEH_4924,5,2026-08-30T08:28:01.606177,65.86,,40.38,1.818,13.86,13.1,0.76,35.5,0,NOMINAL
VEH_4924,6,2026-08-30T08:29:06.606177,69.54,,40.25,1.9,12.31,11.58,0.73,35.8,0,NOMINAL
VEH_4924,7,2026-08-30T08:30:11.606177,71.06,44.56,40.08,1.707,18.21,17.29,0.92,36.1,0,NOMINAL
VEH_4924,8,2026-08-30T08:31:16.606177,70.23,40.84,38.98,2.162,18.35,18.17,0.18,36.4,0,NOMINAL
VEH_4924,9,2026-08-30T08:32:21.606177,76.31,,41.29,2.108,12.54,11.81,0.73,36.7,0,NOMINAL
VEH_4924,10,2026-08-30T08:33:26.606177,61.29,,40.92,2.102,12.78,12.3,0.48,37.0,0,NOMINAL
VEH_4924,11,2026-08-30T08:34:31.606177,67.26,,42.34,2.244,13.62,12.78,0.84,48.0,0,NOMINAL
VEH_4924,12,2026-08-30T08:35:36.606177,69.25,,40.63,2.427,11.24,10.16,1.08,48.0,0,NOMINAL
VEH_4924,13,2026-08-30T08:36:41.606177,72.2,,42.79,2.435,11.85,11.14,0.71,38.0,0,NOMINAL
VEH_4924,14,2026-08-30T08:37:46.606177,74.44,41.9,42.7,2.243,18.89,18.24,0.65,38.2,0,NOMINAL
VEH_4924,15,2026-08-30T08:38:51.606177,63.34,,43.56,2.206,13.49,12.7,0.79,38.0,0,NOMINAL
VEH_4924,16,2026-08-30T08:39:56.606177,65.77,,42.34,2.199,10.68,10.08,0.6,38.0,0,NOMINAL
VEH_4924,17,2026-08-30T08:41:01.606177,69.77,,44.09,2.311,13.44,11.06,2.38,60.0,0,NOMINAL
VEH_4924,18,2026-08-30T08:42:06.606177,71.7,,45.59,2.722,13.15,12.04,1.11,38.0,0,NOMINAL
VEH_4924,19,2026-08-30T08:43:11.606177,75.73,,44.72,2.172,11.52,9.21,2.31,29.5,0,NOMINAL
VEH_4924,20,2026-08-30T08:44:16.606177,63.08,,45.19,2.339,8.87,6.8,2.07,31.0,0,NOMINAL
VEH_4924,21,2026-08-30T08:45:21.606177,67.05,,46.63,2.57,10.36,7.58,2.78,28.0,0,NOMINAL
VEH_4924,22,2026-08-30T08:46:26.606177,68.96,,45.87,2.444,10.78,8.36,2.42,29.5,0,NOMINAL
VEH_4924,23,2026-08-30T08:47:31.606177,72.56,,45.7,2.454,11.34,9.14,2.2,31.0,0,NOMINAL
VEH_4924,24,2026-08-30T08:48:36.606177,73.01,,48.6,2.469,10.14,7.11,3.03,28.0,0,NOMINAL
VEH_4924,25,2026-08-30T08:49:41.606177,67.38,,46.78,2.408,10.17,7.5,2.67,29.5,0,NOMINAL
VEH_4924,26,2026-08-30T08:50:46.606177,65.99,41.68,48.0,2.676,15.58,13.11,2.47,31.0,0,NOMINAL
VEH_4924,27,2026-08-30T08:51:51.606177,70.43,44.62,49.68,2.83,17.45,13.89,3.56,28.0,0,NOMINAL
VEH_4924,28,2026-08-30T08:52:56.606177,73.06,,49.11,2.517,9.99,7.04,2.95,29.5,0,NOMINAL
VEH_4924,29,2026-08-30T08:54:01.606177,74.04,,50.28,2.915,10.68,7.81,2.87,31.0,0,NOMINAL
VEH_4924,30,2026-08-30T08:55:06.606177,64.07,,48.19,2.893,11.2,8.2,3.0,28.0,0,NOMINAL
VEH_4925,1,2026-08-30T08:24:56.606177,68.44,42.18,38.33,1.716,17.86,17.21,0.65,34.3,0,NOMINAL
VEH_4925,2,2026-08-30T08:26:01.606177,69.22,41.14,37.62,2.009,18.42,18.09,0.33,34.6,0,NOMINAL
VEH_4925,3,2026-08-30T08:27:06.606177,72.7,,37.8,2.218,12.18,11.74,0.44,34.9,0,NOMINAL
VEH_4925,4,2026-08-30T08:28:11.606177,75.66,,40.18,2.014,13.38,12.61,0.77,35.2,0,NOMINAL
VEH_4925,5,2026-08-30T08:29:16.606177,64.89,,38.91,1.921,13.61,13.1,0.51,35.5,0,NOMINAL
VEH_4925,6,2026-08-30T08:30:21.606177,66.03,,38.75,1.88,11.98,11.58,0.4,35.8,0,NOMINAL
VEH_4925,7,2026-08-30T08:31:26.606177,68.78,42.35,41.17,1.827,18.05,17.29,0.76,36.1,0,NOMINAL
VEH_4925,8,2026-08-30T08:32:31.606177,71.57,42.46,42.03,2.043,19.03,18.17,0.86,36.4,0,NOMINAL
VEH_4925,9,2026-08-30T08:33:36.606177,73.39,,39.92,1.916,12.25,11.81,0.44,36.7,0,NOMINAL
VEH_4925,10,2026-08-30T08:34:41.606177,66.99,,41.24,1.92,13.0,12.3,0.7,37.0,0,NOMINAL
VEH_4925,11,2026-08-30T08:35:46.606177,67.54,,43.22,2.226,13.5,12.78,0.72,48.0,0,NOMINAL
VEH_4925,12,2026-08-30T08:36:51.606177,69.67,,41.95,2.103,11.06,10.16,0.9,48.0,0,NOMINAL
VEH_4925,13,2026-08-30T08:37:56.606177,71.91,,43.52,2.381,11.95,11.14,0.81,38.0,0,NOMINAL
VEH_4925,14,2026-08-30T08:39:01.606177,75.09,41.85,42.61,2.36,18.89,18.24,0.65,38.2,0,NOMINAL
VEH_4925,15,2026-08-30T08:40:06.606177,66.02,,44.8,2.248,13.76,12.7,1.06,38.0,0,NOMINAL
VEH_4925,16,2026-08-30T08:41:11.606177,67.3,,44.32,2.142,11.02,10.08,0.94,38.0,0,NOMINAL
VEH_4925,17,2026-08-30T08:42:16.606177,70.71,,44.65,2.308,13.38,11.06,2.32,60.0,0,NOMINAL
VEH_4925,18,2026-08-30T08:43:21.606177,74.34,,44.57,2.495,13.08,12.04,1.04,38.0,0,NOMINAL
VEH_4925,19,2026-08-30T08:44:26.606177,75.66,,44.2,2.513,11.44,9.21,2.23,29.5,0,NOMINAL
VEH_4925,20,2026-08-30T08:45:31.606177,66.59,,43.44,2.442,8.72,6.8,1.92,31.0,0,NOMINAL
VEH_4925,21,2026-08-30T08:46:36.606177,67.12,,45.74,2.24,10.23,7.58,2.65,28.0,0,NOMINAL
VEH_4925,22,2026-08-30T08:47:41.606177,69.42,,46.55,2.666,10.9,8.36,2.54,29.5,0,NOMINAL
VEH_4925,23,2026-08-30T08:48:46.606177,72.82,,46.86,2.352,11.52,9.14,2.38,31.0,0,NOMINAL
VEH_4925,24,2026-08-30T08:49:51.606177,75.31,,48.72,2.516,10.23,7.11,3.12,28.0,0,NOMINAL
VEH_4925,25,2026-08-30T08:50:56.606177,67.33,,47.87,2.743,10.33,7.5,2.83,29.5,0,NOMINAL
VEH_4925,26,2026-08-30T08:52:01.606177,67.31,43.7,48.26,2.582,15.89,13.11,2.78,31.0,0,NOMINAL
VEH_4925,27,2026-08-30T08:53:06.606177,68.03,42.47,47.47,2.615,16.8,13.89,2.91,28.0,0,NOMINAL
VEH_4925,28,2026-08-30T08:54:11.606177,72.19,,49.54,2.809,10.03,7.04,2.99,29.5,0,NOMINAL
VEH_4925,29,2026-08-30T08:55:16.606177,74.6,,47.83,2.685,10.33,7.81,2.52,31.0,0,NOMINAL
VEH_4925,30,2026-08-30T08:56:21.606177,67.26,,49.98,2.474,11.57,8.2,3.37,28.0,0,NOMINAL
VEH_4926,1,2026-08-30T08:26:11.606177,67.76,38.31,37.18,1.569,17.23,17.21,0.02,34.3,0,NOMINAL
VEH_4926,2,2026-08-30T08:27:16.606177,69.2,37.35,39.38,1.817,18.25,18.09,0.16,34.6,0,NOMINAL
VEH_4926,3,2026-08-30T08:28:21.606177,70.73,,37.24,1.698,12.03,11.74,0.29,34.9,0,NOMINAL
VEH_4926,4,2026-08-30T08:29:26.606177,74.93,,39.32,1.611,13.23,12.61,0.62,35.2,0,NOMINAL
VEH_4926,5,2026-08-30T08:30:31.606177,62.23,,37.71,1.772,13.35,13.1,0.25,35.5,0,NOMINAL
VEH_4926,6,2026-08-30T08:31:36.606177,67.34,,39.81,1.645,12.18,11.58,0.6,35.8,0,NOMINAL
VEH_4926,7,2026-08-30T08:32:41.606177,69.74,36.72,40.21,1.554,17.29,17.29,0.0,36.1,0,NOMINAL
VEH_4926,8,2026-08-30T08:33:46.606177,70.34,37.46,41.57,1.733,18.35,18.17,0.18,36.4,0,NOMINAL
VEH_4926,9,2026-08-30T08:34:51.606177,76.39,,40.67,1.371,12.45,11.81,0.64,36.7,0,NOMINAL
VEH_4926,10,2026-08-30T08:35:56.606177,64.99,,39.31,2.087,12.65,12.3,0.35,37.0,0,NOMINAL
VEH_4926,11,2026-08-30T08:37:01.606177,67.84,,40.99,1.706,13.84,12.78,1.06,48.0,0,NOMINAL
VEH_4926,12,2026-08-30T08:38:06.606177,67.24,,43.63,1.954,10.73,10.16,0.57,48.0,0,NOMINAL
VEH_4926,13,2026-08-30T08:39:11.606177,73.29,,43.09,2.008,11.92,11.14,0.78,38.0,0,NOMINAL
VEH_4926,14,2026-08-30T08:40:16.606177,75.13,37.03,42.67,2.003,18.35,18.24,0.11,38.2,0,NOMINAL
VEH_4926,15,2026-08-30T08:41:21.606177,67.6,,43.75,2.168,13.65,12.7,0.95,38.0,0,NOMINAL
VEH_4926,16,2026-08-30T08:42:26.606177,66.32,,43.81,2.165,10.92,10.08,0.84,38.0,0,NOMINAL
VEH_4926,17,2026-08-30T08:43:31.606177,68.4,,42.89,2.074,13.58,11.06,2.52,60.0,0,NOMINAL
VEH_4926,18,2026-08-30T08:44:36.606177,72.07,,45.12,2.416,13.09,12.04,1.05,38.0,0,NOMINAL
VEH_4926,19,2026-08-30T08:45:41.606177,72.56,,45.18,1.998,11.49,9.21,2.28,29.5,0,NOMINAL
VEH_4926,20,2026-08-30T08:46:46.606177,65.28,,47.23,2.345,9.25,6.8,2.45,31.0,0,NOMINAL
VEH_4926,21,2026-08-30T08:47:51.606177,66.41,,46.17,2.067,10.27,7.58,2.69,28.0,0,NOMINAL
VEH_4926,22,2026-08-30T08:48:56.606177,74.53,,47.48,2.311,11.2,8.36,2.84,29.5,0,NOMINAL
VEH_4926,23,2026-08-30T08:50:01.606177,72.97,,46.53,2.312,11.48,9.14,2.34,31.0,0,NOMINAL
VEH_4926,24,2026-08-30T08:51:06.606177,74.81,,49.18,2.224,10.28,7.11,3.17,28.0,0,NOMINAL
VEH_4926,25,2026-08-30T08:52:11.606177,65.73,,48.61,2.309,10.39,7.5,2.89,29.5,0,NOMINAL
VEH_4926,26,2026-08-30T08:53:16.606177,67.24,34.91,47.65,2.385,14.79,13.11,1.68,31.0,0,NOMINAL
VEH_4926,27,2026-08-30T08:54:21.606177,70.52,36.76,48.19,2.425,16.33,13.89,2.44,28.0,0,NOMINAL
VEH_4926,28,2026-08-30T08:55:26.606177,74.18,,48.62,2.431,9.96,7.04,2.92,29.5,0,NOMINAL
VEH_4926,29,2026-08-30T08:56:31.606177,73.58,,49.61,2.407,10.56,7.81,2.75,31.0,0,NOMINAL
VEH_4926,30,2026-08-30T08:57:36.606177,64.76,,49.0,2.5,11.35,8.2,3.15,28.0,0,NOMINAL
VEH_4927,1,2026-08-30T08:27:26.606177,67.55,42.81,35.73,1.833,17.52,17.21,0.31,34.3,0,NOMINAL
VEH_4927,2,2026-08-30T08:28:31.606177,70.23,41.8,38.66,2.008,18.68,18.09,0.59,34.6,0,NOMINAL
VEH_4927,3,2026-08-30T08:29:36.606177,70.61,,38.92,1.854,12.28,11.74,0.54,34.9,0,NOMINAL
VEH_4927,4,2026-08-30T08:30:41.606177,76.18,,39.76,1.802,13.33,12.61,0.72,35.2,0,NOMINAL
VEH_4927,5,2026-08-30T08:31:46.606177,66.63,,40.23,2.151,13.86,13.1,0.76,35.5,0,NOMINAL
VEH_4927,6,2026-08-30T08:32:51.606177,67.22,,39.3,1.745,12.1,11.58,0.52,35.8,0,NOMINAL
VEH_4927,7,2026-08-30T08:33:56.606177,69.47,41.96,39.77,1.828,17.82,17.29,0.53,36.1,0,NOMINAL
VEH_4927,8,2026-08-30T08:35:01.606177,72.49,43.2,41.49,2.253,19.07,18.17,0.9,36.4,0,NOMINAL
VEH_4927,9,2026-08-30T08:36:06.606177,73.6,,41.79,2.083,12.53,11.81,0.72,36.7,0,NOMINAL
VEH_4927,10,2026-08-30T08:37:11.606177,63.96,,42.04,2.186,13.03,12.3,0.73,37.0,0,NOMINAL
VEH_4927,11,2026-08-30T08:38:16.606177,67.76,,41.78,2.159,13.72,12.78,0.94,48.0,0,NOMINAL
VEH_4927,12,2026-08-30T08:39:21.606177,67.8,,41.63,2.271,11.05,10.16,0.89,48.0,0,NOMINAL
VEH_4927,13,2026-08-30T08:40:26.606177,72.97,,42.06,2.266,11.76,11.14,0.62,38.0,0,NOMINAL
VEH_4927,14,2026-08-30T08:41:31.606177,74.16,43.85,42.99,2.205,19.15,18.24,0.91,38.2,0,NOMINAL
VEH_4927,15,2026-08-30T08:42:36.606177,63.53,,42.41,2.527,13.32,12.7,0.62,38.0,0,NOMINAL
VEH_4927,16,2026-08-30T08:43:41.606177,68.15,,44.5,2.375,11.08,10.08,1.0,38.0,0,NOMINAL
VEH_4927,17,2026-08-30T08:44:46.606177,71.09,,43.53,2.439,13.56,11.06,2.5,60.0,0,NOMINAL
VEH_4927,18,2026-08-30T08:45:51.606177,71.45,,45.66,2.307,13.15,12.04,1.11,38.0,0,NOMINAL
VEH_4927,19,2026-08-30T08:46:56.606177,73.74,,44.67,2.41,11.45,9.21,2.24,29.5,0,NOMINAL
VEH_4927,20,2026-08-30T08:48:01.606177,63.98,,45.36,2.648,8.93,6.8,2.13,31.0,0,NOMINAL
VEH_4927,21,2026-08-30T08:49:06.606177,66.57,,45.56,2.05,10.19,7.58,2.61,28.0,0,NOMINAL
VEH_4927,22,2026-08-30T08:50:11.606177,68.32,,46.6,2.633,10.87,8.36,2.51,29.5,0,NOMINAL
VEH_4927,23,2026-08-30T08:51:16.606177,73.02,,47.05,2.566,11.56,9.14,2.42,31.0,0,NOMINAL
VEH_4927,24,2026-08-30T08:52:21.606177,71.81,,47.65,2.428,9.96,7.11,2.85,28.0,0,NOMINAL
VEH_4927,25,2026-08-30T08:53:26.606177,63.93,,48.35,2.844,10.3,7.5,2.8,29.5,0,NOMINAL
VEH_4927,26,2026-08-30T08:54:31.606177,68.63,43.19,48.07,2.824,15.84,13.11,2.73,31.0,0,NOMINAL
VEH_4927,27,2026-08-30T08:55:36.606177,70.61,42.69,48.27,2.537,17.03,13.89,3.14,28.0,0,NOMINAL
VEH_4927,28,2026-08-30T08:56:41.606177,73.68,,47.68,2.468,9.8,7.04,2.76,29.5,0,NOMINAL
VEH_4927,29,2026-08-30T08:57:46.606177,76.67,,48.67,2.905,10.51,7.81,2.7,31.0,0,NOMINAL
VEH_4927,30,2026-08-30T08:58:51.606177,65.52,,50.19,2.725,11.55,8.2,3.35,28.0,0,NOMINAL
VEH_4928,1,2026-08-30T08:28:41.606177,65.32,40.87,37.27,1.587,17.46,17.21,0.25,34.3,0,NOMINAL
VEH_4928,2,2026-08-30T08:29:46.606177,72.52,40.64,37.55,1.948,18.45,18.09,0.36,34.6,0,NOMINAL
VEH_4928,3,2026-08-30T08:30:51.606177,72.4,,37.98,1.719,12.19,11.74,0.45,34.9,0,NOMINAL
VEH_4928,4,2026-08-30T08:31:56.606177,73.28,,39.5,1.699,13.2,12.61,0.59,35.2,0,NOMINAL
VEH_4928,5,2026-08-30T08:33:01.606177,63.62,,39.56,2.153,13.67,13.1,0.57,35.5,0,NOMINAL
VEH_4928,6,2026-08-30T08:34:06.606177,67.14,,39.66,1.884,12.15,11.58,0.57,35.8,0,NOMINAL
VEH_4928,7,2026-08-30T08:35:11.606177,70.28,41.47,39.53,1.888,17.75,17.29,0.46,36.1,0,NOMINAL
VEH_4928,8,2026-08-30T08:36:16.606177,74.04,40.02,41.39,1.94,18.73,18.17,0.56,36.4,0,NOMINAL
VEH_4928,9,2026-08-30T08:37:21.606177,76.22,,40.55,2.1,12.43,11.81,0.62,36.7,0,NOMINAL
VEH_4928,10,2026-08-30T08:38:26.606177,66.06,,41.33,1.748,12.99,12.3,0.69,37.0,0,NOMINAL
VEH_4928,11,2026-08-30T08:39:31.606177,69.6,,41.47,2.405,13.83,12.78,1.05,48.0,0,NOMINAL
VEH_4928,12,2026-08-30T08:40:36.606177,70.99,,42.79,2.076,10.97,10.16,0.81,48.0,0,NOMINAL
VEH_4928,13,2026-08-30T08:41:41.606177,73.44,,41.95,2.451,11.76,11.14,0.62,38.0,0,NOMINAL
VEH_4928,14,2026-08-30T08:42:46.606177,73.64,40.79,42.98,2.487,18.78,18.24,0.54,38.2,0,NOMINAL
VEH_4928,15,2026-08-30T08:43:51.606177,63.48,,43.5,2.418,13.48,12.7,0.78,38.0,0,NOMINAL
VEH_4928,16,2026-08-30T08:44:56.606177,67.01,,44.12,2.568,10.98,10.08,0.9,38.0,0,NOMINAL
VEH_4928,17,2026-08-30T08:46:01.606177,68.25,,44.3,2.243,13.36,11.06,2.3,60.0,0,NOMINAL
VEH_4928,18,2026-08-30T08:47:06.606177,71.59,,45.82,2.507,13.18,12.04,1.14,38.0,0,NOMINAL
VEH_4928,19,2026-08-30T08:48:11.606177,77.11,,44.07,2.054,11.46,9.21,2.25,29.5,0,NOMINAL
VEH_4928,20,2026-08-30T08:49:16.606177,67.07,,44.69,2.231,8.92,6.8,2.12,31.0,0,NOMINAL
VEH_4928,21,2026-08-30T08:50:21.606177,68.07,,46.8,2.517,10.42,7.58,2.84,28.0,0,NOMINAL
VEH_4928,22,2026-08-30T08:51:26.606177,69.91,,48.05,2.475,11.14,8.36,2.78,29.5,0,NOMINAL
VEH_4928,23,2026-08-30T08:52:31.606177,70.41,,47.54,2.357,11.55,9.14,2.41,31.0,0,NOMINAL
VEH_4928,24,2026-08-30T08:53:36.606177,74.91,,47.34,2.508,10.01,7.11,2.9,28.0,0,NOMINAL
VEH_4928,25,2026-08-30T08:54:41.606177,67.54,,48.53,2.628,10.44,7.5,2.94,29.5,0,NOMINAL
VEH_4928,26,2026-08-30T08:55:46.606177,66.38,40.82,48.67,2.356,15.59,13.11,2.48,31.0,0,NOMINAL
VEH_4928,27,2026-08-30T08:56:51.606177,69.86,40.98,48.06,2.561,16.78,13.89,2.89,28.0,0,NOMINAL
VEH_4928,28,2026-08-30T08:57:56.606177,72.24,,48.06,2.734,9.81,7.04,2.77,29.5,0,NOMINAL
VEH_4928,29,2026-08-30T08:59:01.606177,74.97,,47.93,2.747,10.35,7.81,2.54,31.0,0,NOMINAL
VEH_4928,30,2026-08-30T09:00:06.606177,66.59,,50.27,2.637,11.59,8.2,3.39,28.0,0,NOMINAL
VEH_4929,1,2026-08-30T08:29:56.606177,65.96,42.15,39.49,1.687,17.96,17.21,0.75,34.3,0,NOMINAL
VEH_4929,2,2026-08-30T08:31:01.606177,68.75,42.42,38.46,1.968,18.68,18.09,0.59,34.6,0,NOMINAL
VEH_4929,3,2026-08-30T08:32:06.606177,73.99,,39.98,1.948,12.54,11.74,0.8,34.9,0,NOMINAL
VEH_4929,4,2026-08-30T08:33:11.606177,74.59,,38.23,2.046,13.05,12.61,0.44,35.2,0,NOMINAL
VEH_4929,5,2026-08-30T08:34:16.606177,65.31,,38.05,1.939,13.5,13.1,0.4,35.5,0,NOMINAL
VEH_4929,6,2026-08-30T08:35:21.606177,68.37,,39.07,2.253,12.1,11.58,0.52,35.8,0,NOMINAL
VEH_4929,7,2026-08-30T08:36:26.606177,71.48,41.99,41.03,1.917,18.07,17.29,0.78,36.1,0,NOMINAL
VEH_4929,8,2026-08-30T08:37:31.606177,72.6,44.12,40.67,1.757,19.05,18.17,0.88,36.4,0,NOMINAL
VEH_4929,9,2026-08-30T08:38:36.606177,74.15,,39.9,2.123,12.27,11.81,0.46,36.7,0,NOMINAL
VEH_4929,10,2026-08-30T08:39:41.606177,66.21,,40.93,2.295,12.93,12.3,0.63,37.0,0,NOMINAL
VEH_4929,11,2026-08-30T08:40:46.606177,66.67,,42.47,2.149,13.59,12.78,0.81,48.0,0,NOMINAL
VEH_4929,12,2026-08-30T08:41:51.606177,70.61,,43.07,1.957,10.92,10.16,0.76,48.0,0,NOMINAL
VEH_4929,13,2026-08-30T08:42:56.606177,72.01,,43.03,2.272,11.88,11.14,0.74,38.0,0,NOMINAL
VEH_4929,14,2026-08-30T08:44:01.606177,76.16,44.14,42.79,2.176,19.21,18.24,0.97,38.2,0,NOMINAL
VEH_4929,15,2026-08-30T08:45:06.606177,64.39,,44.18,2.442,13.61,12.7,0.91,38.0,0,NOMINAL
VEH_4929,16,2026-08-30T08:46:11.606177,66.7,,44.51,2.588,11.03,10.08,0.95,38.0,0,NOMINAL
VEH_4929,17,2026-08-30T08:47:16.606177,68.11,,44.32,2.264,13.35,11.06,2.29,60.0,0,NOMINAL
VEH_4929,18,2026-08-30T08:48:21.606177,73.96,,45.94,2.413,13.27,12.04,1.23,38.0,0,NOMINAL
VEH_4929,19,2026-08-30T08:49:26.606177,77.47,,44.19,2.451,11.49,9.21,2.28,29.5,0,NOMINAL
VEH_4929,20,2026-08-30T08:50:31.606177,68.3,,45.65,2.649,9.1,6.8,2.3,31.0,0,NOMINAL
VEH_4929,21,2026-08-30T08:51:36.606177,65.45,,46.91,2.203,10.36,7.58,2.78,28.0,0,NOMINAL
VEH_4929,22,2026-08-30T08:52:41.606177,69.5,,46.81,2.76,10.94,8.36,2.58,29.5,0,NOMINAL
VEH_4929,23,2026-08-30T08:53:46.606177,71.67,,47.59,2.461,11.6,9.14,2.46,31.0,0,NOMINAL
VEH_4929,24,2026-08-30T08:54:51.606177,73.53,,47.4,2.714,9.98,7.11,2.87,28.0,0,NOMINAL
VEH_4929,25,2026-08-30T08:55:56.606177,65.56,,47.36,2.599,10.2,7.5,2.7,29.5,0,NOMINAL
VEH_4929,26,2026-08-30T08:57:01.606177,68.06,43.17,48.3,2.731,15.86,13.11,2.75,31.0,0,NOMINAL
VEH_4929,27,2026-08-30T08:58:06.606177,71.63,43.47,47.69,2.627,17.06,13.89,3.17,28.0,0,NOMINAL
VEH_4929,28,2026-08-30T08:59:11.606177,74.68,,49.43,2.485,10.09,7.04,3.05,29.5,0,NOMINAL
VEH_4929,29,2026-08-30T09:00:16.606177,76.82,,49.59,2.505,10.66,7.81,2.85,31.0,0,NOMINAL
VEH_4929,30,2026-08-30T09:01:21.606177,64.31,,49.06,2.893,11.34,8.2,3.14,28.0,0,NOMINAL
VEH_4930,1,2026-08-30T08:31:11.606177,66.35,40.6,37.12,1.784,17.44,17.21,0.23,34.3,0,NOMINAL
VEH_4930,2,2026-08-30T08:32:16.606177,70.19,39.7,39.01,1.788,18.49,18.09,0.4,34.6,0,NOMINAL
VEH_4930,3,2026-08-30T08:33:21.606177,71.33,,39.32,2.1,12.36,11.74,0.62,34.9,0,NOMINAL
VEH_4930,4,2026-08-30T08:34:26.606177,75.76,,38.13,1.764,13.08,12.61,0.47,35.2,0,NOMINAL
VEH_4930,5,2026-08-30T08:35:31.606177,66.51,,40.33,1.749,13.87,13.1,0.77,35.5,0,NOMINAL
VEH_4930,6,2026-08-30T08:36:36.606177,68.07,,39.88,1.809,12.21,11.58,0.63,35.8,0,NOMINAL
VEH_4930,7,2026-08-30T08:37:41.606177,69.89,38.66,38.53,2.074,17.29,17.29,0.0,36.1,0,NOMINAL
VEH_4930,8,2026-08-30T08:38:46.606177,72.8,41.93,41.44,1.817,18.92,18.17,0.75,36.4,0,NOMINAL
VEH_4930,9,2026-08-30T08:39:51.606177,74.81,,40.06,1.791,12.31,11.81,0.5,36.7,0,NOMINAL
VEH_4930,10,2026-08-30T08:40:56.606177,65.45,,40.93,2.008,12.91,12.3,0.61,37.0,0,NOMINAL
VEH_4930,11,2026-08-30T08:42:01.606177,68.39,,41.34,2.066,13.81,12.78,1.03,48.0,0,NOMINAL
VEH_4930,12,2026-08-30T08:43:06.606177,69.64,,43.35,2.322,10.85,10.16,0.69,48.0,0,NOMINAL
VEH_4930,13,2026-08-30T08:44:11.606177,70.08,,42.49,2.282,11.73,11.14,0.59,38.0,0,NOMINAL
VEH_4930,14,2026-08-30T08:45:16.606177,72.88,39.09,43.69,2.054,18.67,18.24,0.43,38.2,0,NOMINAL
VEH_4930,15,2026-08-30T08:46:21.606177,65.08,,43.49,2.308,13.53,12.7,0.83,38.0,0,NOMINAL
VEH_4930,16,2026-08-30T08:47:26.606177,67.67,,44.63,2.208,11.08,10.08,1.0,38.0,0,NOMINAL
VEH_4930,17,2026-08-30T08:48:31.606177,68.81,,44.07,2.387,13.41,11.06,2.35,60.0,0,NOMINAL
VEH_4930,18,2026-08-30T08:49:36.606177,72.16,,44.39,2.55,12.98,12.04,0.94,38.0,0,NOMINAL
VEH_4930,19,2026-08-30T08:50:41.606177,74.25,,46.42,2.412,11.73,9.21,2.52,29.5,0,NOMINAL
VEH_4930,20,2026-08-30T08:51:46.606177,64.83,,45.07,2.602,8.91,6.8,2.11,31.0,0,NOMINAL
VEH_4930,21,2026-08-30T08:52:51.606177,68.37,,47.22,2.732,10.49,7.58,2.91,28.0,0,NOMINAL
VEH_4930,22,2026-08-30T08:53:56.606177,70.03,,46.27,2.554,10.88,8.36,2.52,29.5,0,NOMINAL
VEH_4930,23,2026-08-30T08:55:01.606177,72.97,,47.9,2.582,11.68,9.14,2.54,31.0,0,NOMINAL
VEH_4930,24,2026-08-30T08:56:06.606177,75.1,,46.73,2.478,9.93,7.11,2.82,28.0,0,NOMINAL
VEH_4930,25,2026-08-30T08:57:11.606177,64.0,,45.71,2.565,9.9,7.5,2.4,29.5,0,NOMINAL
VEH_4930,26,2026-08-30T08:58:16.606177,68.8,39.92,48.6,2.437,15.55,13.11,2.44,31.0,0,NOMINAL
VEH_4930,27,2026-08-30T08:59:21.606177,69.03,39.9,47.54,2.664,16.55,13.89,2.66,28.0,0,NOMINAL
VEH_4930,28,2026-08-30T09:00:26.606177,72.82,,49.31,2.554,10.02,7.04,2.98,29.5,0,NOMINAL
VEH_4930,29,2026-08-30T09:01:31.606177,75.09,,49.19,2.72,10.54,7.81,2.73,31.0,0,NOMINAL
VEH_4930,30,2026-08-30T09:02:36.606177,66.79,,49.59,2.447,11.5,8.2,3.3,28.0,0,NOMINAL
VEH_4931,1,2026-08-30T08:32:26.606177,65.0,40.75,37.25,1.691,17.43,17.21,0.22,34.3,0,NOMINAL
VEH_4931,2,2026-08-30T08:33:31.606177,69.64,40.02,38.11,1.672,18.38,18.09,0.29,34.6,0,NOMINAL
VEH_4931,3,2026-08-30T08:34:36.606177,72.2,,39.97,1.84,12.49,11.74,0.75,34.9,0,NOMINAL
VEH_4931,4,2026-08-30T08:35:41.606177,73.48,,39.45,1.99,13.2,12.61,0.59,35.2,0,NOMINAL
VEH_4931,5,2026-08-30T08:36:46.606177,64.48,,39.3,2.007,13.66,13.1,0.56,35.5,0,NOMINAL
VEH_4931,6,2026-08-30T08:37:51.606177,66.15,,38.85,2.016,12.0,11.58,0.42,35.8,0,NOMINAL
VEH_4931,7,2026-08-30T08:38:56.606177,70.83,39.86,40.23,1.793,17.69,17.29,0.4,36.1,0,NOMINAL
VEH_4931,8,2026-08-30T08:40:01.606177,72.42,39.45,40.47,1.779,18.48,18.17,0.31,36.4,0,NOMINAL
VEH_4931,9,2026-08-30T08:41:06.606177,74.98,,42.27,1.868,12.65,11.81,0.84,36.7,0,NOMINAL
VEH_4931,10,2026-08-30T08:42:11.606177,64.37,,40.92,1.891,12.87,12.3,0.57,37.0,0,NOMINAL
VEH_4931,11,2026-08-30T08:43:16.606177,66.83,,40.88,2.343,13.83,12.78,1.05,48.0,0,NOMINAL
VEH_4931,12,2026-08-30T08:44:21.606177,67.76,,42.2,1.994,10.96,10.16,0.8,48.0,0,NOMINAL
VEH_4931,13,2026-08-30T08:45:26.606177,72.93,,42.7,2.178,11.85,11.14,0.71,38.0,0,NOMINAL
VEH_4931,14,2026-08-30T08:46:31.606177,73.02,42.06,43.25,1.944,18.95,18.24,0.71,38.2,0,NOMINAL
VEH_4931,15,2026-08-30T08:47:36.606177,67.19,,42.85,2.151,13.5,12.7,0.8,38.0,0,NOMINAL
VEH_4931,16,2026-08-30T08:48:41.606177,66.86,,44.69,2.441,11.06,10.08,0.98,38.0,0,NOMINAL
VEH_4931,17,2026-08-30T08:49:46.606177,71.68,,44.57,2.088,13.43,11.06,2.37,60.0,0,NOMINAL
VEH_4931,18,2026-08-30T08:50:51.606177,75.8,,43.41,2.549,12.95,12.04,0.91,38.0,0,NOMINAL
VEH_4931,19,2026-08-30T08:51:56.606177,77.0,,44.4,2.492,11.51,9.21,2.3,29.5,0,NOMINAL
VEH_4931,20,2026-08-30T08:53:01.606177,65.24,,47.05,2.454,9.22,6.8,2.42,31.0,0,NOMINAL
VEH_4931,21,2026-08-30T08:54:06.606177,65.81,,45.18,2.26,10.11,7.58,2.53,28.0,0,NOMINAL
VEH_4931,22,2026-08-30T08:55:11.606177,70.6,,47.03,2.454,11.01,8.36,2.65,29.5,0,NOMINAL
VEH_4931,23,2026-08-30T08:56:16.606177,73.3,,47.78,2.717,11.68,9.14,2.54,31.0,0,NOMINAL
VEH_4931,24,2026-08-30T08:57:21.606177,74.97,,46.68,2.299,9.91,7.11,2.8,28.0,0,NOMINAL
VEH_4931,25,2026-08-30T08:58:26.606177,66.2,,47.55,2.326,10.25,7.5,2.75,29.5,0,NOMINAL
VEH_4931,26,2026-08-30T08:59:31.606177,65.71,40.2,50.29,2.683,15.74,13.11,2.63,31.0,0,NOMINAL
VEH_4931,27,2026-08-30T09:00:36.606177,71.37,39.76,48.32,2.184,16.72,13.89,2.83,28.0,0,NOMINAL
VEH_4931,28,2026-08-30T09:01:41.606177,73.52,,47.98,2.772,9.84,7.04,2.8,29.5,0,NOMINAL
VEH_4931,29,2026-08-30T09:02:46.606177,75.55,,49.85,2.554,10.66,7.81,2.85,31.0,0,NOMINAL
VEH_4931,30,2026-08-30T09:03:51.606177,62.26,,48.47,2.842,11.19,8.2,2.99,28.0,0,NOMINAL
VEH_4932,1,2026-08-30T08:33:41.606177,66.69,41.66,37.57,1.257,17.64,17.21,0.43,34.3,0,NOMINAL
VEH_4932,2,2026-08-30T08:34:46.606177,71.11,42.0,38.09,1.845,18.65,18.09,0.56,34.6,0,NOMINAL
VEH_4932,3,2026-08-30T08:35:51.606177,73.66,,38.1,1.967,12.25,11.74,0.51,34.9,0,NOMINAL
VEH_4932,4,2026-08-30T08:36:56.606177,74.92,,39.26,1.718,13.22,12.61,0.61,35.2,0,NOMINAL
VEH_4932,5,2026-08-30T08:38:01.606177,63.4,,39.19,1.85,13.61,13.1,0.51,35.5,0,NOMINAL
VEH_4932,6,2026-08-30T08:39:06.606177,67.3,,39.6,2.178,12.14,11.58,0.56,35.8,0,NOMINAL
VEH_4932,7,2026-08-30T08:40:11.606177,71.51,41.03,40.66,1.806,17.91,17.29,0.62,36.1,0,NOMINAL
VEH_4932,8,2026-08-30T08:41:16.606177,72.84,41.69,40.37,1.998,18.74,18.17,0.57,36.4,0,NOMINAL
VEH_4932,9,2026-08-30T08:42:21.606177,77.04,,42.69,1.893,12.77,11.81,0.96,36.7,0,NOMINAL
VEH_4932,10,2026-08-30T08:43:26.606177,64.79,,40.79,1.806,12.87,12.3,0.57,37.0,0,NOMINAL
VEH_4932,11,2026-08-30T08:44:31.606177,68.35,,41.76,2.0,13.74,12.78,0.96,48.0,0,NOMINAL
VEH_4932,12,2026-08-30T08:45:36.606177,69.42,,42.14,2.014,11.02,10.16,0.86,48.0,0,NOMINAL
VEH_4932,13,2026-08-30T08:46:41.606177,70.66,,41.47,2.256,11.6,11.14,0.46,38.0,0,NOMINAL
VEH_4932,14,2026-08-30T08:47:46.606177,72.6,42.75,43.35,2.266,19.03,18.24,0.79,38.2,0,NOMINAL
VEH_4932,15,2026-08-30T08:48:51.606177,63.26,,42.89,2.364,13.38,12.7,0.68,38.0,0,NOMINAL
VEH_4932,16,2026-08-30T08:49:56.606177,67.85,,44.77,2.279,11.11,10.08,1.03,38.0,0,NOMINAL
VEH_4932,17,2026-08-30T08:51:01.606177,71.8,,42.23,2.278,13.78,11.06,2.72,60.0,0,NOMINAL
VEH_4932,18,2026-08-30T08:52:06.606177,73.6,,45.6,1.996,13.21,12.04,1.17,38.0,0,NOMINAL
VEH_4932,19,2026-08-30T08:53:11.606177,74.42,,45.34,2.53,11.57,9.21,2.36,29.5,0,NOMINAL
VEH_4932,20,2026-08-30T08:54:16.606177,64.52,,45.27,2.547,8.93,6.8,2.13,31.0,0,NOMINAL
VEH_4932,21,2026-08-30T08:55:21.606177,67.94,,46.48,2.536,10.37,7.58,2.79,28.0,0,NOMINAL
VEH_4932,22,2026-08-30T08:56:26.606177,70.0,,44.49,2.284,10.61,8.36,2.25,29.5,0,NOMINAL
VEH_4932,23,2026-08-30T08:57:31.606177,69.63,,48.26,2.576,11.64,9.14,2.5,31.0,0,NOMINAL
VEH_4932,24,2026-08-30T08:58:36.606177,74.61,,46.47,2.44,9.87,7.11,2.76,28.0,0,NOMINAL
VEH_4932,25,2026-08-30T08:59:41.606177,66.15,,47.6,2.3,10.25,7.5,2.75,29.5,0,NOMINAL
VEH_4932,26,2026-08-30T09:00:46.606177,68.11,42.29,46.96,2.568,15.56,13.11,2.45,31.0,0,NOMINAL
VEH_4932,27,2026-08-30T09:01:51.606177,70.19,41.32,47.02,2.806,16.67,13.89,2.78,28.0,0,NOMINAL
VEH_4932,28,2026-08-30T09:02:56.606177,71.46,,47.7,2.511,9.73,7.04,2.69,29.5,0,NOMINAL
VEH_4932,29,2026-08-30T09:04:01.606177,75.57,,49.93,2.659,10.67,7.81,2.86,31.0,0,NOMINAL
VEH_4932,30,2026-08-30T09:05:06.606177,64.0,,48.91,2.354,11.31,8.2,3.11,28.0,0,NOMINAL
VEH_4933,1,2026-08-30T08:34:56.606177,67.68,41.65,38.12,1.694,17.75,17.21,0.54,34.3,0,NOMINAL
VEH_4933,2,2026-08-30T08:36:01.606177,70.48,43.11,37.84,2.002,18.72,18.09,0.63,34.6,0,NOMINAL
VEH_4933,3,2026-08-30T08:37:06.606177,74.06,,39.65,2.074,12.5,11.74,0.76,34.9,0,NOMINAL
VEH_4933,4,2026-08-30T08:38:11.606177,76.73,,38.3,2.035,13.13,12.61,0.52,35.2,0,NOMINAL
VEH_4933,5,2026-08-30T08:39:16.606177,67.91,,38.32,1.957,13.62,13.1,0.52,35.5,0,NOMINAL
VEH_4933,6,2026-08-30T08:40:21.606177,67.11,,41.65,1.972,12.45,11.58,0.87,35.8,0,NOMINAL
VEH_4933,7,2026-08-30T08:41:26.606177,71.59,40.39,40.46,1.862,17.81,17.29,0.52,36.1,0,NOMINAL
VEH_4933,8,2026-08-30T08:42:31.606177,72.26,43.24,42.83,2.154,19.27,18.17,1.1,36.4,0,NOMINAL
VEH_4933,9,2026-08-30T08:43:36.606177,73.07,,41.06,2.216,12.41,11.81,0.6,36.7,0,NOMINAL
VEH_4933,10,2026-08-30T08:44:41.606177,63.84,,41.97,1.844,13.01,12.3,0.71,37.0,0,NOMINAL
VEH_4933,11,2026-08-30T08:45:46.606177,66.33,,42.45,2.421,13.58,12.78,0.8,48.0,0,NOMINAL
VEH_4933,12,2026-08-30T08:46:51.606177,69.55,,42.77,2.188,10.93,10.16,0.77,48.0,0,NOMINAL
VEH_4933,13,2026-08-30T08:47:56.606177,70.69,,43.4,2.035,11.89,11.14,0.75,38.0,0,NOMINAL
VEH_4933,14,2026-08-30T08:49:01.606177,75.37,42.41,41.38,2.445,18.78,18.24,0.54,38.2,0,NOMINAL
VEH_4933,15,2026-08-30T08:50:06.606177,64.5,,42.17,2.367,13.31,12.7,0.61,38.0,0,NOMINAL
VEH_4933,16,2026-08-30T08:51:11.606177,67.4,,45.81,2.38,11.25,10.08,1.17,38.0,0,NOMINAL
VEH_4933,17,2026-08-30T08:52:16.606177,70.18,,43.68,2.286,13.51,11.06,2.45,60.0,0,NOMINAL
VEH_4933,18,2026-08-30T08:53:21.606177,73.0,,44.42,2.297,13.01,12.04,0.97,38.0,0,NOMINAL
VEH_4933,19,2026-08-30T08:54:26.606177,75.01,,46.4,2.36,11.75,9.21,2.54,29.5,0,NOMINAL
VEH_4933,20,2026-08-30T08:55:31.606177,66.12,,44.86,2.543,8.92,6.8,2.12,31.0,0,NOMINAL
VEH_4933,21,2026-08-30T08:56:36.606177,66.53,,45.44,2.507,10.17,7.58,2.59,28.0,0,NOMINAL
VEH_4933,22,2026-08-30T08:57:41.606177,68.16,,46.69,2.38,10.88,8.36,2.52,29.5,0,NOMINAL
VEH_4933,23,2026-08-30T08:58:46.606177,73.25,,47.85,2.428,11.69,9.14,2.55,31.0,0,NOMINAL
VEH_4933,24,2026-08-30T08:59:51.606177,74.8,,47.25,2.53,9.99,7.11,2.88,28.0,0,NOMINAL
VEH_4933,25,2026-08-30T09:00:56.606177,66.34,,48.44,2.397,10.39,7.5,2.89,29.5,0,NOMINAL
VEH_4933,26,2026-08-30T09:02:01.606177,67.87,43.12,47.17,2.75,15.68,13.11,2.57,31.0,0,NOMINAL
VEH_4933,27,2026-08-30T09:03:06.606177,69.72,43.83,48.1,2.671,17.11,13.89,3.22,28.0,0,NOMINAL
VEH_4933,28,2026-08-30T09:04:11.606177,74.68,,48.5,2.553,9.95,7.04,2.91,29.5,0,NOMINAL
VEH_4933,29,2026-08-30T09:05:16.606177,75.25,,48.54,2.772,10.45,7.81,2.64,31.0,0,NOMINAL
VEH_4933,30,2026-08-30T09:06:21.606177,65.86,,50.5,2.865,11.61,8.2,3.41,28.0,0,NOMINAL
VEH_4934,1,2026-08-30T08:36:11.606177,66.79,40.94,38.04,2.096,17.63,17.21,0.42,34.3,0,NOMINAL
VEH_4934,2,2026-08-30T08:37:16.606177,70.44,41.12,38.32,1.863,18.56,18.09,0.47,34.6,0,NOMINAL
VEH_4934,3,2026-08-30T08:38:21.606177,73.31,,39.95,1.786,12.52,11.74,0.78,34.9,0,NOMINAL
VEH_4934,4,2026-08-30T08:39:26.606177,75.1,,41.0,1.948,13.49,12.61,0.88,35.2,0,NOMINAL
VEH_4934,5,2026-08-30T08:40:31.606177,64.74,,38.73,1.844,13.58,13.1,0.48,35.5,0,NOMINAL
VEH_4934,6,2026-08-30T08:41:36.606177,66.31,,39.24,2.015,12.06,11.58,0.48,35.8,0,NOMINAL
VEH_4934,7,2026-08-30T08:42:41.606177,69.37,43.17,41.73,2.018,18.25,17.29,0.96,36.1,0,NOMINAL
VEH_4934,8,2026-08-30T08:43:46.606177,72.42,40.52,39.98,2.043,18.53,18.17,0.36,36.4,0,NOMINAL
VEH_4934,9,2026-08-30T08:44:51.606177,76.12,,42.16,1.949,12.67,11.81,0.86,36.7,0,NOMINAL
VEH_4934,10,2026-08-30T08:45:56.606177,65.27,,40.36,1.873,12.82,12.3,0.52,37.0,0,NOMINAL
VEH_4934,11,2026-08-30T08:47:01.606177,69.51,,42.83,1.93,13.62,12.78,0.84,48.0,0,NOMINAL
VEH_4934,12,2026-08-30T08:48:06.606177,71.53,,41.48,1.881,11.18,10.16,1.02,48.0,0,NOMINAL
VEH_4934,13,2026-08-30T08:49:11.606177,72.66,,42.57,2.378,11.83,11.14,0.69,38.0,0,NOMINAL
VEH_4934,14,2026-08-30T08:50:16.606177,76.03,40.59,42.41,2.356,18.74,18.24,0.5,38.2,0,NOMINAL
VEH_4934,15,2026-08-30T08:51:21.606177,65.04,,42.44,2.319,13.37,12.7,0.67,38.0,0,NOMINAL
VEH_4934,16,2026-08-30T08:52:26.606177,66.63,,44.62,2.544,11.05,10.08,0.97,38.0,0,NOMINAL
VEH_4934,17,2026-08-30T08:53:31.606177,69.28,,45.38,2.269,13.23,11.06,2.17,60.0,0,NOMINAL
VEH_4934,18,2026-08-30T08:54:36.606177,71.99,,43.94,2.76,12.91,12.04,0.87,38.0,0,NOMINAL
VEH_4934,19,2026-08-30T08:55:41.606177,75.66,,45.17,2.507,11.58,9.21,2.37,29.5,0,NOMINAL
VEH_4934,20,2026-08-30T08:56:46.606177,65.21,,44.68,2.025,8.86,6.8,2.06,31.0,0,NOMINAL
VEH_4934,21,2026-08-30T08:57:51.606177,69.14,,44.75,2.708,10.14,7.58,2.56,28.0,0,NOMINAL
VEH_4934,22,2026-08-30T08:58:56.606177,71.3,,47.33,2.257,11.07,8.36,2.71,29.5,0,NOMINAL
VEH_4934,23,2026-08-30T09:00:01.606177,72.43,,46.85,2.43,11.51,9.14,2.37,31.0,0,NOMINAL
VEH_4934,24,2026-08-30T09:01:06.606177,75.21,,47.64,2.485,10.06,7.11,2.95,28.0,0,NOMINAL
VEH_4934,25,2026-08-30T09:02:11.606177,64.88,,48.54,2.731,10.36,7.5,2.86,29.5,0,NOMINAL
VEH_4934,26,2026-08-30T09:03:16.606177,68.94,43.51,47.88,2.352,15.86,13.11,2.75,31.0,0,NOMINAL
VEH_4934,27,2026-08-30T09:04:21.606177,69.58,40.36,48.4,2.521,16.75,13.89,2.86,28.0,0,NOMINAL
VEH_4934,28,2026-08-30T09:05:26.606177,72.66,,48.95,2.905,9.96,7.04,2.92,29.5,0,NOMINAL
VEH_4934,29,2026-08-30T09:06:31.606177,76.04,,49.11,2.572,10.56,7.81,2.75,31.0,0,NOMINAL
VEH_4934,30,2026-08-30T09:07:36.606177,63.64,,50.2,2.452,11.49,8.2,3.29,28.0,0,NOMINAL
VEH_4935,1,2026-08-30T08:37:26.606177,66.92,40.72,38.0,1.752,17.6,17.21,0.39,34.3,0,NOMINAL
VEH_4935,2,2026-08-30T08:38:31.606177,69.27,40.97,38.36,1.759,18.51,18.09,0.42,34.6,0,NOMINAL
VEH_4935,3,2026-08-30T08:39:36.606177,73.68,,39.02,1.917,12.39,11.74,0.65,34.9,0,NOMINAL
VEH_4935,4,2026-08-30T08:40:41.606177,77.27,,40.23,1.713,13.44,12.61,0.83,35.2,0,NOMINAL
VEH_4935,5,2026-08-30T08:41:46.606177,66.92,,39.72,1.859,13.8,13.1,0.7,35.5,0,NOMINAL
VEH_4935,6,2026-08-30T08:42:51.606177,66.21,,40.52,2.247,12.25,11.58,0.67,35.8,0,NOMINAL
VEH_4935,7,2026-08-30T08:43:56.606177,71.64,38.01,39.68,1.94,17.42,17.29,0.13,36.1,0,NOMINAL
VEH_4935,8,2026-08-30T08:45:01.606177,73.77,40.22,41.28,1.959,18.73,18.17,0.56,36.4,0,NOMINAL
VEH_4935,9,2026-08-30T08:46:06.606177,75.14,,40.98,1.943,12.46,11.81,0.65,36.7,0,NOMINAL
VEH_4935,10,2026-08-30T08:47:11.606177,64.14,,42.82,1.882,13.15,12.3,0.85,37.0,0,NOMINAL
VEH_4935,11,2026-08-30T08:48:16.606177,66.94,,41.99,2.041,13.67,12.78,0.89,48.0,0,NOMINAL
VEH_4935,12,2026-08-30T08:49:21.606177,70.04,,41.24,2.016,11.17,10.16,1.01,48.0,0,NOMINAL
VEH_4935,13,2026-08-30T08:50:26.606177,73.02,,44.97,1.978,12.2,11.14,1.06,38.0,0,NOMINAL
VEH_4935,14,2026-08-30T08:51:31.606177,75.33,40.55,43.12,2.285,18.82,18.24,0.58,38.2,0,NOMINAL
VEH_4935,15,2026-08-30T08:52:36.606177,65.07,,43.3,2.192,13.5,12.7,0.8,38.0,0,NOMINAL
VEH_4935,16,2026-08-30T08:53:41.606177,68.77,,44.33,2.151,11.07,10.08,0.99,38.0,0,NOMINAL
VEH_4935,17,2026-08-30T08:54:46.606177,71.9,,42.89,2.326,13.68,11.06,2.62,60.0,0,NOMINAL
VEH_4935,18,2026-08-30T08:55:51.606177,73.22,,45.36,2.233,13.16,12.04,1.12,38.0,0,NOMINAL
VEH_4935,19,2026-08-30T08:56:56.606177,76.26,,44.51,2.337,11.5,9.21,2.29,29.5,0,NOMINAL
VEH_4935,20,2026-08-30T08:58:01.606177,66.05,,45.6,2.411,9.03,6.8,2.23,31.0,0,NOMINAL
VEH_4935,21,2026-08-30T08:59:06.606177,67.86,,45.45,2.239,10.21,7.58,2.63,28.0,0,NOMINAL
VEH_4935,22,2026-08-30T09:00:11.606177,69.84,,47.1,2.538,10.99,8.36,2.63,29.5,0,NOMINAL
VEH_4935,23,2026-08-30T09:01:16.606177,71.5,,45.64,2.377,11.3,9.14,2.16,31.0,0,NOMINAL
VEH_4935,24,2026-08-30T09:02:21.606177,76.35,,47.24,2.127,10.04,7.11,2.93,28.0,0,NOMINAL
VEH_4935,25,2026-08-30T09:03:26.606177,64.5,,47.4,2.497,10.17,7.5,2.67,29.5,0,NOMINAL
VEH_4935,26,2026-08-30T09:04:31.606177,66.22,39.67,47.8,2.378,15.32,13.11,2.21,31.0,0,NOMINAL
VEH_4935,27,2026-08-30T09:05:36.606177,67.86,41.21,48.3,2.418,16.78,13.89,2.89,28.0,0,NOMINAL
VEH_4935,28,2026-08-30T09:06:41.606177,71.49,,48.62,2.972,9.87,7.04,2.83,29.5,0,NOMINAL
VEH_4935,29,2026-08-30T09:07:46.606177,76.43,,50.46,2.508,10.78,7.81,2.97,31.0,0,NOMINAL
VEH_4935,30,2026-08-30T09:08:51.606177,65.05,,48.49,2.642,11.28,8.2,3.08,28.0,0,NOMINAL
VEH_4936,1,2026-08-30T08:38:41.606177,66.44,41.09,37.4,1.878,17.54,17.21,0.33,34.3,0,NOMINAL
VEH_4936,2,2026-08-30T08:39:46.606177,70.43,40.78,38.2,1.786,18.5,18.09,0.41,34.6,0,NOMINAL
VEH_4936,3,2026-08-30T08:40:51.606177,72.73,,39.37,1.842,12.41,11.74,0.67,34.9,0,NOMINAL
VEH_4936,4,2026-08-30T08:41:56.606177,73.94,,37.73,1.602,12.96,12.61,0.35,35.2,0,NOMINAL
VEH_4936,5,2026-08-30T08:43:01.606177,63.24,,39.77,1.948,13.69,13.1,0.59,35.5,0,NOMINAL
VEH_4936,6,2026-08-30T08:44:06.606177,67.57,,39.91,2.11,12.2,11.58,0.62,35.8,0,NOMINAL
VEH_4936,7,2026-08-30T08:45:11.606177,70.18,40.01,41.45,2.166,17.87,17.29,0.58,36.1,0,NOMINAL
VEH_4936,8,2026-08-30T08:46:16.606177,73.41,40.43,40.35,2.236,18.61,18.17,0.44,36.4,0,NOMINAL
VEH_4936,9,2026-08-30T08:47:21.606177,74.04,,41.4,2.005,12.49,11.81,0.68,36.7,0,NOMINAL
VEH_4936,10,2026-08-30T08:48:26.606177,66.1,,41.55,1.855,13.02,12.3,0.72,37.0,0,NOMINAL
VEH_4936,11,2026-08-30T08:49:31.606177,66.9,,42.13,2.451,13.64,12.78,0.86,48.0,0,NOMINAL
VEH_4936,12,2026-08-30T08:50:36.606177,70.06,,41.72,2.173,11.1,10.16,0.94,48.0,0,NOMINAL
VEH_4936,13,2026-08-30T08:51:41.606177,71.11,,41.55,2.302,11.63,11.14,0.49,38.0,0,NOMINAL
VEH_4936,14,2026-08-30T08:52:46.606177,75.25,39.79,44.29,2.316,18.91,18.24,0.67,38.2,0,NOMINAL
VEH_4936,15,2026-08-30T08:53:51.606177,64.18,,42.94,2.29,13.42,12.7,0.72,38.0,0,NOMINAL
VEH_4936,16,2026-08-30T08:54:56.606177,66.69,,42.58,2.383,10.74,10.08,0.66,38.0,0,NOMINAL
VEH_4936,17,2026-08-30T08:56:01.606177,69.54,,42.86,2.344,13.62,11.06,2.56,60.0,0,NOMINAL
VEH_4936,18,2026-08-30T08:57:06.606177,70.11,,44.15,2.545,12.88,12.04,0.84,38.0,0,NOMINAL
VEH_4936,19,2026-08-30T08:58:11.606177,75.13,,44.54,2.162,11.47,9.21,2.26,29.5,0,NOMINAL
VEH_4936,20,2026-08-30T08:59:16.606177,65.7,,46.17,2.424,9.1,6.8,2.3,31.0,0,NOMINAL
VEH_4936,21,2026-08-30T09:00:21.606177,67.16,,46.23,2.669,10.31,7.58,2.73,28.0,0,NOMINAL
VEH_4936,22,2026-08-30T09:01:26.606177,72.51,,45.39,2.497,10.82,8.36,2.46,29.5,0,NOMINAL
VEH_4936,23,2026-08-30T09:02:31.606177,72.89,,47.2,2.554,11.58,9.14,2.44,31.0,0,NOMINAL
VEH_4936,24,2026-08-30T09:03:36.606177,73.77,,47.63,2.612,10.02,7.11,2.91,28.0,0,NOMINAL
VEH_4936,25,2026-08-30T09:04:41.606177,64.45,,47.92,2.281,10.25,7.5,2.75,29.5,0,NOMINAL
VEH_4936,26,2026-08-30T09:05:46.606177,67.8,40.66,48.39,2.657,15.58,13.11,2.47,31.0,0,NOMINAL
VEH_4936,27,2026-08-30T09:06:51.606177,70.65,42.41,49.51,2.494,17.18,13.89,3.29,28.0,0,NOMINAL
VEH_4936,28,2026-08-30T09:07:56.606177,72.76,,50.69,2.537,10.22,7.04,3.18,29.5,0,NOMINAL
VEH_4936,29,2026-08-30T09:09:01.606177,74.14,,49.85,2.639,10.61,7.81,2.8,31.0,0,NOMINAL
VEH_4936,30,2026-08-30T09:10:06.606177,63.29,,47.78,2.615,11.12,8.2,2.92,28.0,0,NOMINAL
VEH_4937,1,2026-08-30T08:39:56.606177,66.44,39.22,37.03,1.652,17.27,17.21,0.06,34.3,0,NOMINAL
VEH_4937,2,2026-08-30T08:41:01.606177,69.95,40.62,37.85,2.328,18.42,18.09,0.33,34.6,0,NOMINAL
VEH_4937,3,2026-08-30T08:42:06.606177,72.16,,38.71,2.024,12.3,11.74,0.56,34.9,0,NOMINAL
VEH_4937,4,2026-08-30T08:43:11.606177,74.38,,39.4,1.938,13.22,12.61,0.61,35.2,0,NOMINAL
VEH_4937,5,2026-08-30T08:44:16.606177,66.11,,39.67,1.716,13.76,13.1,0.66,35.5,0,NOMINAL
VEH_4937,6,2026-08-30T08:45:21.606177,68.53,,40.75,2.098,12.36,11.58,0.78,35.8,0,NOMINAL
VEH_4937,7,2026-08-30T08:46:26.606177,70.85,40.01,40.54,1.886,17.75,17.29,0.46,36.1,0,NOMINAL
VEH_4937,8,2026-08-30T08:47:31.606177,72.47,40.22,40.64,2.021,18.6,18.17,0.43,36.4,0,NOMINAL
VEH_4937,9,2026-08-30T08:48:36.606177,74.33,,41.36,2.403,12.49,11.81,0.68,36.7,0,NOMINAL
VEH_4937,10,2026-08-30T08:49:41.606177,64.54,,40.16,2.108,12.76,12.3,0.46,37.0,0,NOMINAL
VEH_4937,11,2026-08-30T08:50:46.606177,67.87,,41.72,2.136,13.74,12.78,0.96,48.0,0,NOMINAL
VEH_4937,12,2026-08-30T08:51:51.606177,70.39,,41.68,2.172,11.12,10.16,0.96,48.0,0,NOMINAL
VEH_4937,13,2026-08-30T08:52:56.606177,73.57,,43.64,2.324,12.01,11.14,0.87,38.0,0,NOMINAL
VEH_4937,14,2026-08-30T08:54:01.606177,74.66,39.84,43.81,2.215,18.83,18.24,0.59,38.2,0,NOMINAL
VEH_4937,15,2026-08-30T08:55:06.606177,64.37,,44.17,2.236,13.61,12.7,0.91,38.0,0,NOMINAL
VEH_4937,16,2026-08-30T08:56:11.606177,68.34,,43.69,2.23,10.96,10.08,0.88,38.0,0,NOMINAL
VEH_4937,17,2026-08-30T08:57:16.606177,69.49,,43.44,2.163,13.53,11.06,2.47,60.0,0,NOMINAL
VEH_4937,18,2026-08-30T08:58:21.606177,75.48,,45.26,2.224,13.22,12.04,1.18,38.0,0,NOMINAL
VEH_4937,19,2026-08-30T08:59:26.606177,76.29,,45.43,2.14,11.64,9.21,2.43,29.5,0,NOMINAL
VEH_4937,20,2026-08-30T09:00:31.606177,64.59,,45.78,2.509,9.01,6.8,2.21,31.0,0,NOMINAL
VEH_4937,21,2026-08-30T09:01:36.606177,69.1,,45.97,2.373,10.33,7.58,2.75,28.0,0,NOMINAL
VEH_4937,22,2026-08-30T09:02:41.606177,72.13,,46.99,2.559,11.05,8.36,2.69,29.5,0,NOMINAL
VEH_4937,23,2026-08-30T09:03:46.606177,74.85,,47.35,2.177,11.66,9.14,2.52,31.0,0,NOMINAL
VEH_4937,24,2026-08-30T09:04:51.606177,76.0,,46.95,2.233,9.99,7.11,2.88,28.0,0,NOMINAL
VEH_4937,25,2026-08-30T09:05:56.606177,64.56,,47.1,2.458,10.13,7.5,2.63,29.5,0,NOMINAL
VEH_4937,26,2026-08-30T09:07:01.606177,68.74,41.53,47.83,2.343,15.62,13.11,2.51,31.0,0,NOMINAL
VEH_4937,27,2026-08-30T09:08:06.606177,71.89,39.54,49.47,2.568,16.88,13.89,2.99,28.0,0,NOMINAL
VEH_4937,28,2026-08-30T09:09:11.606177,72.69,,48.27,2.891,9.86,7.04,2.82,29.5,0,NOMINAL
VEH_4937,29,2026-08-30T09:10:16.606177,73.99,,49.18,2.58,10.51,7.81,2.7,31.0,0,NOMINAL
VEH_4937,30,2026-08-30T09:11:21.606177,65.76,,48.7,2.634,11.33,8.2,3.13,28.0,0,NOMINAL
VEH_4938,1,2026-08-30T08:41:11.606177,67.45,42.18,38.13,1.625,17.8,17.21,0.59,34.3,0,NOMINAL
VEH_4938,2,2026-08-30T08:42:16.606177,69.3,41.64,39.02,1.936,18.69,18.09,0.6,34.6,0,NOMINAL
VEH_4938,3,2026-08-30T08:43:21.606177,72.72,,38.93,2.148,12.35,11.74,0.61,34.9,0,NOMINAL
VEH_4938,4,2026-08-30T08:44:26.606177,73.94,,37.89,2.02,12.98,12.61,0.37,35.2,0,NOMINAL
VEH_4938,5,2026-08-30T08:45:31.606177,65.3,,39.67,1.986,13.74,13.1,0.64,35.5,0,NOMINAL
VEH_4938,6,2026-08-30T08:46:36.606177,66.99,,39.88,2.003,12.18,11.58,0.6,35.8,0,NOMINAL
VEH_4938,7,2026-08-30T08:47:41.606177,69.58,44.14,40.57,1.938,18.19,17.29,0.9,36.1,0,NOMINAL
VEH_4938,8,2026-08-30T08:48:46.606177,73.73,42.98,41.09,2.131,19.02,18.17,0.85,36.4,0,NOMINAL
VEH_4938,9,2026-08-30T08:49:51.606177,75.06,,41.8,2.199,12.58,11.81,0.77,36.7,0,NOMINAL
VEH_4938,10,2026-08-30T08:50:56.606177,64.7,,41.42,2.061,12.96,12.3,0.66,37.0,0,NOMINAL
VEH_4938,11,2026-08-30T08:52:01.606177,68.07,,41.05,2.288,13.84,12.78,1.06,48.0,0,NOMINAL
VEH_4938,12,2026-08-30T08:53:06.606177,70.04,,42.33,2.191,11.01,10.16,0.85,48.0,0,NOMINAL
VEH_4938,13,2026-08-30T08:54:11.606177,71.79,,43.51,2.142,11.94,11.14,0.8,38.0,0,NOMINAL
VEH_4938,14,2026-08-30T08:55:16.606177,74.66,40.95,43.32,2.213,18.88,18.24,0.64,38.2,0,NOMINAL
VEH_4938,15,2026-08-30T08:56:21.606177,63.72,,44.12,2.221,13.58,12.7,0.88,38.0,0,NOMINAL
VEH_4938,16,2026-08-30T08:57:26.606177,64.84,,44.64,2.637,11.0,10.08,0.92,38.0,0,NOMINAL
VEH_4938,17,2026-08-30T08:58:31.606177,71.83,,44.18,2.34,13.49,11.06,2.43,60.0,0,NOMINAL
VEH_4938,18,2026-08-30T08:59:36.606177,72.12,,44.72,2.3,13.03,12.04,0.99,38.0,0,NOMINAL
VEH_4938,19,2026-08-30T09:00:41.606177,75.12,,45.43,2.454,11.61,9.21,2.4,29.5,0,NOMINAL
VEH_4938,20,2026-08-30T09:01:46.606177,64.77,,45.03,2.232,8.9,6.8,2.1,31.0,0,NOMINAL
VEH_4938,21,2026-08-30T09:02:51.606177,67.52,,46.48,2.439,10.35,7.58,2.77,28.0,0,NOMINAL
VEH_4938,22,2026-08-30T09:03:56.606177,70.9,,46.45,2.658,10.93,8.36,2.57,29.5,0,NOMINAL
VEH_4938,23,2026-08-30T09:05:01.606177,72.97,,47.18,2.514,11.58,9.14,2.44,31.0,0,NOMINAL
VEH_4938,24,2026-08-30T09:06:06.606177,72.71,,46.88,2.773,9.87,7.11,2.76,28.0,0,NOMINAL
VEH_4938,25,2026-08-30T09:07:11.606177,64.2,,47.01,2.166,10.11,7.5,2.61,29.5,0,NOMINAL
VEH_4938,26,2026-08-30T09:08:16.606177,67.01,42.6,46.48,2.706,15.49,13.11,2.38,31.0,0,NOMINAL
VEH_4938,27,2026-08-30T09:09:21.606177,69.23,42.31,50.36,2.699,17.25,13.89,3.36,28.0,0,NOMINAL
VEH_4938,28,2026-08-30T09:10:26.606177,73.12,,49.17,2.657,10.01,7.04,2.97,29.5,0,NOMINAL
VEH_4938,29,2026-08-30T09:11:31.606177,72.6,,48.69,2.486,10.39,7.81,2.58,31.0,0,NOMINAL
VEH_4938,30,2026-08-30T09:12:36.606177,65.83,,50.43,2.394,11.59,8.2,3.39,28.0,0,NOMINAL
VEH_4939,1,2026-08-30T08:42:26.606177,65.39,40.35,37.88,1.69,17.49,17.21,0.28,34.3,0,NOMINAL
VEH_4939,2,2026-08-30T08:43:31.606177,70.74,41.79,38.77,1.845,18.71,18.09,0.62,34.6,0,NOMINAL
VEH_4939,3,2026-08-30T08:44:36.606177,69.64,,39.21,1.94,12.29,11.74,0.55,34.9,0,NOMINAL
VEH_4939,4,2026-08-30T08:45:41.606177,74.42,,40.37,1.603,13.37,12.61,0.76,35.2,0,NOMINAL
VEH_4939,5,2026-08-30T08:46:46.606177,64.9,,39.1,2.168,13.64,13.1,0.54,35.5,0,NOMINAL
VEH_4939,6,2026-08-30T08:47:51.606177,67.93,,40.0,1.776,12.23,11.58,0.65,35.8,0,NOMINAL
VEH_4939,7,2026-08-30T08:48:56.606177,70.12,41.62,40.76,1.927,17.95,17.29,0.66,36.1,0,NOMINAL
VEH_4939,8,2026-08-30T08:50:01.606177,74.51,43.09,42.42,2.128,19.26,18.17,1.09,36.4,0,NOMINAL
VEH_4939,9,2026-08-30T08:51:06.606177,73.97,,41.66,1.954,12.52,11.81,0.71,36.7,0,NOMINAL
VEH_4939,10,2026-08-30T08:52:11.606177,64.4,,41.59,2.112,12.97,12.3,0.67,37.0,0,NOMINAL
VEH_4939,11,2026-08-30T08:53:16.606177,68.02,,41.09,2.46,13.83,12.78,1.05,48.0,0,NOMINAL
VEH_4939,12,2026-08-30T08:54:21.606177,68.99,,41.93,2.018,11.04,10.16,0.88,48.0,0,NOMINAL
VEH_4939,13,2026-08-30T08:55:26.606177,71.13,,43.95,2.51,11.99,11.14,0.85,38.0,0,NOMINAL
VEH_4939,14,2026-08-30T08:56:31.606177,74.31,40.78,44.25,2.22,18.99,18.24,0.75,38.2,0,NOMINAL
VEH_4939,15,2026-08-30T08:57:36.606177,67.52,,43.84,2.116,13.66,12.7,0.96,38.0,0,NOMINAL
VEH_4939,16,2026-08-30T08:58:41.606177,68.48,,43.34,2.101,10.91,10.08,0.83,38.0,0,NOMINAL
VEH_4939,17,2026-08-30T08:59:46.606177,69.04,,45.75,2.267,13.17,11.06,2.11,60.0,0,NOMINAL
VEH_4939,18,2026-08-30T09:00:51.606177,69.57,,45.03,2.607,13.0,12.04,0.96,38.0,0,NOMINAL
VEH_4939,19,2026-08-30T09:01:56.606177,75.63,,45.51,2.618,11.63,9.21,2.42,29.5,0,NOMINAL
VEH_4939,20,2026-08-30T09:03:01.606177,63.98,,45.21,2.417,8.9,6.8,2.1,31.0,0,NOMINAL
VEH_4939,21,2026-08-30T09:04:06.606177,65.65,,46.8,2.51,10.34,7.58,2.76,28.0,0,NOMINAL
VEH_4939,22,2026-08-30T09:05:11.606177,70.34,,46.73,2.771,10.95,8.36,2.59,29.5,0,NOMINAL
VEH_4939,23,2026-08-30T09:06:16.606177,73.89,,48.27,2.64,11.77,9.14,2.63,31.0,0,NOMINAL
VEH_4939,24,2026-08-30T09:07:21.606177,75.04,,47.3,2.572,10.01,7.11,2.9,28.0,0,NOMINAL
VEH_4939,25,2026-08-30T09:08:26.606177,63.4,,47.65,2.813,10.18,7.5,2.68,29.5,0,NOMINAL
VEH_4939,26,2026-08-30T09:09:31.606177,68.49,41.42,48.02,2.448,15.63,13.11,2.52,31.0,0,NOMINAL
VEH_4939,27,2026-08-30T09:10:36.606177,69.34,41.38,50.59,2.821,17.18,13.89,3.29,28.0,0,NOMINAL
VEH_4939,28,2026-08-30T09:11:41.606177,73.31,,50.33,2.499,10.18,7.04,3.14,29.5,0,NOMINAL
VEH_4939,29,2026-08-30T09:12:46.606177,74.71,,49.31,2.804,10.55,7.81,2.74,31.0,0,NOMINAL
VEH_4939,30,2026-08-30T09:13:51.606177,66.02,,49.64,2.545,11.48,8.2,3.28,28.0,0,NOMINAL
VEH_4940,1,2026-08-30T08:43:41.606177,67.07,41.94,36.77,2.009,17.56,17.21,0.35,34.3,0,NOMINAL
VEH_4940,2,2026-08-30T08:44:46.606177,68.54,42.16,37.23,2.006,18.46,18.09,0.37,34.6,0,NOMINAL
VEH_4940,3,2026-08-30T08:45:51.606177,74.65,,39.06,2.018,12.43,11.74,0.69,34.9,0,NOMINAL
VEH_4940,4,2026-08-30T08:46:56.606177,75.43,,38.94,1.87,13.19,12.61,0.58,35.2,0,NOMINAL
VEH_4940,5,2026-08-30T08:48:01.606177,64.91,,39.35,1.959,13.68,13.1,0.58,35.5,0,NOMINAL
VEH_4940,6,2026-08-30T08:49:06.606177,65.33,,39.91,2.134,12.13,11.58,0.55,35.8,0,NOMINAL
VEH_4940,7,2026-08-30T08:50:11.606177,70.41,42.71,41.09,2.137,18.13,17.29,0.84,36.1,0,NOMINAL
VEH_4940,8,2026-08-30T08:51:16.606177,70.73,42.01,41.49,2.211,18.88,18.17,0.71,36.4,0,NOMINAL
VEH_4940,9,2026-08-30T08:52:21.606177,76.44,,42.8,2.233,12.77,11.81,0.96,36.7,0,NOMINAL
VEH_4940,10,2026-08-30T08:53:26.606177,66.34,,41.73,2.272,13.05,12.3,0.75,37.0,0,NOMINAL
VEH_4940,11,2026-08-30T08:54:31.606177,67.76,,43.14,2.406,13.52,12.78,0.74,48.0,0,NOMINAL
VEH_4940,12,2026-08-30T08:55:36.606177,69.85,,41.73,2.302,11.09,10.16,0.93,48.0,0,NOMINAL
VEH_4940,13,2026-08-30T08:56:41.606177,70.92,,42.93,2.372,11.83,11.14,0.69,38.0,0,NOMINAL
VEH_4940,14,2026-08-30T08:57:46.606177,75.29,41.19,43.79,2.408,19.0,18.24,0.76,38.2,0,NOMINAL
VEH_4940,15,2026-08-30T08:58:51.606177,64.79,,43.82,2.278,13.57,12.7,0.87,38.0,0,NOMINAL
VEH_4940,16,2026-08-30T08:59:56.606177,67.11,,45.53,2.61,11.2,10.08,1.12,38.0,0,NOMINAL
VEH_4940,17,2026-08-30T09:01:01.606177,68.54,,42.82,2.534,13.59,11.06,2.53,60.0,0,NOMINAL
VEH_4940,18,2026-08-30T09:02:06.606177,74.01,,43.72,2.34,12.94,12.04,0.9,38.0,0,NOMINAL
VEH_4940,19,2026-08-30T09:03:11.606177,77.3,,44.85,2.557,11.59,9.21,2.38,29.5,0,NOMINAL
VEH_4940,20,2026-08-30T09:04:16.606177,65.87,,46.86,2.472,9.21,6.8,2.41,31.0,0,NOMINAL
VEH_4940,21,2026-08-30T09:05:21.606177,70.11,,45.79,2.544,10.33,7.58,2.75,28.0,0,NOMINAL
VEH_4940,22,2026-08-30T09:06:26.606177,71.04,,46.25,2.605,10.9,8.36,2.54,29.5,0,NOMINAL
VEH_4940,23,2026-08-30T09:07:31.606177,74.15,,47.23,2.687,11.62,9.14,2.48,31.0,0,NOMINAL
VEH_4940,24,2026-08-30T09:08:36.606177,74.91,,46.89,2.849,9.94,7.11,2.83,28.0,0,NOMINAL
VEH_4940,25,2026-08-30T09:09:41.606177,64.25,,48.5,2.664,10.33,7.5,2.83,29.5,0,NOMINAL
VEH_4940,26,2026-08-30T09:10:46.606177,66.39,42.9,48.19,2.577,15.76,13.11,2.65,31.0,0,NOMINAL
VEH_4940,27,2026-08-30T09:11:51.606177,70.29,44.56,48.31,2.565,17.24,13.89,3.35,28.0,0,NOMINAL
VEH_4940,28,2026-08-30T09:12:56.606177,73.23,,48.34,2.964,9.88,7.04,2.84,29.5,0,NOMINAL
VEH_4940,29,2026-08-30T09:14:01.606177,74.77,,48.94,2.684,10.5,7.81,2.69,31.0,0,NOMINAL
VEH_4940,30,2026-08-30T09:15:06.606177,63.12,,48.51,2.829,11.22,8.2,3.02,28.0,0,NOMINAL
VEH_4941,1,2026-08-30T08:44:56.606177,67.24,43.5,36.07,1.727,17.64,17.21,0.43,34.3,0,NOMINAL
VEH_4941,2,2026-08-30T08:46:01.606177,68.73,42.15,39.16,1.822,18.75,18.09,0.66,34.6,0,NOMINAL
VEH_4941,3,2026-08-30T08:47:06.606177,71.47,,38.7,2.12,12.27,11.74,0.53,34.9,0,NOMINAL
VEH_4941,4,2026-08-30T08:48:11.606177,76.4,,39.12,2.105,13.24,12.61,0.63,35.2,0,NOMINAL
VEH_4941,5,2026-08-30T08:49:16.606177,64.63,,37.86,2.018,13.45,13.1,0.35,35.5,0,NOMINAL
VEH_4941,6,2026-08-30T08:50:21.606177,66.42,,41.71,2.037,12.43,11.58,0.85,35.8,0,NOMINAL
VEH_4941,7,2026-08-30T08:51:26.606177,71.06,40.9,41.34,1.962,17.98,17.29,0.69,36.1,0,NOMINAL
VEH_4941,8,2026-08-30T08:52:31.606177,71.87,44.39,42.25,2.399,19.3,18.17,1.13,36.4,0,NOMINAL
VEH_4941,9,2026-08-30T08:53:36.606177,75.91,,41.4,1.995,12.55,11.81,0.74,36.7,0,NOMINAL
VEH_4941,10,2026-08-30T08:54:41.606177,64.29,,41.44,2.475,12.95,12.3,0.65,37.0,0,NOMINAL
VEH_4941,11,2026-08-30T08:55:46.606177,67.87,,42.71,2.214,13.59,12.78,0.81,48.0,0,NOMINAL
VEH_4941,12,2026-08-30T08:56:51.606177,70.16,,42.3,2.266,11.02,10.16,0.86,48.0,0,NOMINAL
VEH_4941,13,2026-08-30T08:57:56.606177,72.97,,42.86,2.305,11.88,11.14,0.74,38.0,0,NOMINAL
VEH_4941,14,2026-08-30T08:59:01.606177,75.0,42.33,43.79,2.487,19.12,18.24,0.88,38.2,0,NOMINAL
VEH_4941,15,2026-08-30T09:00:06.606177,62.81,,42.66,2.114,13.34,12.7,0.64,38.0,0,NOMINAL
VEH_4941,16,2026-08-30T09:01:11.606177,66.25,,44.53,2.217,11.02,10.08,0.94,38.0,0,NOMINAL
VEH_4941,17,2026-08-30T09:02:16.606177,67.72,,44.52,2.433,13.31,11.06,2.25,60.0,0,NOMINAL
VEH_4941,18,2026-08-30T09:03:21.606177,72.11,,44.13,2.358,12.94,12.04,0.9,38.0,0,NOMINAL
VEH_4941,19,2026-08-30T09:04:26.606177,74.71,,46.41,2.646,11.74,9.21,2.53,29.5,0,NOMINAL
VEH_4941,20,2026-08-30T09:05:31.606177,66.02,,46.94,2.386,9.23,6.8,2.43,31.0,0,NOMINAL
VEH_4941,21,2026-08-30T09:06:36.606177,69.8,,46.01,2.374,10.35,7.58,2.77,28.0,0,NOMINAL
VEH_4941,22,2026-08-30T09:07:41.606177,69.68,,45.52,2.608,10.75,8.36,2.39,29.5,0,NOMINAL
VEH_4941,23,2026-08-30T09:08:46.606177,71.94,,45.89,2.629,11.35,9.14,2.21,31.0,0,NOMINAL
VEH_4941,24,2026-08-30T09:09:51.606177,73.56,,46.07,2.602,9.78,7.11,2.67,28.0,0,NOMINAL
VEH_4941,25,2026-08-30T09:10:56.606177,65.74,,48.73,2.595,10.41,7.5,2.91,29.5,0,NOMINAL
VEH_4941,26,2026-08-30T09:12:01.606177,67.34,43.33,46.42,2.63,15.57,13.11,2.46,31.0,0,NOMINAL
VEH_4941,27,2026-08-30T09:13:06.606177,70.43,42.96,47.48,2.43,16.93,13.89,3.04,28.0,0,NOMINAL
VEH_4941,28,2026-08-30T09:14:11.606177,73.1,,48.34,2.602,9.88,7.04,2.84,29.5,0,NOMINAL
VEH_4941,29,2026-08-30T09:15:16.606177,75.83,,48.16,2.67,10.41,7.81,2.6,31.0,0,NOMINAL
VEH_4941,30,2026-08-30T09:16:21.606177,63.91,,49.33,2.742,11.37,8.2,3.17,28.0,0,NOMINAL
VEH_4942,1,2026-08-30T08:46:11.606177,68.69,40.38,38.31,1.592,17.66,17.21,0.45,34.3,0,NOMINAL
VEH_4942,2,2026-08-30T08:47:16.606177,73.11,43.73,38.79,1.836,19.01,18.09,0.92,34.6,0,NOMINAL
VEH_4942,3,2026-08-30T08:48:21.606177,71.46,,37.85,2.193,12.15,11.74,0.41,34.9,0,NOMINAL
VEH_4942,4,2026-08-30T08:49:26.606177,74.58,,40.04,1.841,13.33,12.61,0.72,35.2,0,NOMINAL
VEH_4942,5,2026-08-30T08:50:31.606177,65.08,,38.59,1.899,13.57,13.1,0.47,35.5,0,NOMINAL
VEH_4942,6,2026-08-30T08:51:36.606177,67.96,,39.26,1.966,12.11,11.58,0.53,35.8,0,NOMINAL
VEH_4942,7,2026-08-30T08:52:41.606177,70.59,43.84,40.57,2.0,18.19,17.29,0.9,36.1,0,NOMINAL
VEH_4942,8,2026-08-30T08:53:46.606177,73.33,44.5,41.98,2.196,19.32,18.17,1.15,36.4,0,NOMINAL
VEH_4942,9,2026-08-30T08:54:51.606177,76.09,,40.4,2.06,12.4,11.81,0.59,36.7,0,NOMINAL
VEH_4942,10,2026-08-30T08:55:56.606177,65.33,,42.48,2.225,13.14,12.3,0.84,37.0,0,NOMINAL
VEH_4942,11,2026-08-30T08:57:01.606177,69.69,,42.0,2.448,13.75,12.78,0.97,48.0,0,NOMINAL
VEH_4942,12,2026-08-30T08:58:06.606177,70.09,,42.9,2.302,10.93,10.16,0.77,48.0,0,NOMINAL
VEH_4942,13,2026-08-30T08:59:11.606177,72.7,,41.62,2.398,11.68,11.14,0.54,38.0,0,NOMINAL
VEH_4942,14,2026-08-30T09:00:16.606177,73.97,44.41,44.77,2.025,19.47,18.24,1.23,38.2,0,NOMINAL
VEH_4942,15,2026-08-30T09:01:21.606177,66.58,,43.61,2.381,13.59,12.7,0.89,38.0,0,NOMINAL
VEH_4942,16,2026-08-30T09:02:26.606177,67.93,,43.91,2.546,10.98,10.08,0.9,38.0,0,NOMINAL
VEH_4942,17,2026-08-30T09:03:31.606177,69.99,,45.44,2.462,13.24,11.06,2.18,60.0,0,NOMINAL
VEH_4942,18,2026-08-30T09:04:36.606177,71.71,,45.57,2.45,13.15,12.04,1.11,38.0,0,NOMINAL
VEH_4942,19,2026-08-30T09:05:41.606177,74.93,,46.37,2.322,11.74,9.21,2.53,29.5,0,NOMINAL
VEH_4942,20,2026-08-30T09:06:46.606177,66.73,,45.78,2.523,9.07,6.8,2.27,31.0,0,NOMINAL
VEH_4942,21,2026-08-30T09:07:51.606177,66.42,,46.37,2.58,10.3,7.58,2.72,28.0,0,NOMINAL
VEH_4942,22,2026-08-30T09:08:56.606177,70.01,,46.27,2.854,10.87,8.36,2.51,29.5,0,NOMINAL
VEH_4942,23,2026-08-30T09:10:01.606177,72.33,,45.88,2.777,11.36,9.14,2.22,31.0,0,NOMINAL
VEH_4942,24,2026-08-30T09:11:06.606177,77.27,,47.36,2.988,10.09,7.11,2.98,28.0,0,NOMINAL
VEH_4942,25,2026-08-30T09:12:11.606177,64.61,,46.78,2.612,10.08,7.5,2.58,29.5,0,NOMINAL
VEH_4942,26,2026-08-30T09:13:16.606177,68.59,42.57,49.77,2.598,16.03,13.11,2.92,31.0,0,NOMINAL
VEH_4942,27,2026-08-30T09:14:21.606177,68.66,43.04,48.31,2.775,17.01,13.89,3.12,28.0,0,NOMINAL
VEH_4942,28,2026-08-30T09:15:26.606177,72.98,,47.94,2.68,9.82,7.04,2.78,29.5,0,NOMINAL
VEH_4942,29,2026-08-30T09:16:31.606177,76.08,,47.75,2.847,10.36,7.81,2.55,31.0,0,NOMINAL
VEH_4942,30,2026-08-30T09:17:36.606177,66.37,,48.96,2.805,11.39,8.2,3.19,28.0,0,NOMINAL
VEH_4943,1,2026-08-30T08:47:26.606177,68.71,43.77,37.41,1.761,17.92,17.21,0.71,34.3,0,NOMINAL
VEH_4943,2,2026-08-30T08:48:31.606177,68.72,40.82,38.07,1.995,18.43,18.09,0.34,34.6,0,NOMINAL
VEH_4943,3,2026-08-30T08:49:36.606177,71.95,,38.54,2.039,12.26,11.74,0.52,34.9,0,NOMINAL
VEH_4943,4,2026-08-30T08:50:41.606177,74.95,,38.13,1.933,13.05,12.61,0.44,35.2,0,NOMINAL
VEH_4943,5,2026-08-30T08:51:46.606177,65.45,,39.19,1.888,13.67,13.1,0.57,35.5,0,NOMINAL
VEH_4943,6,2026-08-30T08:52:51.606177,66.3,,39.85,2.139,12.15,11.58,0.57,35.8,0,NOMINAL
VEH_4943,7,2026-08-30T08:53:56.606177,68.97,42.38,40.31,2.262,17.93,17.29,0.64,36.1,0,NOMINAL
VEH_4943,8,2026-08-30T08:55:01.606177,73.55,41.56,41.77,2.199,18.95,18.17,0.78,36.4,0,NOMINAL
VEH_4943,9,2026-08-30T08:56:06.606177,74.62,,40.82,1.864,12.42,11.81,0.61,36.7,0,NOMINAL
VEH_4943,10,2026-08-30T08:57:11.606177,67.1,,42.18,2.294,13.15,12.3,0.85,37.0,0,NOMINAL
VEH_4943,11,2026-08-30T08:58:16.606177,68.15,,42.0,2.551,13.7,12.78,0.92,48.0,0,NOMINAL
VEH_4943,12,2026-08-30T08:59:21.606177,68.32,,41.41,2.361,11.1,10.16,0.94,48.0,0,NOMINAL
VEH_4943,13,2026-08-30T09:00:26.606177,71.21,,44.39,1.997,12.05,11.14,0.91,38.0,0,NOMINAL
VEH_4943,14,2026-08-30T09:01:31.606177,73.14,42.38,44.18,2.284,19.13,18.24,0.89,38.2,0,NOMINAL
VEH_4943,15,2026-08-30T09:02:36.606177,65.9,,42.5,2.408,13.41,12.7,0.71,38.0,0,NOMINAL
VEH_4943,16,2026-08-30T09:03:41.606177,95.68,,46.5,2.127,12.23,10.08,2.15,38.0,1,MICRO_STOPPAGE_PRESSURE_DROP
VEH_4943,17,2026-08-30T09:04:46.606177,70.22,,43.59,2.292,13.53,11.06,2.47,60.0,0,NOMINAL
VEH_4943,18,2026-08-30T09:05:51.606177,71.63,,45.38,2.568,13.12,12.04,1.08,38.0,0,NOMINAL
VEH_4943,19,2026-08-30T09:06:56.606177,75.12,,44.77,2.4,11.51,9.21,2.3,29.5,0,NOMINAL
VEH_4943,20,2026-08-30T09:08:01.606177,66.44,,46.01,2.671,9.1,6.8,2.3,31.0,0,NOMINAL
VEH_4943,21,2026-08-30T09:09:06.606177,66.19,,46.05,2.647,10.25,7.58,2.67,28.0,0,NOMINAL
VEH_4943,22,2026-08-30T09:10:11.606177,71.4,,47.69,2.661,11.13,8.36,2.77,29.5,0,NOMINAL
VEH_4943,23,2026-08-30T09:11:16.606177,73.25,,46.84,2.702,11.54,9.14,2.4,31.0,0,NOMINAL
VEH_4943,24,2026-08-30T09:12:21.606177,76.47,,47.85,2.64,10.14,7.11,3.03,28.0,0,NOMINAL
VEH_4943,25,2026-08-30T09:13:26.606177,64.04,,49.0,2.676,10.4,7.5,2.9,29.5,0,NOMINAL
VEH_4943,26,2026-08-30T09:14:31.606177,66.96,41.23,48.76,2.543,15.67,13.11,2.56,31.0,0,NOMINAL
VEH_4943,27,2026-08-30T09:15:36.606177,71.03,41.77,48.12,2.935,16.91,13.89,3.02,28.0,0,NOMINAL
VEH_4943,28,2026-08-30T09:16:41.606177,71.54,,47.59,2.869,9.72,7.04,2.68,29.5,0,NOMINAL
VEH_4943,29,2026-08-30T09:17:46.606177,74.06,,49.76,2.502,10.6,7.81,2.79,31.0,0,NOMINAL
VEH_4943,30,2026-08-30T09:18:51.606177,65.44,,50.6,2.822,11.61,8.2,3.41,28.0,0,NOMINAL
VEH_4944,1,2026-08-30T08:48:41.606177,67.01,42.43,38.76,1.844,17.91,17.21,0.7,34.3,0,NOMINAL
VEH_4944,2,2026-08-30T08:49:46.606177,67.06,43.43,40.52,2.06,19.05,18.09,0.96,34.6,0,NOMINAL
VEH_4944,3,2026-08-30T08:50:51.606177,71.23,,39.22,1.972,12.34,11.74,0.6,34.9,0,NOMINAL
VEH_4944,4,2026-08-30T08:51:56.606177,75.61,,40.15,2.084,13.37,12.61,0.76,35.2,0,NOMINAL
VEH_4944,5,2026-08-30T08:53:01.606177,64.22,,40.53,1.582,13.83,13.1,0.73,35.5,0,NOMINAL
VEH_4944,6,2026-08-30T08:54:06.606177,70.66,,41.23,1.959,12.49,11.58,0.91,35.8,0,NOMINAL
VEH_4944,7,2026-08-30T08:55:11.606177,67.87,39.77,40.28,2.167,17.59,17.29,0.3,36.1,0,NOMINAL
VEH_4944,8,2026-08-30T08:56:16.606177,73.5,40.21,42.29,2.225,18.87,18.17,0.7,36.4,0,NOMINAL
VEH_4944,9,2026-08-30T08:57:21.606177,72.65,,40.17,2.153,12.26,11.81,0.45,36.7,0,NOMINAL
VEH_4944,10,2026-08-30T08:58:26.606177,64.23,,40.15,2.037,12.75,12.3,0.45,37.0,0,NOMINAL
VEH_4944,11,2026-08-30T08:59:31.606177,65.54,,43.12,2.307,13.45,12.78,0.67,48.0,0,NOMINAL
VEH_4944,12,2026-08-30T09:00:36.606177,69.67,,41.34,2.266,11.15,10.16,0.99,48.0,0,NOMINAL
VEH_4944,13,2026-08-30T09:01:41.606177,73.81,,42.84,2.026,11.9,11.14,0.76,38.0,0,NOMINAL
VEH_4944,14,2026-08-30T09:02:46.606177,73.89,41.38,42.22,2.229,18.74,18.24,0.5,38.2,0,NOMINAL
VEH_4944,15,2026-08-30T09:03:51.606177,65.44,,42.37,2.38,13.37,12.7,0.67,38.0,0,NOMINAL
VEH_4944,16,2026-08-30T09:04:56.606177,68.79,,44.98,2.288,11.17,10.08,1.09,38.0,0,NOMINAL
VEH_4944,17,2026-08-30T09:06:01.606177,71.12,,43.31,2.201,13.6,11.06,2.54,60.0,0,NOMINAL
VEH_4944,18,2026-08-30T09:07:06.606177,74.44,,45.32,2.358,13.19,12.04,1.15,38.0,0,NOMINAL
VEH_4944,19,2026-08-30T09:08:11.606177,74.09,,44.49,2.368,11.43,9.21,2.22,29.5,0,NOMINAL
VEH_4944,20,2026-08-30T09:09:16.606177,67.63,,44.89,2.595,8.97,6.8,2.17,31.0,0,NOMINAL
VEH_4944,21,2026-08-30T09:10:21.606177,64.79,,46.27,2.568,10.24,7.58,2.66,28.0,0,NOMINAL
VEH_4944,22,2026-08-30T09:11:26.606177,71.87,,46.11,2.359,10.91,8.36,2.55,29.5,0,NOMINAL
VEH_4944,23,2026-08-30T09:12:31.606177,71.08,,46.62,2.443,11.43,9.14,2.29,31.0,0,NOMINAL
VEH_4944,24,2026-08-30T09:13:36.606177,74.05,,47.44,2.438,10.0,7.11,2.89,28.0,0,NOMINAL
VEH_4944,25,2026-08-30T09:14:41.606177,64.31,,48.13,2.609,10.28,7.5,2.78,29.5,0,NOMINAL
VEH_4944,26,2026-08-30T09:15:46.606177,67.7,40.71,48.83,2.739,15.64,13.11,2.53,31.0,0,NOMINAL
VEH_4944,27,2026-08-30T09:16:51.606177,69.99,40.1,48.04,2.807,16.68,13.89,2.79,28.0,0,NOMINAL
VEH_4944,28,2026-08-30T09:17:56.606177,74.13,,47.58,2.503,9.8,7.04,2.76,29.5,0,NOMINAL
VEH_4944,29,2026-08-30T09:19:01.606177,74.1,,50.17,2.926,10.66,7.81,2.85,31.0,0,NOMINAL
VEH_4944,30,2026-08-30T09:20:06.606177,64.26,,49.99,2.991,11.48,8.2,3.28,28.0,0,NOMINAL
VEH_4945,1,2026-08-30T08:49:56.606177,66.31,41.33,37.8,1.752,17.62,17.21,0.41,34.3,0,NOMINAL
VEH_4945,2,2026-08-30T08:51:01.606177,69.49,44.24,37.64,2.146,18.79,18.09,0.7,34.6,0,NOMINAL
VEH_4945,3,2026-08-30T08:52:06.606177,74.36,,38.21,2.0,12.29,11.74,0.55,34.9,0,NOMINAL
VEH_4945,4,2026-08-30T08:53:11.606177,75.01,,40.46,2.074,13.4,12.61,0.79,35.2,0,NOMINAL
VEH_4945,5,2026-08-30T08:54:16.606177,67.07,,38.9,1.96,13.68,13.1,0.58,35.5,0,NOMINAL
VEH_4945,6,2026-08-30T08:55:21.606177,66.69,,40.92,1.969,12.32,11.58,0.74,35.8,0,NOMINAL
VEH_4945,7,2026-08-30T08:56:26.606177,70.11,44.3,41.74,2.062,18.4,17.29,1.11,36.1,0,NOMINAL
VEH_4945,8,2026-08-30T08:57:31.606177,73.65,41.79,41.43,2.053,18.93,18.17,0.76,36.4,0,NOMINAL
VEH_4945,9,2026-08-30T08:58:36.606177,76.7,,41.0,1.975,12.51,11.81,0.7,36.7,0,NOMINAL
VEH_4945,10,2026-08-30T08:59:41.606177,65.57,,41.43,2.158,12.99,12.3,0.69,37.0,0,NOMINAL
VEH_4945,11,2026-08-30T09:00:46.606177,66.12,,42.78,2.235,13.52,12.78,0.74,48.0,0,NOMINAL
VEH_4945,12,2026-08-30T09:01:51.606177,69.04,,42.41,2.147,10.97,10.16,0.81,48.0,0,NOMINAL
VEH_4945,13,2026-08-30T09:02:56.606177,73.82,,43.94,2.467,12.07,11.14,0.93,38.0,0,NOMINAL
VEH_4945,14,2026-08-30T09:04:01.606177,75.96,42.25,42.3,2.555,18.92,18.24,0.68,38.2,0,NOMINAL
VEH_4945,15,2026-08-30T09:05:06.606177,65.48,,43.83,2.067,13.59,12.7,0.89,38.0,0,NOMINAL
VEH_4945,16,2026-08-30T09:06:11.606177,67.19,,42.25,2.264,10.71,10.08,0.63,38.0,0,NOMINAL
VEH_4945,17,2026-08-30T09:07:16.606177,72.16,,43.83,2.088,13.55,11.06,2.49,60.0,0,NOMINAL
VEH_4945,18,2026-08-30T09:08:21.606177,71.66,,44.76,2.405,13.02,12.04,0.98,38.0,0,NOMINAL
VEH_4945,19,2026-08-30T09:09:26.606177,74.55,,45.66,2.502,11.62,9.21,2.41,29.5,0,NOMINAL
VEH_4945,20,2026-08-30T09:10:31.606177,63.76,,45.07,2.47,8.88,6.8,2.08,31.0,0,NOMINAL
VEH_4945,21,2026-08-30T09:11:36.606177,67.19,,47.33,2.539,10.47,7.58,2.89,28.0,0,NOMINAL
VEH_4945,22,2026-08-30T09:12:41.606177,71.31,,46.2,2.602,10.9,8.36,2.54,29.5,0,NOMINAL
VEH_4945,23,2026-08-30T09:13:46.606177,72.11,,46.75,2.619,11.49,9.14,2.35,31.0,0,NOMINAL
VEH_4945,24,2026-08-30T09:14:51.606177,75.77,,49.05,2.418,10.29,7.11,3.18,28.0,0,NOMINAL
VEH_4945,25,2026-08-30T09:15:56.606177,68.03,,46.82,2.573,10.2,7.5,2.7,29.5,0,NOMINAL
VEH_4945,26,2026-08-30T09:17:01.606177,65.32,42.46,49.24,3.034,15.83,13.11,2.72,31.0,0,NOMINAL
VEH_4945,27,2026-08-30T09:18:06.606177,69.27,41.77,47.55,2.698,16.77,13.89,2.88,28.0,0,NOMINAL
VEH_4945,28,2026-08-30T09:19:11.606177,71.9,,48.55,2.652,9.87,7.04,2.83,29.5,0,NOMINAL
VEH_4945,29,2026-08-30T09:20:16.606177,73.55,,49.32,2.597,10.52,7.81,2.71,31.0,0,NOMINAL
VEH_4945,30,2026-08-30T09:21:21.606177,64.94,,49.07,2.711,11.36,8.2,3.16,28.0,0,NOMINAL
VEH_4946,1,2026-08-30T08:51:11.606177,66.22,40.2,37.91,1.65,17.51,17.21,0.3,34.3,0,NOMINAL
VEH_4946,2,2026-08-30T08:52:16.606177,70.15,41.01,37.92,1.808,18.48,18.09,0.39,34.6,0,NOMINAL
VEH_4946,3,2026-08-30T08:53:21.606177,72.45,,40.17,1.781,12.52,11.74,0.78,34.9,0,NOMINAL
VEH_4946,4,2026-08-30T08:54:26.606177,75.44,,40.16,1.764,13.37,12.61,0.76,35.2,0,NOMINAL
VEH_4946,5,2026-08-30T08:55:31.606177,65.72,,39.38,1.627,13.71,13.1,0.61,35.5,0,NOMINAL
VEH_4946,6,2026-08-30T08:56:36.606177,67.48,,40.67,1.998,12.31,11.58,0.73,35.8,0,NOMINAL
VEH_4946,7,2026-08-30T08:57:41.606177,68.77,41.61,40.61,2.08,17.88,17.29,0.59,36.1,0,NOMINAL
VEH_4946,8,2026-08-30T08:58:46.606177,72.14,41.14,41.51,2.104,18.82,18.17,0.65,36.4,0,NOMINAL
VEH_4946,9,2026-08-30T08:59:51.606177,75.12,,41.5,1.946,12.54,11.81,0.73,36.7,0,NOMINAL
VEH_4946,10,2026-08-30T09:00:56.606177,62.99,,43.59,2.214,13.23,12.3,0.93,37.0,0,NOMINAL
VEH_4946,11,2026-08-30T09:02:01.606177,68.02,,42.83,2.034,13.57,12.78,0.79,48.0,0,NOMINAL
VEH_4946,12,2026-08-30T09:03:06.606177,68.45,,41.7,2.04,11.05,10.16,0.89,48.0,0,NOMINAL
VEH_4946,13,2026-08-30T09:04:11.606177,71.51,,41.77,2.342,11.67,11.14,0.53,38.0,0,NOMINAL
VEH_4946,14,2026-08-30T09:05:16.606177,76.17,40.54,45.9,2.391,19.27,18.24,1.03,38.2,0,NOMINAL
VEH_4946,15,2026-08-30T09:06:21.606177,65.97,,42.05,2.226,13.34,12.7,0.64,38.0,0,NOMINAL
VEH_4946,16,2026-08-30T09:07:26.606177,68.75,,42.82,2.439,10.84,10.08,0.76,38.0,0,NOMINAL
VEH_4946,17,2026-08-30T09:08:31.606177,70.85,,44.05,2.43,13.48,11.06,2.42,60.0,0,NOMINAL
VEH_4946,18,2026-08-30T09:09:36.606177,72.07,,44.6,2.335,13.01,12.04,0.97,38.0,0,NOMINAL
VEH_4946,19,2026-08-30T09:10:41.606177,73.71,,44.23,2.25,11.38,9.21,2.17,29.5,0,NOMINAL
VEH_4946,20,2026-08-30T09:11:46.606177,64.02,,45.62,2.502,8.97,6.8,2.17,31.0,0,NOMINAL
VEH_4946,21,2026-08-30T09:12:51.606177,67.14,,46.01,2.536,10.27,7.58,2.69,28.0,0,NOMINAL
VEH_4946,22,2026-08-30T09:13:56.606177,70.76,,47.36,2.454,11.06,8.36,2.7,29.5,0,NOMINAL
VEH_4946,23,2026-08-30T09:15:01.606177,71.81,,47.25,2.307,11.55,9.14,2.41,31.0,0,NOMINAL
VEH_4946,24,2026-08-30T09:16:06.606177,75.7,,46.78,2.323,9.95,7.11,2.84,28.0,0,NOMINAL
VEH_4946,25,2026-08-30T09:17:11.606177,63.16,,47.51,2.764,10.15,7.5,2.65,29.5,0,NOMINAL
VEH_4946,26,2026-08-30T09:18:16.606177,67.7,43.01,47.89,2.455,15.77,13.11,2.66,31.0,0,NOMINAL
VEH_4946,27,2026-08-30T09:19:21.606177,68.7,40.6,49.06,2.636,16.85,13.89,2.96,28.0,0,NOMINAL
VEH_4946,28,2026-08-30T09:20:26.606177,73.41,,48.93,2.657,9.98,7.04,2.94,29.5,0,NOMINAL
VEH_4946,29,2026-08-30T09:21:31.606177,75.64,,48.2,2.672,10.41,7.81,2.6,31.0,0,NOMINAL
VEH_4946,30,2026-08-30T09:22:36.606177,61.76,,50.48,2.674,11.48,8.2,3.28,28.0,0,NOMINAL
VEH_4947,1,2026-08-30T08:52:26.606177,67.92,42.87,37.3,1.641,17.77,17.21,0.56,34.3,0,NOMINAL
VEH_4947,2,2026-08-30T08:53:31.606177,71.42,40.34,38.29,1.953,18.5,18.09,0.41,34.6,0,NOMINAL
VEH_4947,3,2026-08-30T08:54:36.606177,72.09,,38.65,1.768,12.28,11.74,0.54,34.9,0,NOMINAL
VEH_4947,4,2026-08-30T08:55:41.606177,75.55,,39.19,2.179,13.23,12.61,0.62,35.2,0,NOMINAL
VEH_4947,5,2026-08-30T08:56:46.606177,65.71,,39.25,1.932,13.69,13.1,0.59,35.5,0,NOMINAL
VEH_4947,6,2026-08-30T08:57:51.606177,66.04,,38.95,2.153,12.01,11.58,0.43,35.8,0,NOMINAL
VEH_4947,7,2026-08-30T08:58:56.606177,69.25,41.85,39.63,2.013,17.78,17.29,0.49,36.1,0,NOMINAL
VEH_4947,8,2026-08-30T09:00:01.606177,72.32,40.58,40.59,1.951,18.63,18.17,0.46,36.4,0,NOMINAL
VEH_4947,9,2026-08-30T09:01:06.606177,73.65,,42.84,1.926,12.69,11.81,0.88,36.7,0,NOMINAL
VEH_4947,10,2026-08-30T09:02:11.606177,66.2,,41.47,2.097,13.01,12.3,0.71,37.0,0,NOMINAL
VEH_4947,11,2026-08-30T09:03:16.606177,66.92,,41.59,2.132,13.72,12.78,0.94,48.0,0,NOMINAL
VEH_4947,12,2026-08-30T09:04:21.606177,70.87,,42.71,2.216,10.98,10.16,0.82,48.0,0,NOMINAL
VEH_4947,13,2026-08-30T09:05:26.606177,72.74,,42.7,1.955,11.85,11.14,0.71,38.0,0,NOMINAL
VEH_4947,14,2026-08-30T09:06:31.606177,76.02,39.36,42.34,2.347,18.59,18.24,0.35,38.2,0,NOMINAL
VEH_4947,15,2026-08-30T09:07:36.606177,64.48,,43.82,2.152,13.56,12.7,0.86,38.0,0,NOMINAL
VEH_4947,16,2026-08-30T09:08:41.606177,68.32,,44.29,2.175,11.05,10.08,0.97,38.0,0,NOMINAL
VEH_4947,17,2026-08-30T09:09:46.606177,68.78,,44.12,2.067,13.4,11.06,2.34,60.0,0,NOMINAL
VEH_4947,18,2026-08-30T09:10:51.606177,72.81,,45.22,2.375,13.13,12.04,1.09,38.0,0,NOMINAL
VEH_4947,19,2026-08-30T09:11:56.606177,74.23,,45.22,2.5,11.55,9.21,2.34,29.5,0,NOMINAL
VEH_4947,20,2026-08-30T09:13:01.606177,66.66,,46.33,2.335,9.16,6.8,2.36,31.0,0,NOMINAL
VEH_4947,21,2026-08-30T09:14:06.606177,70.25,,47.62,2.292,10.61,7.58,3.03,28.0,0,NOMINAL
VEH_4947,22,2026-08-30T09:15:11.606177,68.99,,46.47,2.154,10.87,8.36,2.51,29.5,0,NOMINAL
VEH_4947,23,2026-08-30T09:16:16.606177,71.58,,45.97,2.539,11.35,9.14,2.21,31.0,0,NOMINAL
VEH_4947,24,2026-08-30T09:17:21.606177,74.51,,47.24,2.612,9.98,7.11,2.87,28.0,0,NOMINAL
VEH_4947,25,2026-08-30T09:18:26.606177,66.13,,48.63,2.507,10.41,7.5,2.91,29.5,0,NOMINAL
VEH_4947,26,2026-08-30T09:19:31.606177,67.71,40.05,48.41,2.454,15.51,13.11,2.4,31.0,0,NOMINAL
VEH_4947,27,2026-08-30T09:20:36.606177,70.15,40.56,47.52,2.55,16.66,13.89,2.77,28.0,0,NOMINAL
VEH_4947,28,2026-08-30T09:21:41.606177,72.29,,47.72,2.443,9.76,7.04,2.72,29.5,0,NOMINAL
VEH_4947,29,2026-08-30T09:22:46.606177,75.82,,49.22,2.859,10.57,7.81,2.76,31.0,0,NOMINAL
VEH_4947,30,2026-08-30T09:23:51.606177,64.05,,49.53,2.76,11.4,8.2,3.2,28.0,0,NOMINAL
VEH_4948,1,2026-08-30T08:53:41.606177,67.59,40.73,36.83,1.698,17.45,17.21,0.24,34.3,0,NOMINAL
VEH_4948,2,2026-08-30T08:54:46.606177,70.27,40.34,38.32,2.131,18.46,18.09,0.37,34.6,0,NOMINAL
VEH_4948,3,2026-08-30T08:55:51.606177,70.04,,39.06,1.977,12.28,11.74,0.54,34.9,0,NOMINAL
VEH_4948,4,2026-08-30T08:56:56.606177,74.7,,41.0,1.615,13.47,12.61,0.86,35.2,0,NOMINAL
VEH_4948,5,2026-08-30T08:58:01.606177,64.59,,39.68,1.902,13.72,13.1,0.62,35.5,0,NOMINAL
VEH_4948,6,2026-08-30T08:59:06.606177,64.98,,40.44,1.901,12.2,11.58,0.62,35.8,0,NOMINAL
VEH_4948,7,2026-08-30T09:00:11.606177,69.84,39.59,40.55,1.787,17.67,17.29,0.38,36.1,0,NOMINAL
VEH_4948,8,2026-08-30T09:01:16.606177,73.1,39.65,40.56,2.118,18.54,18.17,0.37,36.4,0,NOMINAL
VEH_4948,9,2026-08-30T09:02:21.606177,74.64,,40.84,2.045,12.42,11.81,0.61,36.7,0,NOMINAL
VEH_4948,10,2026-08-30T09:03:26.606177,65.67,,41.56,2.015,13.01,12.3,0.71,37.0,0,NOMINAL
VEH_4948,11,2026-08-30T09:04:31.606177,66.89,,43.76,2.087,13.4,12.78,0.62,48.0,0,NOMINAL
VEH_4948,12,2026-08-30T09:05:36.606177,71.37,,43.78,1.99,10.83,10.16,0.67,48.0,0,NOMINAL
VEH_4948,13,2026-08-30T09:06:41.606177,73.73,,41.61,2.449,11.72,11.14,0.58,38.0,0,NOMINAL
VEH_4948,14,2026-08-30T09:07:46.606177,74.56,42.72,43.1,2.239,19.05,18.24,0.81,38.2,0,NOMINAL
VEH_4948,15,2026-08-30T09:08:51.606177,64.04,,43.33,2.217,13.47,12.7,0.77,38.0,0,NOMINAL
VEH_4948,16,2026-08-30T09:09:56.606177,66.08,,42.21,2.029,10.67,10.08,0.59,38.0,0,NOMINAL
VEH_4948,17,2026-08-30T09:11:01.606177,70.63,,43.1,2.367,13.61,11.06,2.55,60.0,0,NOMINAL
VEH_4948,18,2026-08-30T09:12:06.606177,74.3,,45.95,2.436,13.28,12.04,1.24,38.0,0,NOMINAL
VEH_4948,19,2026-08-30T09:13:11.606177,76.92,,47.07,2.371,11.91,9.21,2.7,29.5,0,NOMINAL
VEH_4948,20,2026-08-30T09:14:16.606177,63.78,,46.02,2.409,9.02,6.8,2.22,31.0,0,NOMINAL
VEH_4948,21,2026-08-30T09:15:21.606177,66.75,,45.79,2.711,10.23,7.58,2.65,28.0,0,NOMINAL
VEH_4948,22,2026-08-30T09:16:26.606177,71.71,,47.26,2.703,11.08,8.36,2.72,29.5,0,NOMINAL
VEH_4948,23,2026-08-30T09:17:31.606177,74.71,,47.42,2.64,11.67,9.14,2.53,31.0,0,NOMINAL
VEH_4948,24,2026-08-30T09:18:36.606177,73.07,,48.22,2.599,10.09,7.11,2.98,28.0,0,NOMINAL
VEH_4948,25,2026-08-30T09:19:41.606177,65.42,,48.46,2.509,10.36,7.5,2.86,29.5,0,NOMINAL
VEH_4948,26,2026-08-30T09:20:46.606177,65.19,39.15,48.7,2.432,15.37,13.11,2.26,31.0,0,NOMINAL
VEH_4948,27,2026-08-30T09:21:51.606177,70.13,38.25,48.66,2.754,16.56,13.89,2.67,28.0,0,NOMINAL
VEH_4948,28,2026-08-30T09:22:56.606177,72.91,,49.27,2.477,10.01,7.04,2.97,29.5,0,NOMINAL
VEH_4948,29,2026-08-30T09:24:01.606177,76.61,,49.46,2.684,10.63,7.81,2.82,31.0,0,NOMINAL
VEH_4948,30,2026-08-30T09:25:06.606177,65.66,,49.74,2.508,11.48,8.2,3.28,28.0,0,NOMINAL
VEH_4949,1,2026-08-30T08:54:56.606177,64.56,41.46,38.63,1.972,17.71,17.21,0.5,34.3,0,NOMINAL
VEH_4949,2,2026-08-30T08:56:01.606177,70.67,42.81,38.53,1.849,18.79,18.09,0.7,34.6,0,NOMINAL
VEH_4949,3,2026-08-30T08:57:06.606177,72.81,,38.9,1.996,12.34,11.74,0.6,34.9,0,NOMINAL
VEH_4949,4,2026-08-30T08:58:11.606177,72.42,,39.21,1.946,13.13,12.61,0.52,35.2,0,NOMINAL
VEH_4949,5,2026-08-30T08:59:16.606177,64.56,,40.48,2.016,13.84,13.1,0.74,35.5,0,NOMINAL
VEH_4949,6,2026-08-30T09:00:21.606177,67.8,,41.03,1.927,12.38,11.58,0.8,35.8,0,NOMINAL
VEH_4949,7,2026-08-30T09:01:26.606177,68.87,40.06,39.69,2.04,17.57,17.29,0.28,36.1,0,NOMINAL
VEH_4949,8,2026-08-30T09:02:31.606177,72.1,42.12,41.02,2.127,18.86,18.17,0.69,36.4,0,NOMINAL
VEH_4949,9,2026-08-30T09:03:36.606177,76.2,,41.62,2.094,12.59,11.81,0.78,36.7,0,NOMINAL
VEH_4949,10,2026-08-30T09:04:41.606177,64.84,,42.32,2.298,13.1,12.3,0.8,37.0,0,NOMINAL
VEH_4949,11,2026-08-30T09:05:46.606177,68.87,,43.64,2.31,13.48,12.78,0.7,48.0,0,NOMINAL
VEH_4949,12,2026-08-30T09:06:51.606177,66.36,,41.09,2.331,11.08,10.16,0.92,48.0,0,NOMINAL
VEH_4949,13,2026-08-30T09:07:56.606177,74.2,,44.75,2.246,12.2,11.14,1.06,38.0,0,NOMINAL
VEH_4949,14,2026-08-30T09:09:01.606177,74.83,42.28,43.57,2.418,19.07,18.24,0.83,38.2,0,NOMINAL
VEH_4949,15,2026-08-30T09:10:06.606177,66.25,,44.58,2.339,13.73,12.7,1.03,38.0,0,NOMINAL
VEH_4949,16,2026-08-30T09:11:11.606177,67.75,,44.2,2.308,11.02,10.08,0.94,38.0,0,NOMINAL
VEH_4949,17,2026-08-30T09:12:16.606177,70.33,,44.75,2.287,13.36,11.06,2.3,60.0,0,NOMINAL
VEH_4949,18,2026-08-30T09:13:21.606177,71.18,,45.95,2.721,13.19,12.04,1.15,38.0,0,NOMINAL
VEH_4949,19,2026-08-30T09:14:26.606177,74.72,,46.16,2.611,11.7,9.21,2.49,29.5,0,NOMINAL
VEH_4949,20,2026-08-30T09:15:31.606177,62.99,,47.22,2.503,9.18,6.8,2.38,31.0,0,NOMINAL
VEH_4949,21,2026-08-30T09:16:36.606177,65.59,,45.04,2.641,10.08,7.58,2.5,28.0,0,NOMINAL
VEH_4949,22,2026-08-30T09:17:41.606177,71.55,,46.53,2.363,10.96,8.36,2.6,29.5,0,NOMINAL
VEH_4949,23,2026-08-30T09:18:46.606177,70.73,,46.78,2.824,11.45,9.14,2.31,31.0,0,NOMINAL
VEH_4949,24,2026-08-30T09:19:51.606177,73.45,,48.67,2.506,10.16,7.11,3.05,28.0,0,NOMINAL
VEH_4949,25,2026-08-30T09:20:56.606177,65.97,,47.88,2.686,10.29,7.5,2.79,29.5,0,NOMINAL
VEH_4949,26,2026-08-30T09:22:01.606177,66.18,43.48,48.07,2.855,15.8,13.11,2.69,31.0,0,NOMINAL
VEH_4949,27,2026-08-30T09:23:06.606177,69.93,43.96,48.76,2.504,17.23,13.89,3.34,28.0,0,NOMINAL
VEH_4949,28,2026-08-30T09:24:11.606177,72.62,,49.29,2.762,10.01,7.04,2.97,29.5,0,NOMINAL
VEH_4949,29,2026-08-30T09:25:16.606177,76.21,,50.0,2.631,10.7,7.81,2.89,31.0,0,NOMINAL
VEH_4949,30,2026-08-30T09:26:21.606177,64.86,,49.6,2.715,11.44,8.2,3.24,28.0,0,NOMINAL
VEH_4950,1,2026-08-30T08:56:11.606177,66.83,41.22,38.65,2.008,17.75,17.21,0.54,34.3,0,NOMINAL
VEH_4950,2,2026-08-30T08:57:16.606177,71.12,42.88,38.58,1.633,18.82,18.09,0.73,34.6,0,NOMINAL
VEH_4950,3,2026-08-30T08:58:21.606177,71.91,,37.9,2.119,12.17,11.74,0.43,34.9,0,NOMINAL
VEH_4950,4,2026-08-30T08:59:26.606177,74.92,,40.11,2.435,13.35,12.61,0.74,35.2,0,NOMINAL
VEH_4950,5,2026-08-30T09:00:31.606177,64.18,,40.44,1.799,13.82,13.1,0.72,35.5,0,NOMINAL
VEH_4950,6,2026-08-30T09:01:36.606177,66.57,,39.51,2.237,12.11,11.58,0.53,35.8,0,NOMINAL
VEH_4950,7,2026-08-30T09:02:41.606177,70.41,43.33,40.69,2.067,18.14,17.29,0.85,36.1,0,NOMINAL
VEH_4950,8,2026-08-30T09:03:46.606177,73.62,42.43,42.02,2.173,19.09,18.17,0.92,36.4,0,NOMINAL
VEH_4950,9,2026-08-30T09:04:51.606177,73.25,,41.63,1.966,12.5,11.81,0.69,36.7,0,NOMINAL
VEH_4950,10,2026-08-30T09:05:56.606177,64.39,,40.67,2.188,12.84,12.3,0.54,37.0,0,NOMINAL
VEH_4950,11,2026-08-30T09:07:01.606177,68.75,,43.38,2.126,13.51,12.78,0.73,48.0,0,NOMINAL
VEH_4950,12,2026-08-30T09:08:06.606177,71.9,,41.69,2.106,11.16,10.16,1.0,48.0,0,NOMINAL
VEH_4950,13,2026-08-30T09:09:11.606177,71.41,,43.09,2.428,11.87,11.14,0.73,38.0,0,NOMINAL
VEH_4950,14,2026-08-30T09:10:16.606177,74.77,42.18,43.8,2.665,19.1,18.24,0.86,38.2,0,NOMINAL
VEH_4950,15,2026-08-30T09:11:21.606177,89.44,,51.71,2.261,15.51,12.7,2.81,38.0,1,MICRO_STOPPAGE_PRESSURE_DROP
VEH_4950,16,2026-08-30T09:12:26.606177,67.76,,44.59,2.126,11.08,10.08,1.0,38.0,0,NOMINAL
VEH_4950,17,2026-08-30T09:13:31.606177,69.38,,44.39,2.834,13.38,11.06,2.32,60.0,0,NOMINAL
VEH_4950,18,2026-08-30T09:14:36.606177,72.66,,45.25,2.557,13.13,12.04,1.09,38.0,0,NOMINAL
VEH_4950,19,2026-08-30T09:15:41.606177,72.81,,45.63,2.607,11.56,9.21,2.35,29.5,0,NOMINAL
VEH_4950,20,2026-08-30T09:16:46.606177,64.52,,46.36,2.567,9.09,6.8,2.29,31.0,0,NOMINAL
VEH_4950,21,2026-08-30T09:17:51.606177,66.86,,47.57,2.456,10.5,7.58,2.92,28.0,0,NOMINAL
VEH_4950,22,2026-08-30T09:18:56.606177,70.34,,45.09,2.334,10.71,8.36,2.35,29.5,0,NOMINAL
VEH_4950,23,2026-08-30T09:20:01.606177,73.14,,47.63,2.571,11.65,9.14,2.51,31.0,0,NOMINAL
VEH_4950,24,2026-08-30T09:21:06.606177,74.76,,48.38,2.849,10.16,7.11,3.05,28.0,0,NOMINAL
VEH_4950,25,2026-08-30T09:22:11.606177,67.55,,47.26,2.538,10.25,7.5,2.75,29.5,0,NOMINAL
VEH_4950,26,2026-08-30T09:23:16.606177,67.66,43.64,48.68,2.743,15.96,13.11,2.85,31.0,0,NOMINAL
VEH_4950,27,2026-08-30T09:24:21.606177,69.96,43.34,48.12,2.702,17.06,13.89,3.17,28.0,0,NOMINAL
VEH_4950,28,2026-08-30T09:25:26.606177,71.14,,49.06,2.756,9.93,7.04,2.89,29.5,0,NOMINAL
VEH_4950,29,2026-08-30T09:26:31.606177,74.44,,49.53,2.516,10.58,7.81,2.77,31.0,0,NOMINAL
VEH_4950,30,2026-08-30T09:27:36.606177,64.73,,49.6,2.642,11.44,8.2,3.24,28.0,0,NOMINAL
VEH_4951,1,2026-08-30T08:57:26.606177,70.61,39.98,38.95,1.787,17.77,17.21,0.56,34.3,0,NOMINAL
VEH_4951,2,2026-08-30T08:58:31.606177,70.83,40.94,39.41,2.016,18.71,18.09,0.62,34.6,0,NOMINAL
VEH_4951,3,2026-08-30T08:59:36.606177,72.62,,39.0,2.346,12.35,11.74,0.61,34.9,0,NOMINAL
VEH_4951,4,2026-08-30T09:00:41.606177,71.71,,39.69,1.989,13.18,12.61,0.57,35.2,0,NOMINAL
VEH_4951,5,2026-08-30T09:01:46.606177,62.81,,38.66,1.888,13.51,13.1,0.41,35.5,0,NOMINAL
VEH_4951,6,2026-08-30T09:02:51.606177,67.46,,39.61,2.082,12.15,11.58,0.57,35.8,0,NOMINAL
VEH_4951,7,2026-08-30T09:03:56.606177,69.76,44.41,40.54,1.843,18.22,17.29,0.93,36.1,0,NOMINAL
VEH_4951,8,2026-08-30T09:05:01.606177,72.45,42.21,40.96,2.205,18.87,18.17,0.7,36.4,0,NOMINAL
VEH_4951,9,2026-08-30T09:06:06.606177,75.93,,41.47,2.09,12.56,11.81,0.75,36.7,0,NOMINAL
VEH_4951,10,2026-08-30T09:07:11.606177,65.19,,41.82,2.665,13.03,12.3,0.73,37.0,0,NOMINAL
VEH_4951,11,2026-08-30T09:08:16.606177,66.7,,41.79,2.129,13.69,12.78,0.91,48.0,0,NOMINAL
VEH_4951,12,2026-08-30T09:09:21.606177,68.7,,42.86,2.311,10.89,10.16,0.73,48.0,0,NOMINAL
VEH_4951,13,2026-08-30T09:10:26.606177,72.12,,41.54,2.532,11.65,11.14,0.51,38.0,0,NOMINAL
VEH_4951,14,2026-08-30T09:11:31.606177,73.59,43.47,42.14,2.319,18.96,18.24,0.72,38.2,0,NOMINAL
VEH_4951,15,2026-08-30T09:12:36.606177,65.83,,44.34,2.281,13.68,12.7,0.98,38.0,0,NOMINAL
VEH_4951,16,2026-08-30T09:13:41.606177,69.09,,42.85,2.426,10.86,10.08,0.78,38.0,0,NOMINAL
VEH_4951,17,2026-08-30T09:14:46.606177,69.38,,44.22,2.582,13.41,11.06,2.35,60.0,0,NOMINAL
VEH_4951,18,2026-08-30T09:15:51.606177,72.85,,45.3,2.673,13.14,12.04,1.1,38.0,0,NOMINAL
VEH_4951,19,2026-08-30T09:16:56.606177,74.49,,44.7,2.455,11.48,9.21,2.27,29.5,0,NOMINAL
VEH_4951,20,2026-08-30T09:18:01.606177,64.77,,45.23,2.394,8.93,6.8,2.13,31.0,0,NOMINAL
VEH_4951,21,2026-08-30T09:19:06.606177,66.58,,45.65,2.688,10.2,7.58,2.62,28.0,0,NOMINAL
VEH_4951,22,2026-08-30T09:20:11.606177,70.51,,46.5,2.749,10.92,8.36,2.56,29.5,0,NOMINAL
VEH_4951,23,2026-08-30T09:21:16.606177,73.73,,45.81,2.849,11.4,9.14,2.26,31.0,0,NOMINAL
VEH_4951,24,2026-08-30T09:22:21.606177,73.67,,46.65,2.848,9.87,7.11,2.76,28.0,0,NOMINAL
VEH_4951,25,2026-08-30T09:23:26.606177,67.22,,48.32,2.778,10.4,7.5,2.9,29.5,0,NOMINAL
VEH_4951,26,2026-08-30T09:24:31.606177,66.91,42.83,47.74,2.998,15.7,13.11,2.59,31.0,0,NOMINAL
VEH_4951,27,2026-08-30T09:25:36.606177,68.54,41.73,47.16,2.527,16.69,13.89,2.8,28.0,0,NOMINAL
VEH_4951,28,2026-08-30T09:26:41.606177,73.24,,48.38,2.432,9.89,7.04,2.85,29.5,0,NOMINAL
VEH_4951,29,2026-08-30T09:27:46.606177,73.23,,50.07,2.525,10.62,7.81,2.81,31.0,0,NOMINAL
VEH_4951,30,2026-08-30T09:28:51.606177,63.92,,50.73,2.667,11.58,8.2,3.38,28.0,0,NOMINAL
VEH_4952,1,2026-08-30T08:58:41.606177,67.8,41.87,38.24,1.433,17.8,17.21,0.59,34.3,0,NOMINAL
VEH_4952,2,2026-08-30T08:59:46.606177,70.05,41.26,38.48,1.94,18.59,18.09,0.5,34.6,0,NOMINAL
VEH_4952,3,2026-08-30T09:00:51.606177,71.13,,40.2,1.832,12.49,11.74,0.75,34.9,0,NOMINAL
VEH_4952,4,2026-08-30T09:01:56.606177,75.61,,39.89,2.1,13.33,12.61,0.72,35.2,0,NOMINAL
VEH_4952,5,2026-08-30T09:03:01.606177,65.9,,39.04,1.894,13.66,13.1,0.56,35.5,0,NOMINAL
VEH_4952,6,2026-08-30T09:04:06.606177,67.44,,40.04,1.729,12.22,11.58,0.64,35.8,0,NOMINAL
VEH_4952,7,2026-08-30T09:05:11.606177,70.93,40.49,40.14,2.141,17.75,17.29,0.46,36.1,0,NOMINAL
VEH_4952,8,2026-08-30T09:06:16.606177,72.91,40.62,40.25,1.917,18.6,18.17,0.43,36.4,0,NOMINAL
VEH_4952,9,2026-08-30T09:07:21.606177,75.5,,40.34,2.057,12.37,11.81,0.56,36.7,0,NOMINAL
VEH_4952,10,2026-08-30T09:08:26.606177,66.03,,42.91,2.188,13.22,12.3,0.92,37.0,0,NOMINAL
VEH_4952,11,2026-08-30T09:09:31.606177,66.83,,42.19,2.028,13.63,12.78,0.85,48.0,0,NOMINAL
VEH_4952,12,2026-08-30T09:10:36.606177,69.1,,41.36,2.182,11.13,10.16,0.97,48.0,0,NOMINAL
VEH_4952,13,2026-08-30T09:11:41.606177,73.05,,43.54,2.466,11.98,11.14,0.84,38.0,0,NOMINAL
VEH_4952,14,2026-08-30T09:12:46.606177,76.11,41.71,44.45,2.468,19.18,18.24,0.94,38.2,0,NOMINAL
VEH_4952,15,2026-08-30T09:13:51.606177,66.16,,43.51,2.115,13.57,12.7,0.87,38.0,0,NOMINAL
VEH_4952,16,2026-08-30T09:14:56.606177,67.08,,45.23,2.239,11.15,10.08,1.07,38.0,0,NOMINAL
VEH_4952,17,2026-08-30T09:16:01.606177,68.52,,45.42,2.221,13.2,11.06,2.14,60.0,0,NOMINAL
VEH_4952,18,2026-08-30T09:17:06.606177,70.96,,46.03,2.678,13.19,12.04,1.15,38.0,0,NOMINAL
VEH_4952,19,2026-08-30T09:18:11.606177,75.53,,45.55,2.248,11.64,9.21,2.43,29.5,0,NOMINAL
VEH_4952,20,2026-08-30T09:19:16.606177,64.51,,47.99,2.506,9.34,6.8,2.54,31.0,0,NOMINAL
VEH_4952,21,2026-08-30T09:20:21.606177,67.09,,45.65,2.34,10.22,7.58,2.64,28.0,0,NOMINAL
VEH_4952,22,2026-08-30T09:21:26.606177,69.34,,45.59,2.542,10.75,8.36,2.39,29.5,0,NOMINAL
VEH_4952,23,2026-08-30T09:22:31.606177,73.57,,46.92,2.197,11.56,9.14,2.42,31.0,0,NOMINAL
VEH_4952,24,2026-08-30T09:23:36.606177,75.34,,47.15,2.485,10.0,7.11,2.89,28.0,0,NOMINAL
VEH_4952,25,2026-08-30T09:24:41.606177,64.7,,47.48,2.552,10.19,7.5,2.69,29.5,0,NOMINAL
VEH_4952,26,2026-08-30T09:25:46.606177,67.4,41.05,46.92,2.47,15.39,13.11,2.28,31.0,0,NOMINAL
VEH_4952,27,2026-08-30T09:26:51.606177,69.22,41.68,48.48,2.615,16.9,13.89,3.01,28.0,0,NOMINAL
VEH_4952,28,2026-08-30T09:27:56.606177,72.82,,48.79,2.802,9.94,7.04,2.9,29.5,0,NOMINAL
VEH_4952,29,2026-08-30T09:29:01.606177,76.39,,52.45,2.451,11.07,7.81,3.26,31.0,0,NOMINAL
VEH_4952,30,2026-08-30T09:30:06.606177,65.51,,51.52,2.555,11.75,8.2,3.55,28.0,0,NOMINAL
VEH_4953,1,2026-08-30T08:59:56.606177,65.67,41.46,36.74,1.819,17.46,17.21,0.25,34.3,0,NOMINAL
VEH_4953,2,2026-08-30T09:01:01.606177,69.7,42.39,38.62,1.959,18.73,18.09,0.64,34.6,0,NOMINAL
VEH_4953,3,2026-08-30T09:02:06.606177,70.96,,38.65,2.11,12.25,11.74,0.51,34.9,0,NOMINAL
VEH_4953,4,2026-08-30T09:03:11.606177,76.32,,39.72,1.961,13.33,12.61,0.72,35.2,0,NOMINAL
VEH_4953,5,2026-08-30T09:04:16.606177,64.29,,38.75,2.042,13.57,13.1,0.47,35.5,0,NOMINAL
VEH_4953,6,2026-08-30T09:05:21.606177,68.33,,38.98,1.827,12.08,11.58,0.5,35.8,0,NOMINAL
VEH_4953,7,2026-08-30T09:06:26.606177,68.72,41.2,39.36,1.952,17.65,17.29,0.36,36.1,0,NOMINAL
VEH_4953,8,2026-08-30T09:07:31.606177,73.49,40.98,41.62,1.934,18.86,18.17,0.69,36.4,0,NOMINAL
VEH_4953,9,2026-08-30T09:08:36.606177,77.34,,42.76,1.89,12.79,11.81,0.98,36.7,0,NOMINAL
VEH_4953,10,2026-08-30T09:09:41.606177,64.35,,41.66,2.361,12.98,12.3,0.68,37.0,0,NOMINAL
VEH_4953,11,2026-08-30T09:10:46.606177,67.28,,43.16,2.261,13.5,12.78,0.72,48.0,0,NOMINAL
VEH_4953,12,2026-08-30T09:11:51.606177,70.66,,41.96,2.065,11.09,10.16,0.93,48.0,0,NOMINAL
VEH_4953,13,2026-08-30T09:12:56.606177,71.77,,43.91,2.24,12.0,11.14,0.86,38.0,0,NOMINAL
VEH_4953,14,2026-08-30T09:14:01.606177,76.05,40.16,41.65,2.276,18.58,18.24,0.34,38.2,0,NOMINAL
VEH_4953,15,2026-08-30T09:15:06.606177,64.27,,43.93,2.285,13.57,12.7,0.87,38.0,0,NOMINAL
VEH_4953,16,2026-08-30T09:16:11.606177,66.66,,42.82,2.226,10.78,10.08,0.7,38.0,0,NOMINAL
VEH_4953,17,2026-08-30T09:17:16.606177,67.29,,45.09,2.186,13.21,11.06,2.15,60.0,0,NOMINAL
VEH_4953,18,2026-08-30T09:18:21.606177,71.95,,43.98,2.408,12.92,12.04,0.88,38.0,0,NOMINAL
VEH_4953,19,2026-08-30T09:19:26.606177,75.11,,43.82,2.428,11.36,9.21,2.15,29.5,0,NOMINAL
VEH_4953,20,2026-08-30T09:20:31.606177,65.78,,45.57,2.492,9.01,6.8,2.21,31.0,0,NOMINAL
VEH_4953,21,2026-08-30T09:21:36.606177,68.41,,47.31,2.447,10.51,7.58,2.93,28.0,0,NOMINAL
VEH_4953,22,2026-08-30T09:22:41.606177,70.28,,46.5,2.433,10.92,8.36,2.56,29.5,0,NOMINAL
VEH_4953,23,2026-08-30T09:23:46.606177,73.12,,47.14,2.568,11.58,9.14,2.44,31.0,0,NOMINAL
VEH_4953,24,2026-08-30T09:24:51.606177,73.94,,46.91,2.611,9.92,7.11,2.81,28.0,0,NOMINAL
VEH_4953,25,2026-08-30T09:25:56.606177,66.04,,47.21,2.659,10.19,7.5,2.69,29.5,0,NOMINAL
VEH_4953,26,2026-08-30T09:27:01.606177,67.19,41.64,48.13,2.565,15.63,13.11,2.52,31.0,0,NOMINAL
VEH_4953,27,2026-08-30T09:28:06.606177,69.5,39.51,48.04,2.79,16.59,13.89,2.7,28.0,0,NOMINAL
VEH_4953,28,2026-08-30T09:29:11.606177,72.15,,49.49,2.77,10.02,7.04,2.98,29.5,0,NOMINAL
VEH_4953,29,2026-08-30T09:30:16.606177,74.83,,49.52,2.78,10.58,7.81,2.77,31.0,0,NOMINAL
VEH_4953,30,2026-08-30T09:31:21.606177,63.34,,49.87,2.662,11.43,8.2,3.23,28.0,0,NOMINAL
VEH_4954,1,2026-08-30T09:01:11.606177,66.67,44.9,37.32,2.063,17.97,17.21,0.76,34.3,0,NOMINAL
VEH_4954,2,2026-08-30T09:02:16.606177,69.95,45.02,38.06,1.919,18.95,18.09,0.86,34.6,0,NOMINAL
VEH_4954,3,2026-08-30T09:03:21.606177,72.6,,39.9,1.86,12.49,11.74,0.75,34.9,0,NOMINAL
VEH_4954,4,2026-08-30T09:04:26.606177,73.64,,39.73,1.942,13.25,12.61,0.64,35.2,0,NOMINAL
VEH_4954,5,2026-08-30T09:05:31.606177,67.33,,39.84,2.072,13.83,13.1,0.73,35.5,0,NOMINAL
VEH_4954,6,2026-08-30T09:06:36.606177,66.83,,40.41,2.213,12.25,11.58,0.67,35.8,0,NOMINAL
VEH_4954,7,2026-08-30T09:07:41.606177,68.02,45.23,40.85,2.335,18.31,17.29,1.02,36.1,0,NOMINAL
VEH_4954,8,2026-08-30T09:08:46.606177,72.72,46.12,40.65,2.165,19.28,18.17,1.11,36.4,0,NOMINAL
VEH_4954,9,2026-08-30T09:09:51.606177,74.11,,40.0,2.262,12.28,11.81,0.47,36.7,0,NOMINAL
VEH_4954,10,2026-08-30T09:10:56.606177,66.74,,42.26,2.419,13.15,12.3,0.85,37.0,0,NOMINAL
VEH_4954,11,2026-08-30T09:12:01.606177,65.33,,42.22,2.432,13.58,12.78,0.8,48.0,0,NOMINAL
VEH_4954,12,2026-08-30T09:13:06.606177,70.04,,42.24,2.399,11.02,10.16,0.86,48.0,0,NOMINAL
VEH_4954,13,2026-08-30T09:14:11.606177,75.39,,42.64,2.041,11.92,11.14,0.78,38.0,0,NOMINAL
VEH_4954,14,2026-08-30T09:15:16.606177,75.18,44.61,44.11,2.102,19.43,18.24,1.19,38.2,0,NOMINAL
VEH_4954,15,2026-08-30T09:16:21.606177,64.02,,43.68,2.437,13.53,12.7,0.83,38.0,0,NOMINAL
VEH_4954,16,2026-08-30T09:17:26.606177,67.23,,45.08,2.809,11.13,10.08,1.05,38.0,0,NOMINAL
VEH_4954,17,2026-08-30T09:18:31.606177,68.98,,44.52,2.493,13.35,11.06,2.29,60.0,0,NOMINAL
VEH_4954,18,2026-08-30T09:19:36.606177,73.12,,44.79,2.621,13.07,12.04,1.03,38.0,0,NOMINAL
VEH_4954,19,2026-08-30T09:20:41.606177,74.45,,45.74,2.94,11.63,9.21,2.42,29.5,0,NOMINAL
VEH_4954,20,2026-08-30T09:21:46.606177,64.3,,45.26,2.626,8.92,6.8,2.12,31.0,0,NOMINAL
VEH_4954,21,2026-08-30T09:22:51.606177,68.76,,46.44,2.505,10.39,7.58,2.81,28.0,0,NOMINAL
VEH_4954,22,2026-08-30T09:23:56.606177,71.01,,48.36,2.923,11.22,8.36,2.86,29.5,0,NOMINAL
VEH_4954,23,2026-08-30T09:25:01.606177,73.43,,46.8,2.523,11.53,9.14,2.39,31.0,0,NOMINAL
VEH_4954,24,2026-08-30T09:26:06.606177,74.95,,46.55,2.89,9.89,7.11,2.78,28.0,0,NOMINAL
VEH_4954,25,2026-08-30T09:27:11.606177,64.49,,46.86,2.702,10.09,7.5,2.59,29.5,0,NOMINAL
VEH_4954,26,2026-08-30T09:28:16.606177,66.94,43.56,48.46,2.763,15.89,13.11,2.78,31.0,0,NOMINAL
VEH_4954,27,2026-08-30T09:29:21.606177,72.5,44.97,47.6,2.776,17.25,13.89,3.36,28.0,0,NOMINAL
VEH_4954,28,2026-08-30T09:30:26.606177,69.69,,48.36,3.017,9.78,7.04,2.74,29.5,0,NOMINAL
VEH_4954,29,2026-08-30T09:31:31.606177,75.6,,49.39,2.983,10.59,7.81,2.78,31.0,0,NOMINAL
VEH_4954,30,2026-08-30T09:32:36.606177,64.72,,50.92,3.103,11.63,8.2,3.43,28.0,0,NOMINAL
VEH_4955,1,2026-08-30T09:02:26.606177,66.37,42.57,38.62,1.896,17.89,17.21,0.68,34.3,0,NOMINAL
VEH_4955,2,2026-08-30T09:03:31.606177,69.97,42.16,38.31,1.89,18.66,18.09,0.57,34.6,0,NOMINAL
VEH_4955,3,2026-08-30T09:04:36.606177,72.55,,38.94,1.839,12.34,11.74,0.6,34.9,0,NOMINAL
VEH_4955,4,2026-08-30T09:05:41.606177,73.52,,39.36,1.924,13.19,12.61,0.58,35.2,0,NOMINAL
VEH_4955,5,2026-08-30T09:06:46.606177,63.39,,41.06,2.205,13.89,13.1,0.79,35.5,0,NOMINAL
VEH_4955,6,2026-08-30T09:07:51.606177,65.66,,38.75,2.156,11.97,11.58,0.39,35.8,0,NOMINAL
VEH_4955,7,2026-08-30T09:08:56.606177,67.68,42.68,41.47,1.991,18.1,17.29,0.81,36.1,0,NOMINAL
VEH_4955,8,2026-08-30T09:10:01.606177,71.19,40.93,41.99,2.021,18.84,18.17,0.67,36.4,0,NOMINAL
VEH_4955,9,2026-08-30T09:11:06.606177,78.25,,41.93,2.154,12.7,11.81,0.89,36.7,0,NOMINAL
VEH_4955,10,2026-08-30T09:12:11.606177,63.22,,41.97,2.214,13.0,12.3,0.7,37.0,0,NOMINAL
VEH_4955,11,2026-08-30T09:13:16.606177,66.42,,43.79,2.136,13.38,12.78,0.6,48.0,0,NOMINAL
VEH_4955,12,2026-08-30T09:14:21.606177,67.91,,42.13,2.004,10.97,10.16,0.81,48.0,0,NOMINAL
VEH_4955,13,2026-08-30T09:15:26.606177,71.05,,43.63,2.628,11.94,11.14,0.8,38.0,0,NOMINAL
VEH_4955,14,2026-08-30T09:16:31.606177,74.66,42.48,42.68,2.398,18.96,18.24,0.72,38.2,0,NOMINAL
VEH_4955,15,2026-08-30T09:17:36.606177,65.21,,43.42,2.217,13.52,12.7,0.82,38.0,0,NOMINAL
VEH_4955,16,2026-08-30T09:18:41.606177,66.19,,44.88,2.597,11.07,10.08,0.99,38.0,0,NOMINAL
VEH_4955,17,2026-08-30T09:19:46.606177,68.61,,45.24,2.726,13.23,11.06,2.17,60.0,0,NOMINAL
VEH_4955,18,2026-08-30T09:20:51.606177,71.47,,44.8,2.661,13.02,12.04,0.98,38.0,0,NOMINAL
VEH_4955,19,2026-08-30T09:21:56.606177,77.29,,44.92,2.573,11.6,9.21,2.39,29.5,0,NOMINAL
VEH_4955,20,2026-08-30T09:23:01.606177,64.92,,46.5,2.783,9.13,6.8,2.33,31.0,0,NOMINAL
VEH_4955,21,2026-08-30T09:24:06.606177,67.06,,46.0,2.637,10.27,7.58,2.69,28.0,0,NOMINAL
VEH_4955,22,2026-08-30T09:25:11.606177,68.21,,47.23,2.726,10.96,8.36,2.6,29.5,0,NOMINAL
VEH_4955,23,2026-08-30T09:26:16.606177,73.2,,46.21,2.802,11.44,9.14,2.3,31.0,0,NOMINAL
VEH_4955,24,2026-08-30T09:27:21.606177,75.33,,47.61,2.683,10.06,7.11,2.95,28.0,0,NOMINAL
VEH_4955,25,2026-08-30T09:28:26.606177,63.76,,48.49,2.652,10.31,7.5,2.81,29.5,0,NOMINAL
VEH_4955,26,2026-08-30T09:29:31.606177,68.87,42.85,48.85,2.787,15.93,13.11,2.82,31.0,0,NOMINAL
VEH_4955,27,2026-08-30T09:30:36.606177,70.21,41.92,49.6,2.947,17.13,13.89,3.24,28.0,0,NOMINAL
VEH_4955,28,2026-08-30T09:31:41.606177,71.88,,48.76,2.543,9.9,7.04,2.86,29.5,0,NOMINAL
VEH_4955,29,2026-08-30T09:32:46.606177,74.9,,49.21,2.818,10.54,7.81,2.73,31.0,0,NOMINAL
VEH_4955,30,2026-08-30T09:33:51.606177,65.62,,48.63,2.721,11.32,8.2,3.12,28.0,0,NOMINAL
VEH_4956,1,2026-08-30T09:03:41.606177,68.73,43.68,37.47,1.939,17.92,17.21,0.71,34.3,0,NOMINAL
VEH_4956,2,2026-08-30T09:04:46.606177,70.43,41.32,38.79,1.894,18.65,18.09,0.56,34.6,0,NOMINAL
VEH_4956,3,2026-08-30T09:05:51.606177,73.49,,38.0,2.044,12.23,11.74,0.49,34.9,0,NOMINAL
VEH_4956,4,2026-08-30T09:06:56.606177,75.49,,40.02,2.05,13.35,12.61,0.74,35.2,0,NOMINAL
VEH_4956,5,2026-08-30T09:08:01.606177,63.45,,39.72,1.758,13.69,13.1,0.59,35.5,0,NOMINAL
VEH_4956,6,2026-08-30T09:09:06.606177,67.41,,39.42,1.916,12.12,11.58,0.54,35.8,0,NOMINAL
VEH_4956,7,2026-08-30T09:10:11.606177,70.13,39.44,40.81,1.913,17.71,17.29,0.42,36.1,0,NOMINAL
VEH_4956,8,2026-08-30T09:11:16.606177,72.27,39.55,41.88,2.006,18.7,18.17,0.53,36.4,0,NOMINAL
VEH_4956,9,2026-08-30T09:12:21.606177,74.5,,40.83,2.052,12.42,11.81,0.61,36.7,0,NOMINAL
VEH_4956,10,2026-08-30T09:13:26.606177,66.44,,42.65,1.929,13.2,12.3,0.9,37.0,0,NOMINAL
VEH_4956,11,2026-08-30T09:14:31.606177,68.94,,43.63,2.083,13.48,12.78,0.7,48.0,0,NOMINAL
VEH_4956,12,2026-08-30T09:15:36.606177,70.27,,42.03,2.027,11.06,10.16,0.9,48.0,0,NOMINAL
VEH_4956,13,2026-08-30T09:16:41.606177,74.25,,42.93,2.313,11.93,11.14,0.79,38.0,0,NOMINAL
VEH_4956,14,2026-08-30T09:17:46.606177,77.04,42.11,43.24,2.298,19.07,18.24,0.83,38.2,0,NOMINAL
VEH_4956,15,2026-08-30T09:18:51.606177,64.87,,43.92,2.157,13.59,12.7,0.89,38.0,0,NOMINAL
VEH_4956,16,2026-08-30T09:19:56.606177,65.91,,44.06,2.439,10.94,10.08,0.86,38.0,0,NOMINAL
VEH_4956,17,2026-08-30T09:21:01.606177,70.69,,44.16,2.559,13.46,11.06,2.4,60.0,0,NOMINAL
VEH_4956,18,2026-08-30T09:22:06.606177,73.7,,45.59,2.555,13.21,12.04,1.17,38.0,0,NOMINAL
VEH_4956,19,2026-08-30T09:23:11.606177,75.29,,46.31,2.615,11.74,9.21,2.53,29.5,0,NOMINAL
VEH_4956,20,2026-08-30T09:24:16.606177,63.5,,45.82,2.203,8.98,6.8,2.18,31.0,0,NOMINAL
VEH_4956,21,2026-08-30T09:25:21.606177,68.22,,46.31,2.4,10.35,7.58,2.77,28.0,0,NOMINAL
VEH_4956,22,2026-08-30T09:26:26.606177,71.35,,46.03,2.64,10.88,8.36,2.52,29.5,0,NOMINAL
VEH_4956,23,2026-08-30T09:27:31.606177,73.89,,47.07,2.846,11.59,9.14,2.45,31.0,0,NOMINAL
VEH_4956,24,2026-08-30T09:28:36.606177,74.46,,47.15,2.322,9.97,7.11,2.86,28.0,0,NOMINAL
VEH_4956,25,2026-08-30T09:29:41.606177,65.62,,47.39,2.752,10.21,7.5,2.71,29.5,0,NOMINAL
VEH_4956,26,2026-08-30T09:30:46.606177,66.93,40.2,47.29,2.744,15.33,13.11,2.22,31.0,0,NOMINAL
VEH_4956,27,2026-08-30T09:31:51.606177,71.57,40.03,47.74,2.815,16.67,13.89,2.78,28.0,0,NOMINAL
VEH_4956,28,2026-08-30T09:32:56.606177,72.49,,49.87,2.584,10.09,7.04,3.05,29.5,0,NOMINAL
VEH_4956,29,2026-08-30T09:34:01.606177,76.2,,49.52,2.821,10.63,7.81,2.82,31.0,0,NOMINAL
VEH_4956,30,2026-08-30T09:35:06.606177,63.73,,49.41,2.553,11.38,8.2,3.18,28.0,0,NOMINAL
VEH_4957,1,2026-08-30T09:04:56.606177,65.68,40.87,37.78,1.923,17.55,17.21,0.34,34.3,0,NOMINAL
VEH_4957,2,2026-08-30T09:06:01.606177,69.29,41.72,39.34,1.882,18.75,18.09,0.66,34.6,0,NOMINAL
VEH_4957,3,2026-08-30T09:07:06.606177,71.29,,39.2,1.882,12.34,11.74,0.6,34.9,0,NOMINAL
VEH_4957,4,2026-08-30T09:08:11.606177,77.1,,38.43,2.007,13.16,12.61,0.55,35.2,0,NOMINAL
VEH_4957,5,2026-08-30T09:09:16.606177,65.22,,39.65,2.199,13.73,13.1,0.63,35.5,0,NOMINAL
VEH_4957,6,2026-08-30T09:10:21.606177,66.2,,40.15,1.962,12.19,11.58,0.61,35.8,0,NOMINAL
VEH_4957,7,2026-08-30T09:11:26.606177,73.34,43.79,38.84,1.696,18.01,17.29,0.72,36.1,0,NOMINAL
VEH_4957,8,2026-08-30T09:12:31.606177,75.05,43.27,40.11,2.246,18.95,18.17,0.78,36.4,0,NOMINAL
VEH_4957,9,2026-08-30T09:13:36.606177,75.67,,40.23,2.103,12.36,11.81,0.55,36.7,0,NOMINAL
VEH_4957,10,2026-08-30T09:14:41.606177,64.0,,40.37,2.246,12.78,12.3,0.48,37.0,0,NOMINAL
VEH_4957,11,2026-08-30T09:15:46.606177,67.2,,42.38,2.116,13.61,12.78,0.83,48.0,0,NOMINAL
VEH_4957,12,2026-08-30T09:16:51.606177,70.87,,42.44,2.068,11.02,10.16,0.86,48.0,0,NOMINAL
VEH_4957,13,2026-08-30T09:17:56.606177,72.23,,42.1,2.272,11.74,11.14,0.6,38.0,0,NOMINAL
VEH_4957,14,2026-08-30T09:19:01.606177,75.79,40.42,42.36,2.453,18.71,18.24,0.47,38.2,0,NOMINAL
VEH_4957,15,2026-08-30T09:20:06.606177,65.3,,43.15,2.233,13.49,12.7,0.79,38.0,0,NOMINAL
VEH_4957,16,2026-08-30T09:21:11.606177,66.9,,44.72,2.194,11.07,10.08,0.99,38.0,0,NOMINAL
VEH_4957,17,2026-08-30T09:22:16.606177,68.95,,44.57,2.397,13.34,11.06,2.28,60.0,0,NOMINAL
VEH_4957,18,2026-08-30T09:23:21.606177,71.32,,45.87,2.485,13.18,12.04,1.14,38.0,0,NOMINAL
VEH_4957,19,2026-08-30T09:24:26.606177,75.0,,43.19,2.279,11.27,9.21,2.06,29.5,0,NOMINAL
VEH_4957,20,2026-08-30T09:25:31.606177,66.72,,45.86,2.387,9.09,6.8,2.29,31.0,0,NOMINAL
VEH_4957,21,2026-08-30T09:26:36.606177,65.69,,46.91,2.406,10.36,7.58,2.78,28.0,0,NOMINAL
VEH_4957,22,2026-08-30T09:27:41.606177,66.76,,47.47,2.682,10.95,8.36,2.59,29.5,0,NOMINAL
VEH_4957,23,2026-08-30T09:28:46.606177,71.55,,46.67,2.488,11.46,9.14,2.32,31.0,0,NOMINAL
VEH_4957,24,2026-08-30T09:29:51.606177,72.73,,47.91,2.627,10.03,7.11,2.92,28.0,0,NOMINAL
VEH_4957,25,2026-08-30T09:30:56.606177,63.09,,48.46,2.648,10.29,7.5,2.79,29.5,0,NOMINAL
VEH_4957,26,2026-08-30T09:32:01.606177,66.67,40.5,49.17,2.804,15.64,13.11,2.53,31.0,0,NOMINAL
VEH_4957,27,2026-08-30T09:33:06.606177,70.35,42.58,49.45,2.868,17.18,13.89,3.29,28.0,0,NOMINAL
VEH_4957,28,2026-08-30T09:34:11.606177,71.85,,49.88,2.716,10.07,7.04,3.03,29.5,0,NOMINAL
VEH_4957,29,2026-08-30T09:35:16.606177,75.19,,48.53,2.569,10.45,7.81,2.64,31.0,0,NOMINAL
VEH_4957,30,2026-08-30T09:36:21.606177,63.27,,50.82,2.666,11.57,8.2,3.37,28.0,0,NOMINAL
VEH_4958,1,2026-08-30T09:06:11.606177,67.53,42.51,36.03,1.76,17.53,17.21,0.32,34.3,0,NOMINAL
VEH_4958,2,2026-08-30T09:07:16.606177,70.54,41.58,38.8,1.756,18.69,18.09,0.6,34.6,0,NOMINAL
VEH_4958,3,2026-08-30T09:08:21.606177,71.78,,41.49,2.267,12.7,11.74,0.96,34.9,0,NOMINAL
VEH_4958,4,2026-08-30T09:09:26.606177,73.45,,40.31,1.949,13.33,12.61,0.72,35.2,0,NOMINAL
VEH_4958,5,2026-08-30T09:10:31.606177,64.57,,40.38,2.208,13.82,13.1,0.72,35.5,0,NOMINAL
VEH_4958,6,2026-08-30T09:11:36.606177,68.32,,41.18,2.048,12.41,11.58,0.83,35.8,0,NOMINAL
VEH_4958,7,2026-08-30T09:12:41.606177,70.57,42.62,39.51,1.965,17.89,17.29,0.6,36.1,0,NOMINAL
VEH_4958,8,2026-08-30T09:13:46.606177,73.74,40.18,41.04,2.18,18.69,18.17,0.52,36.4,0,NOMINAL
VEH_4958,9,2026-08-30T09:14:51.606177,73.91,,41.77,2.144,12.54,11.81,0.73,36.7,0,NOMINAL
VEH_4958,10,2026-08-30T09:15:56.606177,63.72,,42.95,2.181,13.16,12.3,0.86,37.0,0,NOMINAL
VEH_4958,11,2026-08-30T09:17:01.606177,67.22,,42.46,2.225,13.6,12.78,0.82,48.0,0,NOMINAL
VEH_4958,12,2026-08-30T09:18:06.606177,72.36,,42.23,2.543,11.1,10.16,0.94,48.0,0,NOMINAL
VEH_4958,13,2026-08-30T09:19:11.606177,73.28,,42.34,2.394,11.81,11.14,0.67,38.0,0,NOMINAL
VEH_4958,14,2026-08-30T09:20:16.606177,72.84,42.96,42.0,2.247,18.86,18.24,0.62,38.2,0,NOMINAL
VEH_4958,15,2026-08-30T09:21:21.606177,64.04,,43.25,2.279,13.46,12.7,0.76,38.0,0,NOMINAL
VEH_4958,16,2026-08-30T09:22:26.606177,69.58,,45.15,2.366,11.22,10.08,1.14,38.0,0,NOMINAL
VEH_4958,17,2026-08-30T09:23:31.606177,71.02,,45.07,2.522,13.33,11.06,2.27,60.0,0,NOMINAL
VEH_4958,18,2026-08-30T09:24:36.606177,72.52,,45.59,2.731,13.17,12.04,1.13,38.0,0,NOMINAL
VEH_4958,19,2026-08-30T09:25:41.606177,75.94,,45.26,2.472,11.6,9.21,2.39,29.5,0,NOMINAL
VEH_4958,20,2026-08-30T09:26:46.606177,64.26,,46.63,2.449,9.13,6.8,2.33,31.0,0,NOMINAL
VEH_4958,21,2026-08-30T09:27:51.606177,65.66,,46.89,2.161,10.36,7.58,2.78,28.0,0,NOMINAL
VEH_4958,22,2026-08-30T09:28:56.606177,69.2,,46.96,2.454,10.95,8.36,2.59,29.5,0,NOMINAL
VEH_4958,23,2026-08-30T09:30:01.606177,70.97,,48.08,2.503,11.65,9.14,2.51,31.0,0,NOMINAL
VEH_4958,24,2026-08-30T09:31:06.606177,74.89,,47.19,2.62,9.99,7.11,2.88,28.0,0,NOMINAL
VEH_4958,25,2026-08-30T09:32:11.606177,65.41,,48.29,2.526,10.34,7.5,2.84,29.5,0,NOMINAL
VEH_4958,26,2026-08-30T09:33:16.606177,68.01,41.23,48.56,2.869,15.67,13.11,2.56,31.0,0,NOMINAL
VEH_4958,27,2026-08-30T09:34:21.606177,70.67,44.61,49.09,2.871,17.37,13.89,3.48,28.0,0,NOMINAL
VEH_4958,28,2026-08-30T09:35:26.606177,73.68,,49.49,2.592,10.07,7.04,3.03,29.5,0,NOMINAL
VEH_4958,29,2026-08-30T09:36:31.606177,77.73,,49.17,2.719,10.62,7.81,2.81,31.0,0,NOMINAL
VEH_4958,30,2026-08-30T09:37:36.606177,63.85,,49.19,2.89,11.35,8.2,3.15,28.0,0,NOMINAL
VEH_4959,1,2026-08-30T09:07:26.606177,65.43,43.11,37.77,1.874,17.8,17.21,0.59,34.3,0,NOMINAL
VEH_4959,2,2026-08-30T09:08:31.606177,69.96,41.97,38.59,2.002,18.68,18.09,0.59,34.6,0,NOMINAL
VEH_4959,3,2026-08-30T09:09:36.606177,73.26,,40.07,1.936,12.53,11.74,0.79,34.9,0,NOMINAL
VEH_4959,4,2026-08-30T09:10:41.606177,75.1,,39.89,2.214,13.32,12.61,0.71,35.2,0,NOMINAL
VEH_4959,5,2026-08-30T09:11:46.606177,66.57,,38.85,2.067,13.65,13.1,0.55,35.5,0,NOMINAL
VEH_4959,6,2026-08-30T09:12:51.606177,69.54,,41.76,2.189,12.54,11.58,0.96,35.8,0,NOMINAL
VEH_4959,7,2026-08-30T09:13:56.606177,71.03,43.68,40.36,1.823,18.15,17.29,0.86,36.1,0,NOMINAL
VEH_4959,8,2026-08-30T09:15:01.606177,70.9,44.01,41.11,2.5,19.05,18.17,0.88,36.4,0,NOMINAL
VEH_4959,9,2026-08-30T09:16:06.606177,75.34,,41.51,2.142,12.54,11.81,0.73,36.7,0,NOMINAL
VEH_4959,10,2026-08-30T09:17:11.606177,65.05,,41.55,2.244,12.99,12.3,0.69,37.0,0,NOMINAL
VEH_4959,11,2026-08-30T09:18:16.606177,65.15,,42.69,2.069,13.51,12.78,0.73,48.0,0,NOMINAL
VEH_4959,12,2026-08-30T09:19:21.606177,69.14,,41.44,2.4,11.12,10.16,0.96,48.0,0,NOMINAL
VEH_4959,13,2026-08-30T09:20:26.606177,71.82,,43.13,2.389,11.88,11.14,0.74,38.0,0,NOMINAL
VEH_4959,14,2026-08-30T09:21:31.606177,75.57,42.84,43.64,2.457,19.17,18.24,0.93,38.2,0,NOMINAL
VEH_4959,15,2026-08-30T09:22:36.606177,64.89,,42.26,2.609,13.34,12.7,0.64,38.0,0,NOMINAL
VEH_4959,16,2026-08-30T09:23:41.606177,66.19,,45.67,2.582,11.19,10.08,1.11,38.0,0,NOMINAL
VEH_4959,17,2026-08-30T09:24:46.606177,69.07,,46.47,2.435,13.06,11.06,2.0,60.0,0,NOMINAL
VEH_4959,18,2026-08-30T09:25:51.606177,73.58,,44.82,2.448,13.09,12.04,1.05,38.0,0,NOMINAL
VEH_4959,19,2026-08-30T09:26:56.606177,73.72,,44.81,2.538,11.47,9.21,2.26,29.5,0,NOMINAL
VEH_4959,20,2026-08-30T09:28:01.606177,68.45,,44.57,2.648,8.95,6.8,2.15,31.0,0,NOMINAL
VEH_4959,21,2026-08-30T09:29:06.606177,64.98,,46.39,2.686,10.26,7.58,2.68,28.0,0,NOMINAL
VEH_4959,22,2026-08-30T09:30:11.606177,70.94,,45.71,2.693,10.82,8.36,2.46,29.5,0,NOMINAL
VEH_4959,23,2026-08-30T09:31:16.606177,73.93,,46.48,2.705,11.5,9.14,2.36,31.0,0,NOMINAL
VEH_4959,24,2026-08-30T09:32:21.606177,75.78,,47.92,2.713,10.12,7.11,3.01,28.0,0,NOMINAL
VEH_4959,25,2026-08-30T09:33:26.606177,64.09,,46.97,3.03,10.1,7.5,2.6,29.5,0,NOMINAL
VEH_4959,26,2026-08-30T09:34:31.606177,67.73,43.06,48.33,2.628,15.84,13.11,2.73,31.0,0,NOMINAL
VEH_4959,27,2026-08-30T09:35:36.606177,71.2,40.99,49.33,2.641,17.01,13.89,3.12,28.0,0,NOMINAL
VEH_4959,28,2026-08-30T09:36:41.606177,71.93,,49.62,2.736,10.04,7.04,3.0,29.5,0,NOMINAL
VEH_4959,29,2026-08-30T09:37:46.606177,75.36,,47.93,2.933,10.36,7.81,2.55,31.0,0,NOMINAL
VEH_4959,30,2026-08-30T09:38:51.606177,66.73,,50.12,3.075,11.58,8.2,3.38,28.0,0,NOMINAL
VEH_4960,1,2026-08-30T09:08:41.606177,65.75,41.17,38.13,1.924,17.64,17.21,0.43,34.3,0,NOMINAL
VEH_4960,2,2026-08-30T09:09:46.606177,70.02,42.19,37.35,1.8,18.52,18.09,0.43,34.6,0,NOMINAL
VEH_4960,3,2026-08-30T09:10:51.606177,75.11,,37.73,1.963,12.24,11.74,0.5,34.9,0,NOMINAL
VEH_4960,4,2026-08-30T09:11:56.606177,75.16,,38.02,2.272,13.04,12.61,0.43,35.2,0,NOMINAL
VEH_4960,5,2026-08-30T09:13:01.606177,64.44,,38.3,2.048,13.51,13.1,0.41,35.5,0,NOMINAL
VEH_4960,6,2026-08-30T09:14:06.606177,65.58,,40.26,2.122,12.19,11.58,0.61,35.8,0,NOMINAL
VEH_4960,7,2026-08-30T09:15:11.606177,69.34,42.67,41.47,1.822,18.15,17.29,0.86,36.1,0,NOMINAL
VEH_4960,8,2026-08-30T09:16:16.606177,73.48,44.16,41.63,2.21,19.23,18.17,1.06,36.4,0,NOMINAL
VEH_4960,9,2026-08-30T09:17:21.606177,74.67,,42.02,2.116,12.6,11.81,0.79,36.7,0,NOMINAL
VEH_4960,10,2026-08-30T09:18:26.606177,64.74,,40.73,2.182,12.86,12.3,0.56,37.0,0,NOMINAL
VEH_4960,11,2026-08-30T09:19:31.606177,65.74,,43.26,2.308,13.44,12.78,0.66,48.0,0,NOMINAL
VEH_4960,12,2026-08-30T09:20:36.606177,70.26,,43.27,2.235,10.88,10.16,0.72,48.0,0,NOMINAL
VEH_4960,13,2026-08-30T09:21:41.606177,72.12,,43.38,2.206,11.93,11.14,0.79,38.0,0,NOMINAL
VEH_4960,14,2026-08-30T09:22:46.606177,72.44,41.74,43.36,2.269,18.91,18.24,0.67,38.2,0,NOMINAL
VEH_4960,15,2026-08-30T09:23:51.606177,62.16,,43.88,2.449,13.5,12.7,0.8,38.0,0,NOMINAL
VEH_4960,16,2026-08-30T09:24:56.606177,66.88,,44.53,2.576,11.04,10.08,0.96,38.0,0,NOMINAL
VEH_4960,17,2026-08-30T09:26:01.606177,69.8,,45.38,2.339,13.24,11.06,2.18,60.0,0,NOMINAL
VEH_4960,18,2026-08-30T09:27:06.606177,72.16,,45.5,2.61,13.15,12.04,1.11,38.0,0,NOMINAL
VEH_4960,19,2026-08-30T09:28:11.606177,75.75,,45.47,2.588,11.63,9.21,2.42,29.5,0,NOMINAL
VEH_4960,20,2026-08-30T09:29:16.606177,64.61,,47.05,2.735,9.2,6.8,2.4,31.0,0,NOMINAL
VEH_4960,21,2026-08-30T09:30:21.606177,69.88,,48.31,2.654,10.7,7.58,3.12,28.0,0,NOMINAL
VEH_4960,22,2026-08-30T09:31:26.606177,70.08,,47.11,2.578,11.0,8.36,2.64,29.5,0,NOMINAL
VEH_4960,23,2026-08-30T09:32:31.606177,74.58,,46.56,2.47,11.53,9.14,2.39,31.0,0,NOMINAL
VEH_4960,24,2026-08-30T09:33:36.606177,74.72,,48.05,2.749,10.11,7.11,3.0,28.0,0,NOMINAL
VEH_4960,25,2026-08-30T09:34:41.606177,63.56,,47.26,2.626,10.12,7.5,2.62,29.5,0,NOMINAL
VEH_4960,26,2026-08-30T09:35:46.606177,66.84,42.39,48.14,2.856,15.71,13.11,2.6,31.0,0,NOMINAL
VEH_4960,27,2026-08-30T09:36:51.606177,70.58,42.17,48.8,2.961,17.05,13.89,3.16,28.0,0,NOMINAL
VEH_4960,28,2026-08-30T09:37:56.606177,69.68,,48.27,2.881,9.76,7.04,2.72,29.5,0,NOMINAL
VEH_4960,29,2026-08-30T09:39:01.606177,74.2,,48.88,2.59,10.47,7.81,2.66,31.0,0,NOMINAL
VEH_4960,30,2026-08-30T09:40:06.606177,67.09,,50.78,2.702,11.69,8.2,3.49,28.0,0,NOMINAL
VEH_4961,1,2026-08-30T09:09:56.606177,69.23,41.94,38.17,1.644,17.84,17.21,0.63,34.3,0,NOMINAL
VEH_4961,2,2026-08-30T09:11:01.606177,69.65,42.75,39.59,2.177,18.91,18.09,0.82,34.6,0,NOMINAL
VEH_4961,3,2026-08-30T09:12:06.606177,70.9,,39.39,1.892,12.36,11.74,0.62,34.9,0,NOMINAL
VEH_4961,4,2026-08-30T09:13:11.606177,74.86,,37.99,2.197,13.03,12.61,0.42,35.2,0,NOMINAL
VEH_4961,5,2026-08-30T09:14:16.606177,64.29,,39.65,2.06,13.71,13.1,0.61,35.5,0,NOMINAL
VEH_4961,6,2026-08-30T09:15:21.606177,67.48,,41.46,1.959,12.43,11.58,0.85,35.8,0,NOMINAL
VEH_4961,7,2026-08-30T09:16:26.606177,70.98,44.47,40.95,2.028,18.33,17.29,1.04,36.1,0,NOMINAL
VEH_4961,8,2026-08-30T09:17:31.606177,72.52,41.61,40.95,2.019,18.8,18.17,0.63,36.4,0,NOMINAL
VEH_4961,9,2026-08-30T09:18:36.606177,73.58,,40.73,1.906,12.37,11.81,0.56,36.7,0,NOMINAL
VEH_4961,10,2026-08-30T09:19:41.606177,64.12,,41.3,2.379,12.92,12.3,0.62,37.0,0,NOMINAL
VEH_4961,11,2026-08-30T09:20:46.606177,66.16,,42.62,2.353,13.55,12.78,0.77,48.0,0,NOMINAL
VEH_4961,12,2026-08-30T09:21:51.606177,70.15,,42.17,1.966,11.04,10.16,0.88,48.0,0,NOMINAL
VEH_4961,13,2026-08-30T09:22:56.606177,72.8,,44.61,2.435,12.14,11.14,1.0,38.0,0,NOMINAL
VEH_4961,14,2026-08-30T09:24:01.606177,73.52,40.87,43.84,2.413,18.91,18.24,0.67,38.2,0,NOMINAL
VEH_4961,15,2026-08-30T09:25:06.606177,62.59,,43.14,2.269,13.4,12.7,0.7,38.0,0,NOMINAL
VEH_4961,16,2026-08-30T09:26:11.606177,70.07,,45.55,2.325,11.29,10.08,1.21,38.0,0,NOMINAL
VEH_4961,17,2026-08-30T09:27:16.606177,73.54,,45.17,2.386,13.39,11.06,2.33,60.0,0,NOMINAL
VEH_4961,18,2026-08-30T09:28:21.606177,70.06,,46.24,2.646,13.2,12.04,1.16,38.0,0,NOMINAL
VEH_4961,19,2026-08-30T09:29:26.606177,74.43,,45.43,2.59,11.59,9.21,2.38,29.5,0,NOMINAL
VEH_4961,20,2026-08-30T09:30:31.606177,64.15,,45.4,2.392,8.94,6.8,2.14,31.0,0,NOMINAL
VEH_4961,21,2026-08-30T09:31:36.606177,66.75,,45.53,2.671,10.19,7.58,2.61,28.0,0,NOMINAL
VEH_4961,22,2026-08-30T09:32:41.606177,72.3,,46.77,2.658,11.02,8.36,2.66,29.5,0,NOMINAL
VEH_4961,23,2026-08-30T09:33:46.606177,72.94,,46.36,2.612,11.45,9.14,2.31,31.0,0,NOMINAL
VEH_4961,24,2026-08-30T09:34:51.606177,76.29,,47.41,2.69,10.06,7.11,2.95,28.0,0,NOMINAL
VEH_4961,25,2026-08-30T09:35:56.606177,65.17,,48.57,2.63,10.37,7.5,2.87,29.5,0,NOMINAL
VEH_4961,26,2026-08-30T09:37:01.606177,67.25,40.71,48.28,2.528,15.55,13.11,2.44,31.0,0,NOMINAL
VEH_4961,27,2026-08-30T09:38:06.606177,66.86,41.37,48.77,2.771,16.83,13.89,2.94,28.0,0,NOMINAL
VEH_4961,28,2026-08-30T09:39:11.606177,72.39,,46.66,2.598,9.61,7.04,2.57,29.5,0,NOMINAL
VEH_4961,29,2026-08-30T09:40:16.606177,75.93,,50.6,2.722,10.78,7.81,2.97,31.0,0,NOMINAL
VEH_4961,30,2026-08-30T09:41:21.606177,65.83,,50.79,2.752,11.65,8.2,3.45,28.0,0,NOMINAL
VEH_4962,1,2026-08-30T09:11:11.606177,66.29,41.28,37.46,1.672,17.57,17.21,0.36,34.3,0,NOMINAL
VEH_4962,2,2026-08-30T09:12:16.606177,70.39,38.48,38.85,2.104,18.33,18.09,0.24,34.6,0,NOMINAL
VEH_4962,3,2026-08-30T09:13:21.606177,73.23,,40.79,1.9,12.64,11.74,0.9,34.9,0,NOMINAL
VEH_4962,4,2026-08-30T09:14:26.606177,75.76,,40.25,2.142,13.39,12.61,0.78,35.2,0,NOMINAL
VEH_4962,5,2026-08-30T09:15:31.606177,63.37,,40.79,2.001,13.85,13.1,0.75,35.5,0,NOMINAL
VEH_4962,6,2026-08-30T09:16:36.606177,66.76,,40.3,2.062,12.23,11.58,0.65,35.8,0,NOMINAL
VEH_4962,7,2026-08-30T09:17:41.606177,70.91,38.4,39.24,1.895,17.37,17.29,0.08,36.1,0,NOMINAL
VEH_4962,8,2026-08-30T09:18:46.606177,74.37,40.15,42.73,2.091,18.96,18.17,0.79,36.4,0,NOMINAL
VEH_4962,9,2026-08-30T09:19:51.606177,75.48,,41.67,2.042,12.57,11.81,0.76,36.7,0,NOMINAL
VEH_4962,10,2026-08-30T09:20:56.606177,66.85,,40.94,2.228,12.95,12.3,0.65,37.0,0,NOMINAL
VEH_4962,11,2026-08-30T09:22:01.606177,67.38,,44.24,2.252,13.34,12.78,0.56,48.0,0,NOMINAL
VEH_4962,12,2026-08-30T09:23:06.606177,71.31,,43.44,2.006,10.88,10.16,0.72,48.0,0,NOMINAL
VEH_4962,13,2026-08-30T09:24:11.606177,71.76,,44.79,2.155,12.13,11.14,0.99,38.0,0,NOMINAL
VEH_4962,14,2026-08-30T09:25:16.606177,76.5,38.82,43.37,2.513,18.7,18.24,0.46,38.2,0,NOMINAL
VEH_4962,15,2026-08-30T09:26:21.606177,65.87,,43.71,2.401,13.59,12.7,0.89,38.0,0,NOMINAL
VEH_4962,16,2026-08-30T09:27:26.606177,67.68,,44.42,2.319,11.05,10.08,0.97,38.0,0,NOMINAL
VEH_4962,17,2026-08-30T09:28:31.606177,69.58,,44.74,1.988,13.34,11.06,2.28,60.0,0,NOMINAL
VEH_4962,18,2026-08-30T09:29:36.606177,71.2,,44.72,2.369,13.0,12.04,0.96,38.0,0,NOMINAL
VEH_4962,19,2026-08-30T09:30:41.606177,75.98,,44.22,2.111,11.45,9.21,2.24,29.5,0,NOMINAL
VEH_4962,20,2026-08-30T09:31:46.606177,64.57,,46.16,2.434,9.06,6.8,2.26,31.0,0,NOMINAL
VEH_4962,21,2026-08-30T09:32:51.606177,68.19,,47.12,2.61,10.47,7.58,2.89,28.0,0,NOMINAL
VEH_4962,22,2026-08-30T09:33:56.606177,71.33,,45.63,2.604,10.82,8.36,2.46,29.5,0,NOMINAL
VEH_4962,23,2026-08-30T09:35:01.606177,73.04,,46.81,2.45,11.52,9.14,2.38,31.0,0,NOMINAL
VEH_4962,24,2026-08-30T09:36:06.606177,75.67,,48.82,2.521,10.26,7.11,3.15,28.0,0,NOMINAL
VEH_4962,25,2026-08-30T09:37:11.606177,65.16,,47.26,2.706,10.17,7.5,2.67,29.5,0,NOMINAL
VEH_4962,26,2026-08-30T09:38:16.606177,68.32,39.74,49.18,2.61,15.6,13.11,2.49,31.0,0,NOMINAL
VEH_4962,27,2026-08-30T09:39:21.606177,67.85,40.81,48.7,2.668,16.79,13.89,2.9,28.0,0,NOMINAL
VEH_4962,28,2026-08-30T09:40:26.606177,71.8,,48.99,2.74,9.94,7.04,2.9,29.5,0,NOMINAL
VEH_4962,29,2026-08-30T09:41:31.606177,77.15,,48.89,2.51,10.56,7.81,2.75,31.0,0,NOMINAL
VEH_4962,30,2026-08-30T09:42:36.606177,64.84,,49.34,2.72,11.4,8.2,3.2,28.0,0,NOMINAL
VEH_4963,1,2026-08-30T09:12:26.606177,68.01,46.21,39.02,2.217,18.42,17.21,1.21,34.3,0,NOMINAL
VEH_4963,2,2026-08-30T09:13:31.606177,69.9,43.33,37.32,2.213,18.65,18.09,0.56,34.6,0,NOMINAL
VEH_4963,3,2026-08-30T09:14:36.606177,71.55,,38.41,2.248,12.23,11.74,0.49,34.9,0,NOMINAL
VEH_4963,4,2026-08-30T09:15:41.606177,75.12,,40.03,2.392,13.34,12.61,0.73,35.2,0,NOMINAL
VEH_4963,5,2026-08-30T09:16:46.606177,64.45,,39.11,2.03,13.63,13.1,0.53,35.5,0,NOMINAL
VEH_4963,6,2026-08-30T09:17:51.606177,67.86,,40.04,2.248,12.23,11.58,0.65,35.8,0,NOMINAL
VEH_4963,7,2026-08-30T09:18:56.606177,68.93,45.83,39.16,2.42,18.16,17.29,0.87,36.1,0,NOMINAL
VEH_4963,8,2026-08-30T09:20:01.606177,71.43,49.92,42.07,2.548,19.89,18.17,1.72,36.4,0,NOMINAL
VEH_4963,9,2026-08-30T09:21:06.606177,75.05,,42.12,2.471,12.63,11.81,0.82,36.7,0,NOMINAL
VEH_4963,10,2026-08-30T09:22:11.606177,64.5,,41.5,2.405,12.96,12.3,0.66,37.0,0,NOMINAL
VEH_4963,11,2026-08-30T09:23:16.606177,67.28,,41.2,2.492,13.79,12.78,1.01,48.0,0,NOMINAL
VEH_4963,12,2026-08-30T09:24:21.606177,70.21,,42.44,2.085,11.0,10.16,0.84,48.0,0,NOMINAL
VEH_4963,13,2026-08-30T09:25:26.606177,71.8,,44.36,2.593,12.07,11.14,0.93,38.0,0,NOMINAL
VEH_4963,14,2026-08-30T09:26:31.606177,73.61,43.13,42.71,2.526,19.01,18.24,0.77,38.2,0,NOMINAL
VEH_4963,15,2026-08-30T09:27:36.606177,62.53,,43.14,2.604,13.4,12.7,0.7,38.0,0,NOMINAL
VEH_4963,16,2026-08-30T09:28:41.606177,69.29,,44.05,2.444,11.04,10.08,0.96,38.0,0,NOMINAL
VEH_4963,17,2026-08-30T09:29:46.606177,69.63,,44.38,2.631,13.39,11.06,2.33,60.0,0,NOMINAL
VEH_4963,18,2026-08-30T09:30:51.606177,71.71,,45.8,2.601,13.18,12.04,1.14,38.0,0,NOMINAL
VEH_4963,19,2026-08-30T09:31:56.606177,74.28,,45.31,2.784,11.56,9.21,2.35,29.5,0,NOMINAL
VEH_4963,20,2026-08-30T09:33:01.606177,64.78,,46.16,2.98,9.07,6.8,2.27,31.0,0,NOMINAL
VEH_4963,21,2026-08-30T09:34:06.606177,66.1,,46.31,2.666,10.28,7.58,2.7,28.0,0,NOMINAL
VEH_4963,22,2026-08-30T09:35:11.606177,70.93,,47.14,2.645,11.03,8.36,2.67,29.5,0,NOMINAL
VEH_4963,23,2026-08-30T09:36:16.606177,73.56,,46.5,3.044,11.49,9.14,2.35,31.0,0,NOMINAL
VEH_4963,24,2026-08-30T09:37:21.606177,75.51,,46.95,2.668,9.97,7.11,2.86,28.0,0,NOMINAL
VEH_4963,25,2026-08-30T09:38:26.606177,63.82,,47.92,2.844,10.23,7.5,2.73,29.5,0,NOMINAL
VEH_4963,26,2026-08-30T09:39:31.606177,66.22,42.81,48.41,3.069,15.78,13.11,2.67,31.0,0,NOMINAL
VEH_4963,27,2026-08-30T09:40:36.606177,69.39,47.35,49.2,2.886,17.66,13.89,3.77,28.0,0,NOMINAL
VEH_4963,28,2026-08-30T09:41:41.606177,72.29,,49.02,2.679,9.96,7.04,2.92,29.5,0,NOMINAL
VEH_4963,29,2026-08-30T09:42:46.606177,76.55,,47.54,2.876,10.34,7.81,2.53,31.0,0,NOMINAL
VEH_4963,30,2026-08-30T09:43:51.606177,63.02,,50.7,3.02,11.55,8.2,3.35,28.0,0,NOMINAL
VEH_4964,1,2026-08-30T09:13:41.606177,68.91,41.91,38.73,1.933,17.91,17.21,0.7,34.3,0,NOMINAL
VEH_4964,2,2026-08-30T09:14:46.606177,70.25,40.94,38.32,1.828,18.53,18.09,0.44,34.6,0,NOMINAL
VEH_4964,3,2026-08-30T09:15:51.606177,73.15,,38.6,1.535,12.31,11.74,0.57,34.9,0,NOMINAL
VEH_4964,4,2026-08-30T09:16:56.606177,76.76,,39.57,1.972,13.32,12.61,0.71,35.2,0,NOMINAL
VEH_4964,5,2026-08-30T09:18:01.606177,65.79,,38.39,1.945,13.56,13.1,0.46,35.5,0,NOMINAL
VEH_4964,6,2026-08-30T09:19:06.606177,66.33,,39.24,2.336,12.06,11.58,0.48,35.8,0,NOMINAL
VEH_4964,7,2026-08-30T09:20:11.606177,68.91,41.89,40.33,1.968,17.88,17.29,0.59,36.1,0,NOMINAL
VEH_4964,8,2026-08-30T09:21:16.606177,73.9,42.56,39.82,2.187,18.79,18.17,0.62,36.4,0,NOMINAL
VEH_4964,9,2026-08-30T09:22:21.606177,73.85,,42.42,2.2,12.64,11.81,0.83,36.7,0,NOMINAL
VEH_4964,10,2026-08-30T09:23:26.606177,62.2,,42.48,2.548,13.04,12.3,0.74,37.0,0,NOMINAL
VEH_4964,11,2026-08-30T09:24:31.606177,68.41,,41.06,2.149,13.85,12.78,1.07,48.0,0,NOMINAL
VEH_4964,12,2026-08-30T09:25:36.606177,69.52,,41.77,2.22,11.08,10.16,0.92,48.0,0,NOMINAL
VEH_4964,13,2026-08-30T09:26:41.606177,72.74,,44.13,2.248,12.06,11.14,0.92,38.0,0,NOMINAL
VEH_4964,14,2026-08-30T09:27:46.606177,74.31,42.03,43.16,2.363,18.97,18.24,0.73,38.2,0,NOMINAL
VEH_4964,15,2026-08-30T09:28:51.606177,64.08,,43.41,2.373,13.49,12.7,0.79,38.0,0,NOMINAL
VEH_4964,16,2026-08-30T09:29:56.606177,67.11,,43.41,2.624,10.88,10.08,0.8,38.0,0,NOMINAL
VEH_4964,17,2026-08-30T09:31:01.606177,68.97,,43.93,2.297,13.44,11.06,2.38,60.0,0,NOMINAL
VEH_4964,18,2026-08-30T09:32:06.606177,73.0,,46.47,2.319,13.32,12.04,1.28,38.0,0,NOMINAL
VEH_4964,19,2026-08-30T09:33:11.606177,75.16,,46.29,2.533,11.74,9.21,2.53,29.5,0,NOMINAL
VEH_4964,20,2026-08-30T09:34:16.606177,65.91,,46.36,2.444,9.14,6.8,2.34,31.0,0,NOMINAL
VEH_4964,21,2026-08-30T09:35:21.606177,66.52,,44.83,2.498,10.07,7.58,2.49,28.0,0,NOMINAL
VEH_4964,22,2026-08-30T09:36:26.606177,71.21,,46.75,2.735,10.98,8.36,2.62,29.5,0,NOMINAL
VEH_4964,23,2026-08-30T09:37:31.606177,72.69,,47.16,2.72,11.56,9.14,2.42,31.0,0,NOMINAL
VEH_4964,24,2026-08-30T09:38:36.606177,73.53,,49.07,2.517,10.23,7.11,3.12,28.0,0,NOMINAL
VEH_4964,25,2026-08-30T09:39:41.606177,63.72,,48.66,2.617,10.34,7.5,2.84,29.5,0,NOMINAL
VEH_4964,26,2026-08-30T09:40:46.606177,66.13,39.38,48.61,2.632,15.41,13.11,2.3,31.0,0,NOMINAL
VEH_4964,27,2026-08-30T09:41:51.606177,69.95,40.91,47.91,2.573,16.75,13.89,2.86,28.0,0,NOMINAL
VEH_4964,28,2026-08-30T09:42:56.606177,73.83,,49.41,2.79,10.06,7.04,3.02,29.5,0,NOMINAL
VEH_4964,29,2026-08-30T09:44:01.606177,77.29,,49.6,2.345,10.67,7.81,2.86,31.0,0,NOMINAL
VEH_4964,30,2026-08-30T09:45:06.606177,65.36,,50.25,2.671,11.55,8.2,3.35,28.0,0,NOMINAL
VEH_4965,1,2026-08-30T09:14:56.606177,68.35,44.3,38.66,1.833,18.16,17.21,0.95,34.3,0,NOMINAL
VEH_4965,2,2026-08-30T09:16:01.606177,69.06,42.53,38.96,2.234,18.77,18.09,0.68,34.6,0,NOMINAL
VEH_4965,3,2026-08-30T09:17:06.606177,70.39,,38.0,2.075,12.14,11.74,0.4,34.9,0,NOMINAL
VEH_4965,4,2026-08-30T09:18:11.606177,73.7,,38.88,2.39,13.12,12.61,0.51,35.2,0,NOMINAL
VEH_4965,5,2026-08-30T09:19:16.606177,64.61,,39.49,1.876,13.69,13.1,0.59,35.5,0,NOMINAL
VEH_4965,6,2026-08-30T09:20:21.606177,67.12,,41.46,1.93,12.42,11.58,0.84,35.8,0,NOMINAL
VEH_4965,7,2026-08-30T09:21:26.606177,71.42,42.61,41.01,2.084,18.14,17.29,0.85,36.1,0,NOMINAL
VEH_4965,8,2026-08-30T09:22:31.606177,71.51,42.47,41.01,2.223,18.88,18.17,0.71,36.4,0,NOMINAL
VEH_4965,9,2026-08-30T09:23:36.606177,73.01,,40.84,2.353,12.37,11.81,0.56,36.7,0,NOMINAL
VEH_4965,10,2026-08-30T09:24:41.606177,62.21,,42.54,2.142,13.05,12.3,0.75,37.0,0,NOMINAL
VEH_4965,11,2026-08-30T09:25:46.606177,66.95,,42.77,2.513,13.55,12.78,0.77,48.0,0,NOMINAL
VEH_4965,12,2026-08-30T09:26:51.606177,69.9,,41.41,2.156,11.14,10.16,0.98,48.0,0,NOMINAL
VEH_4965,13,2026-08-30T09:27:56.606177,73.22,,43.67,2.06,12.01,11.14,0.87,38.0,0,NOMINAL
VEH_4965,14,2026-08-30T09:29:01.606177,76.79,42.8,44.23,2.311,19.29,18.24,1.05,38.2,0,NOMINAL
VEH_4965,15,2026-08-30T09:30:06.606177,63.5,,44.65,2.252,13.65,12.7,0.95,38.0,0,NOMINAL
VEH_4965,16,2026-08-30T09:31:11.606177,67.05,,45.92,2.519,11.26,10.08,1.18,38.0,0,NOMINAL
VEH_4965,17,2026-08-30T09:32:16.606177,69.72,,45.46,2.405,13.23,11.06,2.17,60.0,0,NOMINAL
VEH_4965,18,2026-08-30T09:33:21.606177,71.47,,44.82,2.644,13.03,12.04,0.99,38.0,0,NOMINAL
VEH_4965,19,2026-08-30T09:34:26.606177,75.0,,46.78,2.606,11.8,9.21,2.59,29.5,0,NOMINAL
VEH_4965,20,2026-08-30T09:35:31.606177,63.53,,46.34,2.372,9.06,6.8,2.26,31.0,0,NOMINAL
VEH_4965,21,2026-08-30T09:36:36.606177,67.76,,47.24,2.625,10.47,7.58,2.89,28.0,0,NOMINAL
VEH_4965,22,2026-08-30T09:37:41.606177,70.0,,47.59,2.63,11.07,8.36,2.71,29.5,0,NOMINAL
VEH_4965,23,2026-08-30T09:38:46.606177,72.81,,46.64,2.629,11.49,9.14,2.35,31.0,0,NOMINAL
VEH_4965,24,2026-08-30T09:39:51.606177,74.07,,47.85,2.705,10.06,7.11,2.95,28.0,0,NOMINAL
VEH_4965,25,2026-08-30T09:40:56.606177,63.86,,47.73,2.936,10.2,7.5,2.7,29.5,0,NOMINAL
VEH_4965,26,2026-08-30T09:42:01.606177,68.35,41.15,48.82,2.508,15.71,13.11,2.6,31.0,0,NOMINAL
VEH_4965,27,2026-08-30T09:43:06.606177,70.18,43.09,49.18,2.799,17.2,13.89,3.31,28.0,0,NOMINAL
VEH_4965,28,2026-08-30T09:44:11.606177,73.33,,49.37,2.793,10.04,7.04,3.0,29.5,0,NOMINAL
VEH_4965,29,2026-08-30T09:45:16.606177,76.96,,49.16,2.594,10.6,7.81,2.79,31.0,0,NOMINAL
VEH_4965,30,2026-08-30T09:46:21.606177,65.38,,49.12,2.74,11.38,8.2,3.18,28.0,0,NOMINAL
VEH_4966,1,2026-08-30T09:16:11.606177,64.93,42.43,36.68,1.751,17.54,17.21,0.33,34.3,0,NOMINAL
VEH_4966,2,2026-08-30T09:17:16.606177,69.83,41.7,38.64,2.076,18.65,18.09,0.56,34.6,0,NOMINAL
VEH_4966,3,2026-08-30T09:18:21.606177,73.52,,39.78,2.039,12.5,11.74,0.76,34.9,0,NOMINAL
VEH_4966,4,2026-08-30T09:19:26.606177,74.64,,40.77,1.898,13.44,12.61,0.83,35.2,0,NOMINAL
VEH_4966,5,2026-08-30T09:20:31.606177,64.46,,38.96,1.912,13.61,13.1,0.51,35.5,0,NOMINAL
VEH_4966,6,2026-08-30T09:21:36.606177,66.27,,38.8,2.155,11.99,11.58,0.41,35.8,0,NOMINAL
VEH_4966,7,2026-08-30T09:22:41.606177,69.83,39.79,41.12,2.192,17.78,17.29,0.49,36.1,0,NOMINAL
VEH_4966,8,2026-08-30T09:23:46.606177,72.32,42.14,41.16,2.106,18.89,18.17,0.72,36.4,0,NOMINAL
VEH_4966,9,2026-08-30T09:24:51.606177,75.21,,40.42,2.245,12.38,11.81,0.57,36.7,0,NOMINAL
VEH_4966,10,2026-08-30T09:25:56.606177,65.03,,42.64,2.288,13.15,12.3,0.85,37.0,0,NOMINAL
VEH_4966,11,2026-08-30T09:27:01.606177,66.24,,42.25,2.055,13.6,12.78,0.82,48.0,0,NOMINAL
VEH_4966,12,2026-08-30T09:28:06.606177,70.3,,43.37,2.284,10.86,10.16,0.7,48.0,0,NOMINAL
VEH_4966,13,2026-08-30T09:29:11.606177,73.77,,44.38,2.35,12.13,11.14,0.99,38.0,0,NOMINAL
VEH_4966,14,2026-08-30T09:30:16.606177,74.68,41.35,43.14,2.148,18.9,18.24,0.66,38.2,0,NOMINAL
VEH_4966,15,2026-08-30T09:31:21.606177,65.98,,42.94,2.591,13.48,12.7,0.78,38.0,0,NOMINAL
VEH_4966,16,2026-08-30T09:32:26.606177,65.9,,43.3,2.526,10.83,10.08,0.75,38.0,0,NOMINAL
VEH_4966,17,2026-08-30T09:33:31.606177,69.93,,44.5,2.269,13.38,11.06,2.32,60.0,0,NOMINAL
VEH_4966,18,2026-08-30T09:34:36.606177,72.85,,45.09,2.262,13.11,12.04,1.07,38.0,0,NOMINAL
VEH_4966,19,2026-08-30T09:35:41.606177,75.53,,45.69,2.564,11.66,9.21,2.45,29.5,0,NOMINAL
VEH_4966,20,2026-08-30T09:36:46.606177,65.51,,46.46,2.346,9.14,6.8,2.34,31.0,0,NOMINAL
VEH_4966,21,2026-08-30T09:37:51.606177,67.77,,46.58,2.595,10.38,7.58,2.8,28.0,0,NOMINAL
VEH_4966,22,2026-08-30T09:38:56.606177,68.91,,48.1,2.549,11.11,8.36,2.75,29.5,0,NOMINAL
VEH_4966,23,2026-08-30T09:40:01.606177,72.98,,47.4,2.619,11.61,9.14,2.47,31.0,0,NOMINAL
VEH_4966,24,2026-08-30T09:41:06.606177,74.93,,47.93,2.775,10.1,7.11,2.99,28.0,0,NOMINAL
VEH_4966,25,2026-08-30T09:42:11.606177,64.73,,48.13,2.848,10.29,7.5,2.79,29.5,0,NOMINAL
VEH_4966,26,2026-08-30T09:43:16.606177,66.65,42.47,48.29,2.798,15.73,13.11,2.62,31.0,0,NOMINAL
VEH_4966,27,2026-08-30T09:44:21.606177,72.44,43.32,47.84,2.724,17.09,13.89,3.2,28.0,0,NOMINAL
VEH_4966,28,2026-08-30T09:45:26.606177,71.98,,49.52,2.427,10.02,7.04,2.98,29.5,0,NOMINAL
VEH_4966,29,2026-08-30T09:46:31.606177,76.86,,50.01,3.0,10.72,7.81,2.91,31.0,0,NOMINAL
VEH_4966,30,2026-08-30T09:47:36.606177,64.33,,48.88,2.821,11.31,8.2,3.11,28.0,0,NOMINAL
VEH_4967,1,2026-08-30T09:17:26.606177,65.9,43.73,37.17,1.894,17.79,17.21,0.58,34.3,0,NOMINAL
VEH_4967,2,2026-08-30T09:18:31.606177,69.31,42.93,37.85,1.787,18.66,18.09,0.57,34.6,0,NOMINAL
VEH_4967,3,2026-08-30T09:19:36.606177,73.25,,40.97,2.08,12.67,11.74,0.93,34.9,0,NOMINAL
VEH_4967,4,2026-08-30T09:20:41.606177,74.73,,39.76,1.894,13.29,12.61,0.68,35.2,0,NOMINAL
VEH_4967,5,2026-08-30T09:21:46.606177,64.5,,39.48,2.187,13.69,13.1,0.59,35.5,0,NOMINAL
VEH_4967,6,2026-08-30T09:22:51.606177,66.96,,40.04,2.202,12.2,11.58,0.62,35.8,0,NOMINAL
VEH_4967,7,2026-08-30T09:23:56.606177,67.64,43.13,39.44,2.053,17.85,17.29,0.56,36.1,0,NOMINAL
VEH_4967,8,2026-08-30T09:25:01.606177,72.05,41.16,41.28,2.274,18.79,18.17,0.62,36.4,0,NOMINAL
VEH_4967,9,2026-08-30T09:26:06.606177,75.78,,39.68,2.135,12.28,11.81,0.47,36.7,0,NOMINAL
VEH_4967,10,2026-08-30T09:27:11.606177,64.76,,42.27,1.976,13.09,12.3,0.79,37.0,0,NOMINAL
VEH_4967,11,2026-08-30T09:28:16.606177,66.51,,42.11,2.278,13.63,12.78,0.85,48.0,0,NOMINAL
VEH_4967,12,2026-08-30T09:29:21.606177,71.64,,42.32,2.187,11.06,10.16,0.9,48.0,0,NOMINAL
VEH_4967,13,2026-08-30T09:30:26.606177,73.23,,43.93,2.637,12.05,11.14,0.91,38.0,0,NOMINAL
VEH_4967,14,2026-08-30T09:31:31.606177,73.89,44.04,44.42,2.202,19.38,18.24,1.14,38.2,0,NOMINAL
VEH_4967,15,2026-08-30T09:32:36.606177,67.65,,43.62,2.445,13.63,12.7,0.93,38.0,0,NOMINAL
VEH_4967,16,2026-08-30T09:33:41.606177,67.67,,44.65,2.527,11.08,10.08,1.0,38.0,0,NOMINAL
VEH_4967,17,2026-08-30T09:34:46.606177,70.86,,44.97,2.393,13.34,11.06,2.28,60.0,0,NOMINAL
VEH_4967,18,2026-08-30T09:35:51.606177,71.55,,45.29,2.889,13.1,12.04,1.06,38.0,0,NOMINAL
VEH_4967,19,2026-08-30T09:36:56.606177,77.63,,44.83,2.503,11.59,9.21,2.38,29.5,0,NOMINAL
VEH_4967,20,2026-08-30T09:38:01.606177,65.53,,45.8,2.834,9.04,6.8,2.24,31.0,0,NOMINAL
VEH_4967,21,2026-08-30T09:39:06.606177,66.13,,45.43,2.673,10.15,7.58,2.57,28.0,0,NOMINAL
VEH_4967,22,2026-08-30T09:40:11.606177,67.47,,46.56,2.931,10.84,8.36,2.48,29.5,0,NOMINAL
VEH_4967,23,2026-08-30T09:41:16.606177,71.34,,48.11,2.894,11.67,9.14,2.53,31.0,0,NOMINAL
VEH_4967,24,2026-08-30T09:42:21.606177,76.62,,47.89,2.952,10.15,7.11,3.04,28.0,0,NOMINAL
VEH_4967,25,2026-08-30T09:43:26.606177,64.45,,48.59,2.696,10.35,7.5,2.85,29.5,0,NOMINAL
VEH_4967,26,2026-08-30T09:44:31.606177,67.63,44.2,48.16,2.63,15.94,13.11,2.83,31.0,0,NOMINAL
VEH_4967,27,2026-08-30T09:45:36.606177,71.11,42.21,48.55,2.85,17.03,13.89,3.14,28.0,0,NOMINAL
VEH_4967,28,2026-08-30T09:46:41.606177,73.3,,47.38,3.006,9.74,7.04,2.7,29.5,0,NOMINAL
VEH_4967,29,2026-08-30T09:47:46.606177,74.55,,50.11,2.933,10.66,7.81,2.85,31.0,0,NOMINAL
VEH_4967,30,2026-08-30T09:48:51.606177,67.4,,50.27,2.658,11.62,8.2,3.42,28.0,0,NOMINAL
VEH_4968,1,2026-08-30T09:18:41.606177,67.02,39.88,37.48,1.86,17.43,17.21,0.22,34.3,0,NOMINAL
VEH_4968,2,2026-08-30T09:19:46.606177,69.29,40.77,38.3,1.641,18.48,18.09,0.39,34.6,0,NOMINAL
VEH_4968,3,2026-08-30T09:20:51.606177,71.79,,39.9,1.777,12.46,11.74,0.72,34.9,0,NOMINAL
VEH_4968,4,2026-08-30T09:21:56.606177,75.75,,40.22,2.253,13.39,12.61,0.78,35.2,0,NOMINAL
VEH_4968,5,2026-08-30T09:23:01.606177,63.61,,41.44,2.246,13.95,13.1,0.85,35.5,0,NOMINAL
VEH_4968,6,2026-08-30T09:24:06.606177,67.79,,39.8,1.718,12.19,11.58,0.61,35.8,0,NOMINAL
VEH_4968,7,2026-08-30T09:25:11.606177,68.51,42.88,41.25,1.911,18.12,17.29,0.83,36.1,0,NOMINAL
VEH_4968,8,2026-08-30T09:26:16.606177,71.37,43.83,41.95,2.159,19.17,18.17,1.0,36.4,0,NOMINAL
VEH_4968,9,2026-08-30T09:27:21.606177,73.56,,41.18,1.963,12.44,11.81,0.63,36.7,0,NOMINAL
VEH_4968,10,2026-08-30T09:28:26.606177,65.85,,41.6,1.965,13.02,12.3,0.72,37.0,0,NOMINAL
VEH_4968,11,2026-08-30T09:29:31.606177,66.44,,41.96,2.21,13.65,12.78,0.87,48.0,0,NOMINAL
VEH_4968,12,2026-08-30T09:30:36.606177,68.03,,42.11,2.295,10.98,10.16,0.82,48.0,0,NOMINAL
VEH_4968,13,2026-08-30T09:31:41.606177,71.69,,43.02,2.479,11.86,11.14,0.72,38.0,0,NOMINAL
VEH_4968,14,2026-08-30T09:32:46.606177,74.67,41.7,44.54,2.298,19.15,18.24,0.91,38.2,0,NOMINAL
VEH_4968,15,2026-08-30T09:33:51.606177,66.65,,45.47,2.616,13.88,12.7,1.18,38.0,0,NOMINAL
VEH_4968,16,2026-08-30T09:34:56.606177,65.91,,44.56,2.455,11.02,10.08,0.94,38.0,0,NOMINAL
VEH_4968,17,2026-08-30T09:36:01.606177,70.16,,42.58,2.389,13.68,11.06,2.62,60.0,0,NOMINAL
VEH_4968,18,2026-08-30T09:37:06.606177,74.19,,45.8,2.641,13.26,12.04,1.22,38.0,0,NOMINAL
VEH_4968,19,2026-08-30T09:38:11.606177,76.12,,45.16,2.492,11.6,9.21,2.39,29.5,0,NOMINAL
VEH_4968,20,2026-08-30T09:39:16.606177,64.32,,45.64,2.496,8.98,6.8,2.18,31.0,0,NOMINAL
VEH_4968,21,2026-08-30T09:40:21.606177,68.28,,46.93,2.737,10.45,7.58,2.87,28.0,0,NOMINAL
VEH_4968,22,2026-08-30T09:41:26.606177,69.08,,46.14,2.58,10.83,8.36,2.47,29.5,0,NOMINAL
VEH_4968,23,2026-08-30T09:42:31.606177,70.99,,47.05,2.912,11.5,9.14,2.36,31.0,0,NOMINAL
VEH_4968,24,2026-08-30T09:43:36.606177,74.39,,47.18,2.535,9.97,7.11,2.86,28.0,0,NOMINAL
VEH_4968,25,2026-08-30T09:44:41.606177,65.79,,49.72,2.323,10.56,7.5,3.06,29.5,0,NOMINAL
VEH_4968,26,2026-08-30T09:45:46.606177,66.02,42.93,49.5,2.376,15.95,13.11,2.84,31.0,0,NOMINAL
VEH_4968,27,2026-08-30T09:46:51.606177,71.01,42.15,50.33,2.997,17.29,13.89,3.4,28.0,0,NOMINAL
VEH_4968,28,2026-08-30T09:47:56.606177,72.58,,49.04,2.72,9.97,7.04,2.93,29.5,0,NOMINAL
VEH_4968,29,2026-08-30T09:49:01.606177,75.07,,49.35,2.991,10.57,7.81,2.76,31.0,0,NOMINAL
VEH_4968,30,2026-08-30T09:50:06.606177,64.6,,49.35,2.748,11.39,8.2,3.19,28.0,0,NOMINAL
VEH_4969,1,2026-08-30T09:19:56.606177,68.02,43.67,36.08,1.901,17.69,17.21,0.48,34.3,0,NOMINAL
VEH_4969,2,2026-08-30T09:21:01.606177,69.43,44.1,38.98,2.201,18.97,18.09,0.88,34.6,0,NOMINAL
VEH_4969,3,2026-08-30T09:22:06.606177,74.12,,39.68,2.146,12.5,11.74,0.76,34.9,0,NOMINAL
VEH_4969,4,2026-08-30T09:23:11.606177,76.47,,38.88,1.965,13.21,12.61,0.6,35.2,0,NOMINAL
VEH_4969,5,2026-08-30T09:24:16.606177,65.62,,39.73,2.205,13.76,13.1,0.66,35.5,0,NOMINAL
VEH_4969,6,2026-08-30T09:25:21.606177,68.43,,41.41,2.116,12.45,11.58,0.87,35.8,0,NOMINAL
VEH_4969,7,2026-08-30T09:26:26.606177,69.22,42.52,40.12,2.534,17.93,17.29,0.64,36.1,0,NOMINAL
VEH_4969,8,2026-08-30T09:27:31.606177,71.55,44.38,40.73,2.031,19.06,18.17,0.89,36.4,0,NOMINAL
VEH_4969,9,2026-08-30T09:28:36.606177,76.07,,41.55,2.278,12.57,11.81,0.76,36.7,0,NOMINAL
VEH_4969,10,2026-08-30T09:29:41.606177,65.77,,42.12,2.573,13.1,12.3,0.8,37.0,0,NOMINAL
VEH_4969,11,2026-08-30T09:30:46.606177,67.47,,42.05,2.436,13.67,12.78,0.89,48.0,0,NOMINAL
VEH_4969,12,2026-08-30T09:31:51.606177,68.13,,43.22,2.332,10.82,10.16,0.66,48.0,0,NOMINAL
VEH_4969,13,2026-08-30T09:32:56.606177,73.11,,43.55,2.749,11.99,11.14,0.85,38.0,0,NOMINAL
VEH_4969,14,2026-08-30T09:34:01.606177,75.2,44.9,43.1,2.524,19.32,18.24,1.08,38.2,0,NOMINAL
VEH_4969,15,2026-08-30T09:35:06.606177,65.24,,43.68,2.413,13.56,12.7,0.86,38.0,0,NOMINAL
VEH_4969,16,2026-08-30T09:36:11.606177,68.21,,44.71,2.158,11.11,10.08,1.03,38.0,0,NOMINAL
VEH_4969,17,2026-08-30T09:37:16.606177,70.07,,44.17,2.447,13.43,11.06,2.37,60.0,0,NOMINAL
VEH_4969,18,2026-08-30T09:38:21.606177,71.14,,45.63,2.606,13.14,12.04,1.1,38.0,0,NOMINAL
VEH_4969,19,2026-08-30T09:39:26.606177,73.95,,45.92,2.72,11.64,9.21,2.43,29.5,0,NOMINAL
VEH_4969,20,2026-08-30T09:40:31.606177,66.57,,45.86,2.719,9.08,6.8,2.28,31.0,0,NOMINAL
VEH_4969,21,2026-08-30T09:41:36.606177,68.82,,47.87,2.827,10.6,7.58,3.02,28.0,0,NOMINAL
VEH_4969,22,2026-08-30T09:42:41.606177,70.2,,46.74,2.585,10.95,8.36,2.59,29.5,0,NOMINAL
VEH_4969,23,2026-08-30T09:43:46.606177,74.46,,47.11,2.74,11.61,9.14,2.47,31.0,0,NOMINAL
VEH_4969,24,2026-08-30T09:44:51.606177,76.77,,48.2,2.75,10.2,7.11,3.09,28.0,0,NOMINAL
VEH_4969,25,2026-08-30T09:45:56.606177,66.36,,47.36,2.854,10.22,7.5,2.72,29.5,0,NOMINAL
VEH_4969,26,2026-08-30T09:47:01.606177,67.77,43.81,45.97,3.01,15.57,13.11,2.46,31.0,0,NOMINAL
VEH_4969,27,2026-08-30T09:48:06.606177,70.17,44.19,48.68,2.89,17.25,13.89,3.36,28.0,0,NOMINAL
VEH_4969,28,2026-08-30T09:49:11.606177,71.99,,49.44,2.956,10.01,7.04,2.97,29.5,0,NOMINAL
VEH_4969,29,2026-08-30T09:50:16.606177,73.82,,49.89,3.157,10.61,7.81,2.8,31.0,0,NOMINAL
VEH_4969,30,2026-08-30T09:51:21.606177,63.6,,51.15,2.928,11.63,8.2,3.43,28.0,0,NOMINAL
VEH_4970,1,2026-08-30T09:21:11.606177,69.17,41.02,37.55,1.992,17.64,17.21,0.43,34.3,0,NOMINAL
VEH_4970,2,2026-08-30T09:22:16.606177,70.72,40.77,40.13,1.918,18.8,18.09,0.71,34.6,0,NOMINAL
VEH_4970,3,2026-08-30T09:23:21.606177,71.64,,38.91,2.117,12.31,11.74,0.57,34.9,0,NOMINAL
VEH_4970,4,2026-08-30T09:24:26.606177,75.76,,39.04,2.045,13.21,12.61,0.6,35.2,0,NOMINAL
VEH_4970,5,2026-08-30T09:25:31.606177,63.17,,39.63,2.106,13.67,13.1,0.57,35.5,0,NOMINAL
VEH_4970,6,2026-08-30T09:26:36.606177,68.13,,40.27,2.173,12.27,11.58,0.69,35.8,0,NOMINAL
VEH_4970,7,2026-08-30T09:27:41.606177,70.64,42.27,39.69,2.088,17.88,17.29,0.59,36.1,0,NOMINAL
VEH_4970,8,2026-08-30T09:28:46.606177,70.73,40.44,41.37,2.101,18.68,18.17,0.51,36.4,0,NOMINAL
VEH_4970,9,2026-08-30T09:29:51.606177,75.15,,41.2,2.12,12.49,11.81,0.68,36.7,0,NOMINAL
VEH_4970,10,2026-08-30T09:30:56.606177,66.44,,42.18,2.277,13.13,12.3,0.83,37.0,0,NOMINAL
VEH_4970,11,2026-08-30T09:32:01.606177,66.93,,41.53,2.216,13.73,12.78,0.95,48.0,0,NOMINAL
VEH_4970,12,2026-08-30T09:33:06.606177,70.43,,41.93,2.31,11.08,10.16,0.92,48.0,0,NOMINAL
VEH_4970,13,2026-08-30T09:34:11.606177,72.7,,43.57,2.018,11.98,11.14,0.84,38.0,0,NOMINAL
VEH_4970,14,2026-08-30T09:35:16.606177,75.56,40.73,43.78,2.457,18.95,18.24,0.71,38.2,0,NOMINAL
VEH_4970,15,2026-08-30T09:36:21.606177,66.14,,43.15,2.277,13.51,12.7,0.81,38.0,0,NOMINAL
VEH_4970,16,2026-08-30T09:37:26.606177,69.94,,44.92,2.557,11.19,10.08,1.11,38.0,0,NOMINAL
VEH_4970,17,2026-08-30T09:38:31.606177,71.24,,45.55,2.387,13.26,11.06,2.2,60.0,0,NOMINAL
VEH_4970,18,2026-08-30T09:39:36.606177,72.93,,45.88,2.393,13.23,12.04,1.19,38.0,0,NOMINAL
VEH_4970,19,2026-08-30T09:40:41.606177,74.06,,43.56,2.514,11.29,9.21,2.08,29.5,0,NOMINAL
VEH_4970,20,2026-08-30T09:41:46.606177,65.96,,46.1,2.501,9.1,6.8,2.3,31.0,0,NOMINAL
VEH_4970,21,2026-08-30T09:42:51.606177,66.85,,47.58,2.59,10.5,7.58,2.92,28.0,0,NOMINAL
VEH_4970,22,2026-08-30T09:43:56.606177,68.95,,48.04,2.807,11.11,8.36,2.75,29.5,0,NOMINAL
VEH_4970,23,2026-08-30T09:45:01.606177,74.17,,47.16,2.538,11.61,9.14,2.47,31.0,0,NOMINAL
VEH_4970,24,2026-08-30T09:46:06.606177,75.1,,46.43,2.592,9.88,7.11,2.77,28.0,0,NOMINAL
VEH_4970,25,2026-08-30T09:47:11.606177,63.6,,48.56,2.645,10.32,7.5,2.82,29.5,0,NOMINAL
VEH_4970,26,2026-08-30T09:48:16.606177,67.13,42.45,47.89,2.384,15.69,13.11,2.58,31.0,0,NOMINAL
VEH_4970,27,2026-08-30T09:49:21.606177,71.86,42.04,46.8,3.03,16.77,13.89,2.88,28.0,0,NOMINAL
VEH_4970,28,2026-08-30T09:50:26.606177,71.58,,46.97,2.671,9.63,7.04,2.59,29.5,0,NOMINAL
VEH_4970,29,2026-08-30T09:51:31.606177,74.37,,48.85,2.732,10.47,7.81,2.66,31.0,0,NOMINAL
VEH_4970,30,2026-08-30T09:52:36.606177,66.64,,50.67,3.044,11.66,8.2,3.46,28.0,0,NOMINAL
VEH_4971,1,2026-08-30T09:22:26.606177,68.0,42.36,38.51,2.086,17.9,17.21,0.69,34.3,0,NOMINAL
VEH_4971,2,2026-08-30T09:23:31.606177,70.08,43.97,40.0,1.853,19.13,18.09,1.04,34.6,0,NOMINAL
VEH_4971,3,2026-08-30T09:24:36.606177,72.23,,39.04,2.263,12.35,11.74,0.61,34.9,0,NOMINAL
VEH_4971,4,2026-08-30T09:25:41.606177,74.36,,39.52,2.302,13.24,12.61,0.63,35.2,0,NOMINAL
VEH_4971,5,2026-08-30T09:26:46.606177,62.22,,40.43,1.866,13.76,13.1,0.66,35.5,0,NOMINAL
VEH_4971,6,2026-08-30T09:27:51.606177,69.01,,40.79,2.0,12.38,11.58,0.8,35.8,0,NOMINAL
VEH_4971,7,2026-08-30T09:28:56.606177,71.6,41.75,41.41,2.062,18.11,17.29,0.82,36.1,0,NOMINAL
VEH_4971,8,2026-08-30T09:30:01.606177,73.49,44.25,41.0,2.055,19.14,18.17,0.97,36.4,0,NOMINAL
VEH_4971,9,2026-08-30T09:31:06.606177,75.95,,41.73,2.169,12.6,11.81,0.79,36.7,0,NOMINAL
VEH_4971,10,2026-08-30T09:32:11.606177,65.32,,41.05,2.393,12.92,12.3,0.62,37.0,0,NOMINAL
VEH_4971,11,2026-08-30T09:33:16.606177,67.65,,44.05,2.095,13.38,12.78,0.6,48.0,0,NOMINAL
VEH_4971,12,2026-08-30T09:34:21.606177,68.78,,42.87,2.447,10.89,10.16,0.73,48.0,0,NOMINAL
VEH_4971,13,2026-08-30T09:35:26.606177,70.98,,44.3,2.226,12.03,11.14,0.89,38.0,0,NOMINAL
VEH_4971,14,2026-08-30T09:36:31.606177,75.19,41.43,43.03,2.32,18.91,18.24,0.67,38.2,0,NOMINAL
VEH_4971,15,2026-08-30T09:37:36.606177,65.57,,43.45,2.516,13.54,12.7,0.84,38.0,0,NOMINAL
VEH_4971,16,2026-08-30T09:38:41.606177,67.27,,44.63,2.302,11.07,10.08,0.99,38.0,0,NOMINAL
VEH_4971,17,2026-08-30T09:39:46.606177,71.49,,46.33,2.553,13.16,11.06,2.1,60.0,0,NOMINAL
VEH_4971,18,2026-08-30T09:40:51.606177,71.79,,45.14,2.627,13.08,12.04,1.04,38.0,0,NOMINAL
VEH_4971,19,2026-08-30T09:41:56.606177,73.84,,46.39,2.64,11.71,9.21,2.5,29.5,0,NOMINAL
VEH_4971,20,2026-08-30T09:43:01.606177,65.03,,47.29,2.353,9.25,6.8,2.45,31.0,0,NOMINAL
VEH_4971,21,2026-08-30T09:44:06.606177,66.16,,46.28,2.836,10.28,7.58,2.7,28.0,0,NOMINAL
VEH_4971,22,2026-08-30T09:45:11.606177,69.57,,46.54,2.586,10.9,8.36,2.54,29.5,0,NOMINAL
VEH_4971,23,2026-08-30T09:46:16.606177,72.16,,47.76,2.655,11.64,9.14,2.5,31.0,0,NOMINAL
VEH_4971,24,2026-08-30T09:47:21.606177,74.04,,49.14,2.556,10.25,7.11,3.14,28.0,0,NOMINAL
VEH_4971,25,2026-08-30T09:48:26.606177,66.45,,47.53,2.489,10.25,7.5,2.75,29.5,0,NOMINAL
VEH_4971,26,2026-08-30T09:49:31.606177,68.87,42.69,48.76,2.925,15.9,13.11,2.79,31.0,0,NOMINAL
VEH_4971,27,2026-08-30T09:50:36.606177,70.57,41.68,49.16,2.7,17.04,13.89,3.15,28.0,0,NOMINAL
VEH_4971,28,2026-08-30T09:51:41.606177,73.91,,50.09,2.809,10.17,7.04,3.13,29.5,0,NOMINAL
VEH_4971,29,2026-08-30T09:52:46.606177,77.05,,50.35,3.015,10.78,7.81,2.97,31.0,0,NOMINAL
VEH_4971,30,2026-08-30T09:53:51.606177,66.36,,49.79,2.786,11.52,8.2,3.32,28.0,0,NOMINAL
VEH_4972,1,2026-08-30T09:23:41.606177,67.55,39.89,38.6,1.68,17.62,17.21,0.41,34.3,0,NOMINAL
VEH_4972,2,2026-08-30T09:24:46.606177,70.29,41.34,38.68,2.11,18.63,18.09,0.54,34.6,0,NOMINAL
VEH_4972,3,2026-08-30T09:25:51.606177,72.62,,38.28,1.927,12.25,11.74,0.51,34.9,0,NOMINAL
VEH_4972,4,2026-08-30T09:26:56.606177,74.37,,39.21,1.808,13.19,12.61,0.58,35.2,0,NOMINAL
VEH_4972,5,2026-08-30T09:28:01.606177,64.09,,38.97,1.786,13.6,13.1,0.5,35.5,0,NOMINAL
VEH_4972,6,2026-08-30T09:29:06.606177,67.75,,41.2,2.205,12.4,11.58,0.82,35.8,0,NOMINAL
VEH_4972,7,2026-08-30T09:30:11.606177,72.41,42.38,39.8,2.093,17.96,17.29,0.67,36.1,0,NOMINAL
VEH_4972,8,2026-08-30T09:31:16.606177,73.34,41.82,40.88,2.084,18.84,18.17,0.67,36.4,0,NOMINAL
VEH_4972,9,2026-08-30T09:32:21.606177,72.73,,40.41,2.063,12.3,11.81,0.49,36.7,0,NOMINAL
VEH_4972,10,2026-08-30T09:33:26.606177,65.92,,42.33,2.225,13.13,12.3,0.83,37.0,0,NOMINAL
VEH_4972,11,2026-08-30T09:34:31.606177,67.04,,42.76,2.223,13.55,12.78,0.77,48.0,0,NOMINAL
VEH_4972,12,2026-08-30T09:35:36.606177,69.87,,43.83,2.239,10.78,10.16,0.62,48.0,0,NOMINAL
VEH_4972,13,2026-08-30T09:36:41.606177,72.75,,43.66,2.312,11.99,11.14,0.85,38.0,0,NOMINAL
VEH_4972,14,2026-08-30T09:37:46.606177,75.45,43.7,42.87,2.455,19.15,18.24,0.91,38.2,0,NOMINAL
VEH_4972,15,2026-08-30T09:38:51.606177,65.81,,43.44,2.632,13.54,12.7,0.84,38.0,0,NOMINAL
VEH_4972,16,2026-08-30T09:39:56.606177,67.52,,43.86,2.51,10.96,10.08,0.88,38.0,0,NOMINAL
VEH_4972,17,2026-08-30T09:41:01.606177,68.69,,44.34,2.364,13.37,11.06,2.31,60.0,0,NOMINAL
VEH_4972,18,2026-08-30T09:42:06.606177,71.14,,45.98,2.38,13.19,12.04,1.15,38.0,0,NOMINAL
VEH_4972,19,2026-08-30T09:43:11.606177,76.57,,46.4,2.62,11.8,9.21,2.59,29.5,0,NOMINAL
VEH_4972,20,2026-08-30T09:44:16.606177,64.59,,45.99,2.532,9.04,6.8,2.24,31.0,0,NOMINAL
VEH_4972,21,2026-08-30T09:45:21.606177,67.24,,46.63,2.704,10.37,7.58,2.79,28.0,0,NOMINAL
VEH_4972,22,2026-08-30T09:46:26.606177,70.51,,46.46,2.862,10.92,8.36,2.56,29.5,0,NOMINAL
VEH_4972,23,2026-08-30T09:47:31.606177,73.83,,47.27,2.579,11.62,9.14,2.48,31.0,0,NOMINAL
VEH_4972,24,2026-08-30T09:48:36.606177,74.68,,47.8,2.388,10.07,7.11,2.96,28.0,0,NOMINAL
VEH_4972,25,2026-08-30T09:49:41.606177,65.3,,48.34,2.71,10.34,7.5,2.84,29.5,0,NOMINAL
VEH_4972,26,2026-08-30T09:50:46.606177,68.12,42.5,48.25,2.399,15.78,13.11,2.67,31.0,0,NOMINAL
VEH_4972,27,2026-08-30T09:51:51.606177,70.21,40.65,50.32,2.713,17.09,13.89,3.2,28.0,0,NOMINAL
VEH_4972,28,2026-08-30T09:52:56.606177,71.01,,49.97,2.787,10.06,7.04,3.02,29.5,0,NOMINAL
VEH_4972,29,2026-08-30T09:54:01.606177,76.91,,48.6,2.74,10.51,7.81,2.7,31.0,0,NOMINAL
VEH_4972,30,2026-08-30T09:55:06.606177,63.83,,49.53,2.695,11.4,8.2,3.2,28.0,0,NOMINAL
VEH_4973,1,2026-08-30T09:24:56.606177,65.74,42.54,39.27,1.837,17.97,17.21,0.76,34.3,0,NOMINAL
VEH_4973,2,2026-08-30T09:26:01.606177,70.99,41.94,38.23,1.978,18.66,18.09,0.57,34.6,0,NOMINAL
VEH_4973,3,2026-08-30T09:27:06.606177,70.98,,38.51,1.692,12.23,11.74,0.49,34.9,0,NOMINAL
VEH_4973,4,2026-08-30T09:28:11.606177,75.93,,38.07,1.958,13.07,12.61,0.46,35.2,0,NOMINAL
VEH_4973,5,2026-08-30T09:29:16.606177,63.37,,41.28,2.041,13.92,13.1,0.82,35.5,0,NOMINAL
VEH_4973,6,2026-08-30T09:30:21.606177,67.19,,41.44,2.425,12.42,11.58,0.84,35.8,0,NOMINAL
VEH_4973,7,2026-08-30T09:31:26.606177,69.87,42.25,41.81,1.885,18.17,17.29,0.88,36.1,0,NOMINAL
VEH_4973,8,2026-08-30T09:32:31.606177,71.96,41.84,41.42,1.958,18.88,18.17,0.71,36.4,0,NOMINAL
VEH_4973,9,2026-08-30T09:33:36.606177,75.37,,41.72,2.203,12.58,11.81,0.77,36.7,0,NOMINAL
VEH_4973,10,2026-08-30T09:34:41.606177,65.05,,41.16,1.965,12.93,12.3,0.63,37.0,0,NOMINAL
VEH_4973,11,2026-08-30T09:35:46.606177,66.84,,42.02,2.318,13.66,12.78,0.88,48.0,0,NOMINAL
VEH_4973,12,2026-08-30T09:36:51.606177,70.46,,42.53,2.415,10.99,10.16,0.83,48.0,0,NOMINAL
VEH_4973,13,2026-08-30T09:37:56.606177,74.88,,44.42,2.506,12.17,11.14,1.03,38.0,0,NOMINAL
VEH_4973,14,2026-08-30T09:39:01.606177,74.82,41.97,44.26,2.227,19.14,18.24,0.9,38.2,0,NOMINAL
VEH_4973,15,2026-08-30T09:40:06.606177,64.1,,44.51,2.776,13.65,12.7,0.95,38.0,0,NOMINAL
VEH_4973,16,2026-08-30T09:41:11.606177,66.43,,44.86,2.587,11.08,10.08,1.0,38.0,0,NOMINAL
VEH_4973,17,2026-08-30T09:42:16.606177,71.43,,45.11,2.352,13.34,11.06,2.28,60.0,0,NOMINAL
VEH_4973,18,2026-08-30T09:43:21.606177,71.68,,46.54,2.798,13.29,12.04,1.25,38.0,0,NOMINAL
VEH_4973,19,2026-08-30T09:44:26.606177,76.13,,43.96,2.507,11.42,9.21,2.21,29.5,0,NOMINAL
VEH_4973,20,2026-08-30T09:45:31.606177,63.76,,47.81,2.662,9.29,6.8,2.49,31.0,0,NOMINAL
VEH_4973,21,2026-08-30T09:46:36.606177,68.48,,46.87,2.949,10.44,7.58,2.86,28.0,0,NOMINAL
VEH_4973,22,2026-08-30T09:47:41.606177,71.1,,47.24,2.52,11.05,8.36,2.69,29.5,0,NOMINAL
VEH_4973,23,2026-08-30T09:48:46.606177,72.74,,48.45,2.625,11.76,9.14,2.62,31.0,0,NOMINAL
VEH_4973,24,2026-08-30T09:49:51.606177,73.73,,46.88,2.573,9.91,7.11,2.8,28.0,0,NOMINAL
VEH_4973,25,2026-08-30T09:50:56.606177,61.8,,48.92,2.403,10.32,7.5,2.82,29.5,0,NOMINAL
VEH_4973,26,2026-08-30T09:52:01.606177,70.11,42.27,49.01,2.89,15.92,13.11,2.81,31.0,0,NOMINAL
VEH_4973,27,2026-08-30T09:53:06.606177,70.1,40.37,48.52,2.842,16.78,13.89,2.89,28.0,0,NOMINAL
VEH_4973,28,2026-08-30T09:54:11.606177,72.88,,49.9,2.761,10.11,7.04,3.07,29.5,0,NOMINAL
VEH_4973,29,2026-08-30T09:55:16.606177,75.66,,49.32,2.829,10.58,7.81,2.77,31.0,0,NOMINAL
VEH_4973,30,2026-08-30T09:56:21.606177,63.39,,49.73,2.926,11.41,8.2,3.21,28.0,0,NOMINAL
VEH_4974,1,2026-08-30T09:26:11.606177,66.82,46.84,38.21,2.312,18.33,17.21,1.12,34.3,0,NOMINAL
VEH_4974,2,2026-08-30T09:27:16.606177,70.75,44.4,38.77,2.031,19.01,18.09,0.92,34.6,0,NOMINAL
VEH_4974,3,2026-08-30T09:28:21.606177,73.02,,38.24,2.343,12.25,11.74,0.51,34.9,0,NOMINAL
VEH_4974,4,2026-08-30T09:29:26.606177,77.83,,39.77,2.144,13.39,12.61,0.78,35.2,0,NOMINAL
VEH_4974,5,2026-08-30T09:30:31.606177,64.93,,39.07,1.893,13.64,13.1,0.54,35.5,0,NOMINAL
VEH_4974,6,2026-08-30T09:31:36.606177,67.39,,38.38,2.186,11.97,11.58,0.39,35.8,0,NOMINAL
VEH_4974,7,2026-08-30T09:32:41.606177,68.71,42.91,40.52,2.179,18.02,17.29,0.73,36.1,0,NOMINAL
VEH_4974,8,2026-08-30T09:33:46.606177,73.71,43.03,41.65,2.256,19.11,18.17,0.94,36.4,0,NOMINAL
VEH_4974,9,2026-08-30T09:34:51.606177,76.49,,42.46,2.332,12.72,11.81,0.91,36.7,0,NOMINAL
VEH_4974,10,2026-08-30T09:35:56.606177,64.79,,41.66,2.475,13.0,12.3,0.7,37.0,0,NOMINAL
VEH_4974,11,2026-08-30T09:37:01.606177,67.3,,42.18,2.655,13.65,12.78,0.87,48.0,0,NOMINAL
VEH_4974,12,2026-08-30T09:38:06.606177,69.32,,42.78,2.566,10.92,10.16,0.76,48.0,0,NOMINAL
VEH_4974,13,2026-08-30T09:39:11.606177,72.8,,44.44,2.544,12.11,11.14,0.97,38.0,0,NOMINAL
VEH_4974,14,2026-08-30T09:40:16.606177,73.85,46.22,44.54,2.7,19.64,18.24,1.4,38.2,0,NOMINAL
VEH_4974,15,2026-08-30T09:41:21.606177,65.35,,43.28,2.487,13.51,12.7,0.81,38.0,0,NOMINAL
VEH_4974,16,2026-08-30T09:42:26.606177,68.23,,45.2,2.789,11.18,10.08,1.1,38.0,0,NOMINAL
VEH_4974,17,2026-08-30T09:43:31.606177,70.28,,45.36,2.763,13.26,11.06,2.2,60.0,0,NOMINAL
VEH_4974,18,2026-08-30T09:44:36.606177,71.72,,46.7,2.575,13.32,12.04,1.28,38.0,0,NOMINAL
VEH_4974,19,2026-08-30T09:45:41.606177,76.62,,45.63,2.662,11.68,9.21,2.47,29.5,0,NOMINAL
VEH_4974,20,2026-08-30T09:46:46.606177,64.08,,46.46,2.591,9.09,6.8,2.29,31.0,0,NOMINAL
VEH_4974,21,2026-08-30T09:47:51.606177,69.23,,46.56,2.553,10.42,7.58,2.84,28.0,0,NOMINAL
VEH_4974,22,2026-08-30T09:48:56.606177,70.31,,47.23,2.925,11.03,8.36,2.67,29.5,0,NOMINAL
VEH_4974,23,2026-08-30T09:50:01.606177,71.24,,46.9,2.847,11.48,9.14,2.34,31.0,0,NOMINAL
VEH_4974,24,2026-08-30T09:51:06.606177,73.0,,49.21,2.905,10.23,7.11,3.12,28.0,0,NOMINAL
VEH_4974,25,2026-08-30T09:52:11.606177,65.61,,47.52,2.88,10.23,7.5,2.73,29.5,0,NOMINAL
VEH_4974,26,2026-08-30T09:53:16.606177,66.88,45.18,48.55,3.144,16.09,13.11,2.98,31.0,0,NOMINAL
VEH_4974,27,2026-08-30T09:54:21.606177,70.69,44.66,49.59,2.711,17.45,13.89,3.56,28.0,0,NOMINAL
VEH_4974,28,2026-08-30T09:55:26.606177,71.22,,50.02,2.864,10.07,7.04,3.03,29.5,0,NOMINAL
VEH_4974,29,2026-08-30T09:56:31.606177,75.57,,50.25,2.665,10.72,7.81,2.91,31.0,0,NOMINAL
VEH_4974,30,2026-08-30T09:57:36.606177,65.07,,50.24,2.977,11.54,8.2,3.34,28.0,0,NOMINAL
VEH_4975,1,2026-08-30T09:27:26.606177,69.97,40.1,38.07,1.902,17.63,17.21,0.42,34.3,0,NOMINAL
VEH_4975,2,2026-08-30T09:28:31.606177,69.94,40.38,38.08,1.701,18.42,18.09,0.33,34.6,0,NOMINAL
VEH_4975,3,2026-08-30T09:29:36.606177,73.58,,39.28,1.797,12.43,11.74,0.69,34.9,0,NOMINAL
VEH_4975,4,2026-08-30T09:30:41.606177,73.07,,40.12,2.04,13.29,12.61,0.68,35.2,0,NOMINAL
VEH_4975,5,2026-08-30T09:31:46.606177,64.81,,39.94,1.913,13.77,13.1,0.67,35.5,0,NOMINAL
VEH_4975,6,2026-08-30T09:32:51.606177,67.63,,41.6,2.1,12.46,11.58,0.88,35.8,0,NOMINAL
VEH_4975,7,2026-08-30T09:33:56.606177,69.88,43.05,39.04,2.091,17.85,17.29,0.56,36.1,0,NOMINAL
VEH_4975,8,2026-08-30T09:35:01.606177,74.13,40.07,42.34,2.363,18.88,18.17,0.71,36.4,0,NOMINAL
VEH_4975,9,2026-08-30T09:36:06.606177,75.19,,40.64,2.127,12.41,11.81,0.6,36.7,0,NOMINAL
VEH_4975,10,2026-08-30T09:37:11.606177,64.79,,41.64,2.231,12.99,12.3,0.69,37.0,0,NOMINAL
VEH_4975,11,2026-08-30T09:38:16.606177,68.16,,42.92,2.349,13.56,12.78,0.78,48.0,0,NOMINAL
VEH_4975,12,2026-08-30T09:39:21.606177,68.17,,44.13,2.175,10.68,10.16,0.52,48.0,0,NOMINAL
VEH_4975,13,2026-08-30T09:40:26.606177,73.19,,43.29,2.291,11.95,11.14,0.81,38.0,0,NOMINAL
VEH_4975,14,2026-08-30T09:41:31.606177,75.58,39.75,44.61,2.395,18.96,18.24,0.72,38.2,0,NOMINAL
VEH_4975,15,2026-08-30T09:42:36.606177,62.29,,44.1,2.232,13.54,12.7,0.84,38.0,0,NOMINAL
VEH_4975,16,2026-08-30T09:43:41.606177,68.47,,45.62,2.29,11.25,10.08,1.17,38.0,0,NOMINAL
VEH_4975,17,2026-08-30T09:44:46.606177,69.88,,44.83,2.574,13.33,11.06,2.27,60.0,0,NOMINAL
VEH_4975,18,2026-08-30T09:45:51.606177,73.89,,45.97,2.33,13.27,12.04,1.23,38.0,0,NOMINAL
VEH_4975,19,2026-08-30T09:46:56.606177,74.21,,46.94,2.52,11.8,9.21,2.59,29.5,0,NOMINAL
VEH_4975,20,2026-08-30T09:48:01.606177,64.11,,47.03,2.272,9.18,6.8,2.38,31.0,0,NOMINAL
VEH_4975,21,2026-08-30T09:49:06.606177,70.2,,47.66,2.564,10.61,7.58,3.03,28.0,0,NOMINAL
VEH_4975,22,2026-08-30T09:50:11.606177,71.7,,47.91,2.592,11.17,8.36,2.81,29.5,0,NOMINAL
VEH_4975,23,2026-08-30T09:51:16.606177,71.78,,47.04,2.529,11.52,9.14,2.38,31.0,0,NOMINAL
VEH_4975,24,2026-08-30T09:52:21.606177,76.48,,47.51,2.716,10.08,7.11,2.97,28.0,0,NOMINAL
VEH_4975,25,2026-08-30T09:53:26.606177,65.25,,46.09,2.627,10.0,7.5,2.5,29.5,0,NOMINAL
VEH_4975,26,2026-08-30T09:54:31.606177,66.33,40.94,47.19,2.445,15.38,13.11,2.27,31.0,0,NOMINAL
VEH_4975,27,2026-08-30T09:55:36.606177,69.73,38.53,47.73,2.668,16.44,13.89,2.55,28.0,0,NOMINAL
VEH_4975,28,2026-08-30T09:56:41.606177,70.57,,49.67,2.507,10.0,7.04,2.96,29.5,0,NOMINAL
VEH_4975,29,2026-08-30T09:57:46.606177,75.13,,49.87,2.52,10.65,7.81,2.84,31.0,0,NOMINAL
VEH_4975,30,2026-08-30T09:58:51.606177,67.38,,50.51,2.585,11.65,8.2,3.45,28.0,0,NOMINAL
VEH_4976,1,2026-08-30T09:28:41.606177,68.01,41.02,38.05,1.981,17.68,17.21,0.47,34.3,0,NOMINAL
VEH_4976,2,2026-08-30T09:29:46.606177,67.31,41.24,38.72,2.268,18.54,18.09,0.45,34.6,0,NOMINAL
VEH_4976,3,2026-08-30T09:30:51.606177,72.53,,39.89,1.746,12.48,11.74,0.74,34.9,0,NOMINAL
VEH_4976,4,2026-08-30T09:31:56.606177,76.23,,40.61,2.216,13.46,12.61,0.85,35.2,0,NOMINAL
VEH_4976,5,2026-08-30T09:33:01.606177,64.11,,39.41,2.081,13.66,13.1,0.56,35.5,0,NOMINAL
VEH_4976,6,2026-08-30T09:34:06.606177,64.39,,41.3,2.19,12.31,11.58,0.73,35.8,0,NOMINAL
VEH_4976,7,2026-08-30T09:35:11.606177,68.42,44.34,39.49,1.984,18.02,17.29,0.73,36.1,0,NOMINAL
VEH_4976,8,2026-08-30T09:36:16.606177,72.93,43.79,41.44,2.373,19.14,18.17,0.97,36.4,0,NOMINAL
VEH_4976,9,2026-08-30T09:37:21.606177,74.45,,41.06,2.136,12.45,11.81,0.64,36.7,0,NOMINAL
VEH_4976,10,2026-08-30T09:38:26.606177,64.27,,42.5,2.206,13.11,12.3,0.81,37.0,0,NOMINAL
VEH_4976,11,2026-08-30T09:39:31.606177,68.04,,43.07,2.425,13.54,12.78,0.76,48.0,0,NOMINAL
VEH_4976,12,2026-08-30T09:40:36.606177,69.32,,42.07,2.488,11.03,10.16,0.87,48.0,0,NOMINAL
VEH_4976,13,2026-08-30T09:41:41.606177,73.45,,43.35,2.447,11.97,11.14,0.83,38.0,0,NOMINAL
VEH_4976,14,2026-08-30T09:42:46.606177,75.64,40.81,43.99,2.408,18.99,18.24,0.75,38.2,0,NOMINAL
VEH_4976,15,2026-08-30T09:43:51.606177,65.62,,42.61,2.477,13.42,12.7,0.72,38.0,0,NOMINAL
VEH_4976,16,2026-08-30T09:44:56.606177,68.11,,44.09,2.657,11.01,10.08,0.93,38.0,0,NOMINAL
VEH_4976,17,2026-08-30T09:46:01.606177,69.39,,44.0,2.651,13.44,11.06,2.38,60.0,0,NOMINAL
VEH_4976,18,2026-08-30T09:47:06.606177,74.09,,46.14,2.339,13.3,12.04,1.26,38.0,0,NOMINAL
VEH_4976,19,2026-08-30T09:48:11.606177,76.98,,45.13,2.485,11.62,9.21,2.41,29.5,0,NOMINAL
VEH_4976,20,2026-08-30T09:49:16.606177,65.52,,46.66,2.483,9.17,6.8,2.37,31.0,0,NOMINAL
VEH_4976,21,2026-08-30T09:50:21.606177,65.79,,45.5,2.501,10.15,7.58,2.57,28.0,0,NOMINAL
VEH_4976,22,2026-08-30T09:51:26.606177,71.22,,46.55,2.443,10.95,8.36,2.59,29.5,0,NOMINAL
VEH_4976,23,2026-08-30T09:52:31.606177,74.54,,47.23,2.534,11.63,9.14,2.49,31.0,0,NOMINAL
VEH_4976,24,2026-08-30T09:53:36.606177,75.03,,47.55,2.706,10.05,7.11,2.94,28.0,0,NOMINAL
VEH_4976,25,2026-08-30T09:54:41.606177,63.58,,47.66,2.708,10.18,7.5,2.68,29.5,0,NOMINAL
VEH_4976,26,2026-08-30T09:55:46.606177,68.33,41.38,47.69,2.92,15.57,13.11,2.46,31.0,0,NOMINAL
VEH_4976,27,2026-08-30T09:56:51.606177,69.38,42.81,48.59,2.716,17.05,13.89,3.16,28.0,0,NOMINAL
VEH_4976,28,2026-08-30T09:57:56.606177,73.13,,49.73,2.796,10.09,7.04,3.05,29.5,0,NOMINAL
VEH_4976,29,2026-08-30T09:59:01.606177,74.63,,48.49,2.573,10.43,7.81,2.62,31.0,0,NOMINAL
VEH_4976,30,2026-08-30T10:00:06.606177,62.79,,50.16,2.678,11.46,8.2,3.26,28.0,0,NOMINAL
VEH_4977,1,2026-08-30T09:29:56.606177,68.32,41.32,37.52,2.052,17.64,17.21,0.43,34.3,0,NOMINAL
VEH_4977,2,2026-08-30T09:31:01.606177,70.14,42.21,38.23,1.86,18.66,18.09,0.57,34.6,0,NOMINAL
VEH_4977,3,2026-08-30T09:32:06.606177,71.06,,39.66,1.942,12.41,11.74,0.67,34.9,0,NOMINAL
VEH_4977,4,2026-08-30T09:33:11.606177,110.07,,45.66,2.121,15.26,12.61,2.65,35.2,1,MICRO_STOPPAGE_PRESSURE_DROP
VEH_4977,5,2026-08-30T09:34:16.606177,67.47,,39.57,2.201,13.79,13.1,0.69,35.5,0,NOMINAL
VEH_4977,6,2026-08-30T09:35:21.606177,69.01,,40.71,2.326,12.36,11.58,0.78,35.8,0,NOMINAL
VEH_4977,7,2026-08-30T09:36:26.606177,69.37,41.37,41.75,2.154,18.04,17.29,0.75,36.1,0,NOMINAL
VEH_4977,8,2026-08-30T09:37:31.606177,71.49,40.69,40.4,2.054,18.58,18.17,0.41,36.4,0,NOMINAL
VEH_4977,9,2026-08-30T09:38:36.606177,74.1,,41.56,2.204,12.51,11.81,0.7,36.7,0,NOMINAL
VEH_4977,10,2026-08-30T09:39:41.606177,65.2,,43.22,2.176,13.24,12.3,0.94,37.0,0,NOMINAL
VEH_4977,11,2026-08-30T09:40:46.606177,69.35,,42.15,2.589,13.72,12.78,0.94,48.0,0,NOMINAL
VEH_4977,12,2026-08-30T09:41:51.606177,69.06,,43.89,2.284,10.75,10.16,0.59,48.0,0,NOMINAL
VEH_4977,13,2026-08-30T09:42:56.606177,74.65,,42.29,2.311,11.85,11.14,0.71,38.0,0,NOMINAL
VEH_4977,14,2026-08-30T09:44:01.606177,74.08,40.84,43.24,2.374,18.84,18.24,0.6,38.2,0,NOMINAL
VEH_4977,15,2026-08-30T09:45:06.606177,66.47,,44.27,2.625,13.69,12.7,0.99,38.0,0,NOMINAL
VEH_4977,16,2026-08-30T09:46:11.606177,67.46,,44.85,2.182,11.11,10.08,1.03,38.0,0,NOMINAL
VEH_4977,17,2026-08-30T09:47:16.606177,68.99,,45.23,2.48,13.24,11.06,2.18,60.0,0,NOMINAL
VEH_4977,18,2026-08-30T09:48:21.606177,73.37,,45.82,2.737,13.24,12.04,1.2,38.0,0,NOMINAL
VEH_4977,19,2026-08-30T09:49:26.606177,74.56,,47.14,2.308,11.84,9.21,2.63,29.5,0,NOMINAL
VEH_4977,20,2026-08-30T09:50:31.606177,64.67,,45.58,2.549,8.98,6.8,2.18,31.0,0,NOMINAL
VEH_4977,21,2026-08-30T09:51:36.606177,67.59,,46.4,2.818,10.34,7.58,2.76,28.0,0,NOMINAL
VEH_4977,22,2026-08-30T09:52:41.606177,70.46,,46.77,2.564,10.96,8.36,2.6,29.5,0,NOMINAL
VEH_4977,23,2026-08-30T09:53:46.606177,72.74,,45.41,2.653,11.3,9.14,2.16,31.0,0,NOMINAL
VEH_4977,24,2026-08-30T09:54:51.606177,75.81,,47.22,2.618,10.02,7.11,2.91,28.0,0,NOMINAL
VEH_4977,25,2026-08-30T09:55:56.606177,65.65,,47.79,2.731,10.27,7.5,2.77,29.5,0,NOMINAL
VEH_4977,26,2026-08-30T09:57:01.606177,67.19,40.66,49.26,2.753,15.69,13.11,2.58,31.0,0,NOMINAL
VEH_4977,27,2026-08-30T09:58:06.606177,69.42,42.26,48.76,2.55,17.01,13.89,3.12,28.0,0,NOMINAL
VEH_4977,28,2026-08-30T09:59:11.606177,72.84,,51.14,2.863,10.29,7.04,3.25,29.5,0,NOMINAL
VEH_4977,29,2026-08-30T10:00:16.606177,74.72,,49.23,2.597,10.54,7.81,2.73,31.0,0,NOMINAL
VEH_4977,30,2026-08-30T10:01:21.606177,65.07,,48.26,2.884,11.25,8.2,3.05,28.0,0,NOMINAL
VEH_4978,1,2026-08-30T09:31:11.606177,66.12,41.72,37.73,1.935,17.65,17.21,0.44,34.3,0,NOMINAL
VEH_4978,2,2026-08-30T09:32:16.606177,70.96,41.4,39.27,2.193,18.75,18.09,0.66,34.6,0,NOMINAL
VEH_4978,3,2026-08-30T09:33:21.606177,71.61,,37.27,1.983,12.06,11.74,0.32,34.9,0,NOMINAL
VEH_4978,4,2026-08-30T09:34:26.606177,74.09,,39.33,2.104,13.2,12.61,0.59,35.2,0,NOMINAL
VEH_4978,5,2026-08-30T09:35:31.606177,65.14,,39.57,1.968,13.72,13.1,0.62,35.5,0,NOMINAL
VEH_4978,6,2026-08-30T09:36:36.606177,67.77,,40.18,1.809,12.25,11.58,0.67,35.8,0,NOMINAL
VEH_4978,7,2026-08-30T09:37:41.606177,68.7,43.19,40.79,2.14,18.09,17.29,0.8,36.1,0,NOMINAL
VEH_4978,8,2026-08-30T09:38:46.606177,71.8,40.24,41.04,2.14,18.64,18.17,0.47,36.4,0,NOMINAL
VEH_4978,9,2026-08-30T09:39:51.606177,74.61,,42.28,2.206,12.64,11.81,0.83,36.7,0,NOMINAL
VEH_4978,10,2026-08-30T09:40:56.606177,66.11,,41.47,2.398,13.01,12.3,0.71,37.0,0,NOMINAL
VEH_4978,11,2026-08-30T09:42:01.606177,66.98,,42.19,2.292,13.64,12.78,0.86,48.0,0,NOMINAL
VEH_4978,12,2026-08-30T09:43:06.606177,70.21,,42.07,2.203,11.05,10.16,0.89,48.0,0,NOMINAL
VEH_4978,13,2026-08-30T09:44:11.606177,74.22,,43.51,2.708,12.02,11.14,0.88,38.0,0,NOMINAL
VEH_4978,14,2026-08-30T09:45:16.606177,75.24,42.32,43.02,2.477,19.01,18.24,0.77,38.2,0,NOMINAL
VEH_4978,15,2026-08-30T09:46:21.606177,63.04,,44.13,2.548,13.56,12.7,0.86,38.0,0,NOMINAL
VEH_4978,16,2026-08-30T09:47:26.606177,70.01,,45.83,2.567,11.33,10.08,1.25,38.0,0,NOMINAL
VEH_4978,17,2026-08-30T09:48:31.606177,71.04,,45.25,2.731,13.3,11.06,2.24,60.0,0,NOMINAL
VEH_4978,18,2026-08-30T09:49:36.606177,72.73,,46.07,2.604,13.25,12.04,1.21,38.0,0,NOMINAL
VEH_4978,19,2026-08-30T09:50:41.606177,75.15,,46.29,2.191,11.74,9.21,2.53,29.5,0,NOMINAL
VEH_4978,20,2026-08-30T09:51:46.606177,64.84,,46.35,2.671,9.1,6.8,2.3,31.0,0,NOMINAL
VEH_4978,21,2026-08-30T09:52:51.606177,67.56,,47.28,2.698,10.48,7.58,2.9,28.0,0,NOMINAL
VEH_4978,22,2026-08-30T09:53:56.606177,70.39,,48.26,2.667,11.18,8.36,2.82,29.5,0,NOMINAL
VEH_4978,23,2026-08-30T09:55:01.606177,76.09,,46.5,2.248,11.57,9.14,2.43,31.0,0,NOMINAL
VEH_4978,24,2026-08-30T09:56:06.606177,74.37,,48.32,2.476,10.14,7.11,3.03,28.0,0,NOMINAL
VEH_4978,25,2026-08-30T09:57:11.606177,64.62,,48.68,2.865,10.37,7.5,2.87,29.5,0,NOMINAL
VEH_4978,26,2026-08-30T09:58:16.606177,68.3,40.62,48.53,2.746,15.61,13.11,2.5,31.0,0,NOMINAL
VEH_4978,27,2026-08-30T09:59:21.606177,68.02,42.04,49.7,2.676,17.09,13.89,3.2,28.0,0,NOMINAL
VEH_4978,28,2026-08-30T10:00:26.606177,70.82,,49.57,2.853,9.99,7.04,2.95,29.5,0,NOMINAL
VEH_4978,29,2026-08-30T10:01:31.606177,75.22,,50.1,2.678,10.69,7.81,2.88,31.0,0,NOMINAL
VEH_4978,30,2026-08-30T10:02:36.606177,65.69,,49.41,2.784,11.44,8.2,3.24,28.0,0,NOMINAL
VEH_4979,1,2026-08-30T09:32:26.606177,67.06,42.22,38.04,2.004,17.78,17.21,0.57,34.3,0,NOMINAL
VEH_4979,2,2026-08-30T09:33:31.606177,69.02,40.15,38.7,2.127,18.46,18.09,0.37,34.6,0,NOMINAL
VEH_4979,3,2026-08-30T09:34:36.606177,73.02,,39.05,2.234,12.37,11.74,0.63,34.9,0,NOMINAL
VEH_4979,4,2026-08-30T09:35:41.606177,76.45,,39.96,2.281,13.37,12.61,0.76,35.2,0,NOMINAL
VEH_4979,5,2026-08-30T09:36:46.606177,66.0,,40.18,1.868,13.84,13.1,0.74,35.5,0,NOMINAL
VEH_4979,6,2026-08-30T09:37:51.606177,67.6,,40.58,2.199,12.3,11.58,0.72,35.8,0,NOMINAL
VEH_4979,7,2026-08-30T09:38:56.606177,69.54,41.67,39.81,2.029,17.79,17.29,0.5,36.1,0,NOMINAL
VEH_4979,8,2026-08-30T09:40:01.606177,72.52,41.31,40.06,2.251,18.64,18.17,0.47,36.4,0,NOMINAL
VEH_4979,9,2026-08-30T09:41:06.606177,76.1,,41.25,2.131,12.53,11.81,0.72,36.7,0,NOMINAL
VEH_4979,10,2026-08-30T09:42:11.606177,65.73,,41.45,2.041,12.99,12.3,0.69,37.0,0,NOMINAL
VEH_4979,11,2026-08-30T09:43:16.606177,67.4,,42.36,2.316,13.62,12.78,0.84,48.0,0,NOMINAL
VEH_4979,12,2026-08-30T09:44:21.606177,70.24,,44.47,2.038,10.7,10.16,0.54,48.0,0,NOMINAL
VEH_4979,13,2026-08-30T09:45:26.606177,73.63,,41.89,2.38,11.75,11.14,0.61,38.0,0,NOMINAL
VEH_4979,14,2026-08-30T09:46:31.606177,75.44,42.39,44.36,2.318,19.23,18.24,0.99,38.2,0,NOMINAL
VEH_4979,15,2026-08-30T09:47:36.606177,66.06,,45.49,2.734,13.86,12.7,1.16,38.0,0,NOMINAL
VEH_4979,16,2026-08-30T09:48:41.606177,69.2,,45.47,2.522,11.25,10.08,1.17,38.0,0,NOMINAL
VEH_4979,17,2026-08-30T09:49:46.606177,69.02,,44.79,2.727,13.31,11.06,2.25,60.0,0,NOMINAL
VEH_4979,18,2026-08-30T09:50:51.606177,71.86,,45.45,2.593,13.13,12.04,1.09,38.0,0,NOMINAL
VEH_4979,19,2026-08-30T09:51:56.606177,71.06,,44.87,2.799,11.4,9.21,2.19,29.5,0,NOMINAL
VEH_4979,20,2026-08-30T09:53:01.606177,66.25,,45.54,2.762,9.02,6.8,2.22,31.0,0,NOMINAL
VEH_4979,21,2026-08-30T09:54:06.606177,67.61,,47.24,2.736,10.47,7.58,2.89,28.0,0,NOMINAL
VEH_4979,22,2026-08-30T09:55:11.606177,70.59,,46.72,2.536,10.96,8.36,2.6,29.5,0,NOMINAL
VEH_4979,23,2026-08-30T09:56:16.606177,72.6,,45.63,2.724,11.33,9.14,2.19,31.0,0,NOMINAL
VEH_4979,24,2026-08-30T09:57:21.606177,73.83,,46.92,2.609,9.91,7.11,2.8,28.0,0,NOMINAL
VEH_4979,25,2026-08-30T09:58:26.606177,65.31,,48.26,2.695,10.33,7.5,2.83,29.5,0,NOMINAL
VEH_4979,26,2026-08-30T09:59:31.606177,67.97,41.22,47.6,2.468,15.53,13.11,2.42,31.0,0,NOMINAL
VEH_4979,27,2026-08-30T10:00:36.606177,72.92,40.84,48.42,2.922,16.91,13.89,3.02,28.0,0,NOMINAL
VEH_4979,28,2026-08-30T10:01:41.606177,72.91,,49.69,2.815,10.08,7.04,3.04,29.5,0,NOMINAL
VEH_4979,29,2026-08-30T10:02:46.606177,75.05,,50.14,2.586,10.68,7.81,2.87,31.0,0,NOMINAL
VEH_4979,30,2026-08-30T10:03:51.606177,66.75,,50.62,2.909,11.65,8.2,3.45,28.0,0,NOMINAL
VEH_4980,1,2026-08-30T09:33:41.606177,66.58,39.6,38.99,1.932,17.61,17.21,0.4,34.3,0,NOMINAL
VEH_4980,2,2026-08-30T09:34:46.606177,69.31,39.88,39.57,1.925,18.57,18.09,0.48,34.6,0,NOMINAL
VEH_4980,3,2026-08-30T09:35:51.606177,70.91,,39.57,2.346,12.39,11.74,0.65,34.9,0,NOMINAL
VEH_4980,4,2026-08-30T09:36:56.606177,100.74,,44.47,1.804,14.8,12.61,2.19,35.2,1,MICRO_STOPPAGE_PRESSURE_DROP
VEH_4980,5,2026-08-30T09:38:01.606177,65.21,,39.62,2.142,13.73,13.1,0.63,35.5,0,NOMINAL
VEH_4980,6,2026-08-30T09:39:06.606177,68.42,,40.01,1.968,12.24,11.58,0.66,35.8,0,NOMINAL
VEH_4980,7,2026-08-30T09:40:11.606177,69.61,38.74,40.68,2.053,17.59,17.29,0.3,36.1,0,NOMINAL
VEH_4980,8,2026-08-30T09:41:16.606177,72.57,39.64,41.27,2.015,18.63,18.17,0.46,36.4,0,NOMINAL
VEH_4980,9,2026-08-30T09:42:21.606177,75.17,,40.59,1.974,12.4,11.81,0.59,36.7,0,NOMINAL
VEH_4980,10,2026-08-30T09:43:26.606177,67.13,,43.02,2.109,13.27,12.3,0.97,37.0,0,NOMINAL
VEH_4980,11,2026-08-30T09:44:31.606177,66.56,,41.04,2.577,13.8,12.78,1.02,48.0,0,NOMINAL
VEH_4980,12,2026-08-30T09:45:36.606177,69.84,,42.94,2.15,10.91,10.16,0.75,48.0,0,NOMINAL
VEH_4980,13,2026-08-30T09:46:41.606177,74.03,,43.31,2.227,11.98,11.14,0.84,38.0,0,NOMINAL
VEH_4980,14,2026-08-30T09:47:46.606177,75.58,40.45,42.86,2.159,18.78,18.24,0.54,38.2,0,NOMINAL
VEH_4980,15,2026-08-30T09:48:51.606177,64.97,,44.19,2.262,13.63,12.7,0.93,38.0,0,NOMINAL
VEH_4980,16,2026-08-30T09:49:56.606177,67.03,,43.15,2.473,10.84,10.08,0.76,38.0,0,NOMINAL
VEH_4980,17,2026-08-30T09:51:01.606177,69.41,,44.17,2.492,13.41,11.06,2.35,60.0,0,NOMINAL
VEH_4980,18,2026-08-30T09:52:06.606177,71.62,,44.24,2.502,12.94,12.04,0.9,38.0,0,NOMINAL
VEH_4980,19,2026-08-30T09:53:11.606177,74.42,,46.36,2.573,11.72,9.21,2.51,29.5,0,NOMINAL
VEH_4980,20,2026-08-30T09:54:16.606177,63.67,,45.57,2.533,8.95,6.8,2.15,31.0,0,NOMINAL
VEH_4980,21,2026-08-30T09:55:21.606177,66.28,,46.72,2.457,10.35,7.58,2.77,28.0,0,NOMINAL
VEH_4980,22,2026-08-30T09:56:26.606177,72.42,,47.06,2.286,11.07,8.36,2.71,29.5,0,NOMINAL
VEH_4980,23,2026-08-30T09:57:31.606177,72.63,,47.61,2.715,11.63,9.14,2.49,31.0,0,NOMINAL
VEH_4980,24,2026-08-30T09:58:36.606177,72.99,,48.54,2.761,10.13,7.11,3.02,28.0,0,NOMINAL
VEH_4980,25,2026-08-30T09:59:41.606177,64.04,,47.45,2.482,10.17,7.5,2.67,29.5,0,NOMINAL
VEH_4980,26,2026-08-30T10:00:46.606177,67.09,39.1,49.17,2.709,15.49,13.11,2.38,31.0,0,NOMINAL
VEH_4980,27,2026-08-30T10:01:51.606177,69.13,41.99,48.95,2.872,17.0,13.89,3.11,28.0,0,NOMINAL
VEH_4980,28,2026-08-30T10:02:56.606177,74.54,,48.89,2.92,10.01,7.04,2.97,29.5,0,NOMINAL
VEH_4980,29,2026-08-30T10:04:01.606177,73.02,,49.59,2.899,10.54,7.81,2.73,31.0,0,NOMINAL
VEH_4980,30,2026-08-30T10:05:06.606177,65.8,,49.74,2.78,11.49,8.2,3.29,28.0,0,NOMINAL
VEH_4981,1,2026-08-30T09:34:56.606177,67.05,40.78,37.18,1.88,17.49,17.21,0.28,34.3,0,NOMINAL
VEH_4981,2,2026-08-30T09:36:01.606177,68.8,40.21,38.0,2.121,18.36,18.09,0.27,34.6,0,NOMINAL
VEH_4981,3,2026-08-30T09:37:06.606177,72.43,,39.96,1.987,12.49,11.74,0.75,34.9,0,NOMINAL
VEH_4981,4,2026-08-30T09:38:11.606177,73.2,,39.4,2.145,13.19,12.61,0.58,35.2,0,NOMINAL
VEH_4981,5,2026-08-30T09:39:16.606177,64.81,,38.76,2.025,13.59,13.1,0.49,35.5,0,NOMINAL
VEH_4981,6,2026-08-30T09:40:21.606177,66.72,,39.88,2.021,12.17,11.58,0.59,35.8,0,NOMINAL
VEH_4981,7,2026-08-30T09:41:26.606177,69.54,37.03,42.08,2.252,17.6,17.29,0.31,36.1,0,NOMINAL
VEH_4981,8,2026-08-30T09:42:31.606177,73.89,39.58,40.02,2.126,18.47,18.17,0.3,36.4,0,NOMINAL
VEH_4981,9,2026-08-30T09:43:36.606177,74.12,,40.34,1.947,12.33,11.81,0.52,36.7,0,NOMINAL
VEH_4981,10,2026-08-30T09:44:41.606177,65.15,,42.67,2.09,13.16,12.3,0.86,37.0,0,NOMINAL
VEH_4981,11,2026-08-30T09:45:46.606177,65.07,,41.68,2.36,13.65,12.78,0.87,48.0,0,NOMINAL
VEH_4981,12,2026-08-30T09:46:51.606177,69.27,,41.99,2.145,11.04,10.16,0.88,48.0,0,NOMINAL
VEH_4981,13,2026-08-30T09:47:56.606177,71.55,,43.18,2.429,11.88,11.14,0.74,38.0,0,NOMINAL
VEH_4981,14,2026-08-30T09:49:01.606177,75.14,39.57,43.12,2.321,18.7,18.24,0.46,38.2,0,NOMINAL
VEH_4981,15,2026-08-30T09:50:06.606177,63.75,,43.13,2.061,13.44,12.7,0.74,38.0,0,NOMINAL
VEH_4981,16,2026-08-30T09:51:11.606177,66.64,,45.22,2.531,11.14,10.08,1.06,38.0,0,NOMINAL
VEH_4981,17,2026-08-30T09:52:16.606177,69.6,,43.56,2.297,13.51,11.06,2.45,60.0,0,NOMINAL
VEH_4981,18,2026-08-30T09:53:21.606177,71.95,,46.71,2.589,13.32,12.04,1.28,38.0,0,NOMINAL
VEH_4981,19,2026-08-30T09:54:26.606177,74.47,,44.05,2.657,11.38,9.21,2.17,29.5,0,NOMINAL
VEH_4981,20,2026-08-30T09:55:31.606177,65.88,,44.75,2.709,8.89,6.8,2.09,31.0,0,NOMINAL
VEH_4981,21,2026-08-30T09:56:36.606177,66.89,,46.15,2.712,10.28,7.58,2.7,28.0,0,NOMINAL
VEH_4981,22,2026-08-30T09:57:41.606177,69.78,,45.28,2.45,10.72,8.36,2.36,29.5,0,NOMINAL
VEH_4981,23,2026-08-30T09:58:46.606177,72.99,,47.68,2.764,11.65,9.14,2.51,31.0,0,NOMINAL
VEH_4981,24,2026-08-30T09:59:51.606177,76.67,,48.74,2.587,10.27,7.11,3.16,28.0,0,NOMINAL
VEH_4981,25,2026-08-30T10:00:56.606177,67.12,,48.1,2.494,10.36,7.5,2.86,29.5,0,NOMINAL
VEH_4981,26,2026-08-30T10:02:01.606177,67.04,40.62,48.29,2.448,15.53,13.11,2.42,31.0,0,NOMINAL
VEH_4981,27,2026-08-30T10:03:06.606177,69.55,40.34,47.7,2.529,16.64,13.89,2.75,28.0,0,NOMINAL
VEH_4981,28,2026-08-30T10:04:11.606177,72.8,,49.27,2.567,10.01,7.04,2.97,29.5,0,NOMINAL
VEH_4981,29,2026-08-30T10:05:16.606177,76.24,,50.15,2.515,10.72,7.81,2.91,31.0,0,NOMINAL
VEH_4981,30,2026-08-30T10:06:21.606177,64.8,,51.19,3.051,11.68,8.2,3.48,28.0,0,NOMINAL
VEH_4982,1,2026-08-30T09:36:11.606177,66.58,44.61,40.25,1.803,18.38,17.21,1.17,34.3,0,NOMINAL
VEH_4982,2,2026-08-30T09:37:16.606177,69.89,45.34,38.26,2.123,19.02,18.09,0.93,34.6,0,NOMINAL
VEH_4982,3,2026-08-30T09:38:21.606177,71.72,,38.45,2.165,12.24,11.74,0.5,34.9,0,NOMINAL
VEH_4982,4,2026-08-30T09:39:26.606177,77.43,,40.13,2.135,13.43,12.61,0.82,35.2,0,NOMINAL
VEH_4982,5,2026-08-30T09:40:31.606177,64.64,,39.88,2.343,13.75,13.1,0.65,35.5,0,NOMINAL
VEH_4982,6,2026-08-30T09:41:36.606177,67.33,,40.89,2.121,12.34,11.58,0.76,35.8,0,NOMINAL
VEH_4982,7,2026-08-30T09:42:41.606177,69.07,46.04,39.26,2.193,18.2,17.29,0.91,36.1,0,NOMINAL
VEH_4982,8,2026-08-30T09:43:46.606177,72.74,43.8,40.72,2.412,19.03,18.17,0.86,36.4,0,NOMINAL
VEH_4982,9,2026-08-30T09:44:51.606177,73.79,,41.47,2.09,12.49,11.81,0.68,36.7,0,NOMINAL
VEH_4982,10,2026-08-30T09:45:56.606177,64.05,,42.98,2.332,13.17,12.3,0.87,37.0,0,NOMINAL
VEH_4982,11,2026-08-30T09:47:01.606177,66.66,,42.71,2.723,13.55,12.78,0.77,48.0,0,NOMINAL
VEH_4982,12,2026-08-30T09:48:06.606177,68.34,,42.24,2.363,10.97,10.16,0.81,48.0,0,NOMINAL
VEH_4982,13,2026-08-30T09:49:11.606177,72.92,,43.65,2.432,12.0,11.14,0.86,38.0,0,NOMINAL
VEH_4982,14,2026-08-30T09:50:16.606177,75.76,45.14,44.26,2.511,19.54,18.24,1.3,38.2,0,NOMINAL
VEH_4982,15,2026-08-30T09:51:21.606177,65.28,,43.1,2.594,13.48,12.7,0.78,38.0,0,NOMINAL
VEH_4982,16,2026-08-30T09:52:26.606177,65.06,,44.55,2.627,10.99,10.08,0.91,38.0,0,NOMINAL
VEH_4982,17,2026-08-30T09:53:31.606177,68.97,,45.43,2.653,13.21,11.06,2.15,60.0,0,NOMINAL
VEH_4982,18,2026-08-30T09:54:36.606177,74.96,,45.53,2.886,13.24,12.04,1.2,38.0,0,NOMINAL
VEH_4982,19,2026-08-30T09:55:41.606177,74.68,,45.02,2.738,11.53,9.21,2.32,29.5,0,NOMINAL
VEH_4982,20,2026-08-30T09:56:46.606177,66.7,,46.56,2.581,9.19,6.8,2.39,31.0,0,NOMINAL
VEH_4982,21,2026-08-30T09:57:51.606177,67.99,,47.66,2.662,10.54,7.58,2.96,28.0,0,NOMINAL
VEH_4982,22,2026-08-30T09:58:56.606177,69.86,,46.28,3.155,10.87,8.36,2.51,29.5,0,NOMINAL
VEH_4982,23,2026-08-30T10:00:01.606177,75.08,,46.99,2.892,11.61,9.14,2.47,31.0,0,NOMINAL
VEH_4982,24,2026-08-30T10:01:06.606177,74.41,,48.63,2.728,10.19,7.11,3.08,28.0,0,NOMINAL
VEH_4982,25,2026-08-30T10:02:11.606177,65.9,,48.49,2.898,10.38,7.5,2.88,29.5,0,NOMINAL
VEH_4982,26,2026-08-30T10:03:16.606177,68.81,44.57,48.23,2.703,16.03,13.11,2.92,31.0,0,NOMINAL
VEH_4982,27,2026-08-30T10:04:21.606177,69.07,42.96,49.17,2.843,17.15,13.89,3.26,28.0,0,NOMINAL
VEH_4982,28,2026-08-30T10:05:26.606177,73.52,,49.22,2.877,10.02,7.04,2.98,29.5,0,NOMINAL
VEH_4982,29,2026-08-30T10:06:31.606177,74.65,,50.46,2.896,10.72,7.81,2.91,31.0,0,NOMINAL
VEH_4982,30,2026-08-30T10:07:36.606177,66.71,,49.99,3.196,11.56,8.2,3.36,28.0,0,NOMINAL
VEH_4983,1,2026-08-30T09:37:26.606177,68.63,43.37,37.26,2.326,17.85,17.21,0.64,34.3,0,NOMINAL
VEH_4983,2,2026-08-30T09:38:31.606177,69.7,45.67,39.28,2.204,19.2,18.09,1.11,34.6,0,NOMINAL
VEH_4983,3,2026-08-30T09:39:36.606177,72.01,,40.1,2.196,12.5,11.74,0.76,34.9,0,NOMINAL
VEH_4983,4,2026-08-30T09:40:41.606177,76.64,,39.37,2.417,13.29,12.61,0.68,35.2,0,NOMINAL
VEH_4983,5,2026-08-30T09:41:46.606177,64.7,,39.82,2.158,13.74,13.1,0.64,35.5,0,NOMINAL
VEH_4983,6,2026-08-30T09:42:51.606177,70.1,,41.3,2.313,12.49,11.58,0.91,35.8,0,NOMINAL
VEH_4983,7,2026-08-30T09:43:56.606177,70.29,44.7,41.24,2.146,18.38,17.29,1.09,36.1,0,NOMINAL
VEH_4983,8,2026-08-30T09:45:01.606177,71.4,43.41,41.5,2.57,19.06,18.17,0.89,36.4,0,NOMINAL
VEH_4983,9,2026-08-30T09:46:06.606177,73.01,,41.75,2.049,12.51,11.81,0.7,36.7,0,NOMINAL
VEH_4983,10,2026-08-30T09:47:11.606177,65.83,,41.51,2.942,13.01,12.3,0.71,37.0,0,NOMINAL
VEH_4983,11,2026-08-30T09:48:16.606177,67.72,,40.89,2.583,13.85,12.78,1.07,48.0,0,NOMINAL
VEH_4983,12,2026-08-30T09:49:21.606177,71.65,,43.86,2.416,10.83,10.16,0.67,48.0,0,NOMINAL
VEH_4983,13,2026-08-30T09:50:26.606177,71.04,,42.5,2.467,11.77,11.14,0.63,38.0,0,NOMINAL
VEH_4983,14,2026-08-30T09:51:31.606177,74.54,41.8,43.57,2.628,19.01,18.24,0.77,38.2,0,NOMINAL
VEH_4983,15,2026-08-30T09:52:36.606177,65.26,,42.86,2.549,13.44,12.7,0.74,38.0,0,NOMINAL
VEH_4983,16,2026-08-30T09:53:41.606177,67.04,,45.45,2.74,11.19,10.08,1.11,38.0,0,NOMINAL
VEH_4983,17,2026-08-30T09:54:46.606177,69.0,,46.0,2.46,13.13,11.06,2.07,60.0,0,NOMINAL
VEH_4983,18,2026-08-30T09:55:51.606177,72.92,,44.41,2.649,13.01,12.04,0.97,38.0,0,NOMINAL
VEH_4983,19,2026-08-30T09:56:56.606177,72.96,,43.47,2.521,11.24,9.21,2.03,29.5,0,NOMINAL
VEH_4983,20,2026-08-30T09:58:01.606177,66.65,,46.8,2.806,9.22,6.8,2.42,31.0,0,NOMINAL
VEH_4983,21,2026-08-30T09:59:06.606177,67.05,,46.34,2.55,10.32,7.58,2.74,28.0,0,NOMINAL
VEH_4983,22,2026-08-30T10:00:11.606177,68.86,,46.82,2.885,10.92,8.36,2.56,29.5,0,NOMINAL
VEH_4983,23,2026-08-30T10:01:16.606177,72.62,,45.56,2.927,11.32,9.14,2.18,31.0,0,NOMINAL
VEH_4983,24,2026-08-30T10:02:21.606177,75.31,,48.04,2.726,10.13,7.11,3.02,28.0,0,NOMINAL
VEH_4983,25,2026-08-30T10:03:26.606177,62.84,,48.59,2.937,10.3,7.5,2.8,29.5,0,NOMINAL
VEH_4983,26,2026-08-30T10:04:31.606177,66.01,46.0,45.7,2.664,15.73,13.11,2.62,31.0,0,NOMINAL
VEH_4983,27,2026-08-30T10:05:36.606177,69.73,43.18,49.19,2.972,17.19,13.89,3.3,28.0,0,NOMINAL
VEH_4983,28,2026-08-30T10:06:41.606177,71.86,,49.81,2.616,10.06,7.04,3.02,29.5,0,NOMINAL
VEH_4983,29,2026-08-30T10:07:46.606177,74.31,,49.26,3.02,10.53,7.81,2.72,31.0,0,NOMINAL
VEH_4983,30,2026-08-30T10:08:51.606177,64.4,,50.63,2.979,11.58,8.2,3.38,28.0,0,NOMINAL
VEH_4984,1,2026-08-30T09:38:41.606177,68.4,43.41,36.41,1.974,17.72,17.21,0.51,34.3,0,NOMINAL
VEH_4984,2,2026-08-30T09:39:46.606177,68.22,44.61,39.52,2.085,19.07,18.09,0.98,34.6,0,NOMINAL
VEH_4984,3,2026-08-30T09:40:51.606177,71.29,,40.28,2.312,12.51,11.74,0.77,34.9,0,NOMINAL
VEH_4984,4,2026-08-30T09:41:56.606177,74.95,,39.46,1.893,13.25,12.61,0.64,35.2,0,NOMINAL
VEH_4984,5,2026-08-30T09:43:01.606177,63.79,,40.25,2.141,13.78,13.1,0.68,35.5,0,NOMINAL
VEH_4984,6,2026-08-30T09:44:06.606177,68.63,,40.64,2.073,12.34,11.58,0.76,35.8,0,NOMINAL
VEH_4984,7,2026-08-30T09:45:11.606177,70.53,42.09,41.05,2.228,18.06,17.29,0.77,36.1,0,NOMINAL
VEH_4984,8,2026-08-30T09:46:16.606177,73.65,43.9,41.09,2.003,19.12,18.17,0.95,36.4,0,NOMINAL
VEH_4984,9,2026-08-30T09:47:21.606177,74.75,,39.98,2.372,12.3,11.81,0.49,36.7,0,NOMINAL
VEH_4984,10,2026-08-30T09:48:26.606177,65.93,,42.22,2.28,13.12,12.3,0.82,37.0,0,NOMINAL
VEH_4984,11,2026-08-30T09:49:31.606177,67.18,,41.89,2.336,13.69,12.78,0.91,48.0,0,NOMINAL
VEH_4984,12,2026-08-30T09:50:36.606177,69.54,,43.0,2.502,10.89,10.16,0.73,48.0,0,NOMINAL
VEH_4984,13,2026-08-30T09:51:41.606177,71.77,,42.56,2.529,11.8,11.14,0.66,38.0,0,NOMINAL
VEH_4984,14,2026-08-30T09:52:46.606177,74.61,43.91,45.43,2.43,19.53,18.24,1.29,38.2,0,NOMINAL
VEH_4984,15,2026-08-30T09:53:51.606177,66.01,,45.48,2.242,13.86,12.7,1.16,38.0,0,NOMINAL
VEH_4984,16,2026-08-30T09:54:56.606177,65.95,,45.71,2.436,11.19,10.08,1.11,38.0,0,NOMINAL
VEH_4984,17,2026-08-30T09:56:01.606177,67.51,,43.99,2.317,13.38,11.06,2.32,60.0,0,NOMINAL
VEH_4984,18,2026-08-30T09:57:06.606177,71.46,,45.07,2.501,13.06,12.04,1.02,38.0,0,NOMINAL
VEH_4984,19,2026-08-30T09:58:11.606177,74.38,,46.87,2.817,11.8,9.21,2.59,29.5,0,NOMINAL
VEH_4984,20,2026-08-30T09:59:16.606177,67.0,,46.74,2.87,9.23,6.8,2.43,31.0,0,NOMINAL
VEH_4984,21,2026-08-30T10:00:21.606177,66.86,,48.19,2.326,10.59,7.58,3.01,28.0,0,NOMINAL
VEH_4984,22,2026-08-30T10:01:26.606177,70.69,,47.0,2.818,11.0,8.36,2.64,29.5,0,NOMINAL
VEH_4984,23,2026-08-30T10:02:31.606177,72.17,,46.34,2.849,11.43,9.14,2.29,31.0,0,NOMINAL
VEH_4984,24,2026-08-30T10:03:36.606177,76.56,,48.29,3.073,10.2,7.11,3.09,28.0,0,NOMINAL
VEH_4984,25,2026-08-30T10:04:41.606177,63.61,,48.63,2.444,10.33,7.5,2.83,29.5,0,NOMINAL
VEH_4984,26,2026-08-30T10:05:46.606177,68.8,42.86,50.22,2.819,16.13,13.11,3.02,31.0,0,NOMINAL
VEH_4984,27,2026-08-30T10:06:51.606177,72.18,42.66,49.07,2.845,17.19,13.89,3.3,28.0,0,NOMINAL
VEH_4984,28,2026-08-30T10:07:56.606177,73.77,,48.54,2.709,9.93,7.04,2.89,29.5,0,NOMINAL
VEH_4984,29,2026-08-30T10:09:01.606177,73.83,,51.24,2.991,10.81,7.81,3.0,31.0,0,NOMINAL
VEH_4984,30,2026-08-30T10:10:06.606177,67.65,,50.93,3.081,11.73,8.2,3.53,28.0,0,NOMINAL
VEH_4985,1,2026-08-30T09:39:56.606177,67.49,38.73,38.08,1.652,17.4,17.21,0.19,34.3,0,NOMINAL
VEH_4985,2,2026-08-30T09:41:01.606177,72.06,39.29,39.45,1.535,18.57,18.09,0.48,34.6,0,NOMINAL
VEH_4985,3,2026-08-30T09:42:06.606177,71.27,,41.49,1.834,12.69,11.74,0.95,34.9,0,NOMINAL
VEH_4985,4,2026-08-30T09:43:11.606177,74.27,,39.72,2.043,13.27,12.61,0.66,35.2,0,NOMINAL
VEH_4985,5,2026-08-30T09:44:16.606177,66.04,,41.23,1.9,14.0,13.1,0.9,35.5,0,NOMINAL
VEH_4985,6,2026-08-30T09:45:21.606177,66.56,,40.19,2.041,12.21,11.58,0.63,35.8,0,NOMINAL
VEH_4985,7,2026-08-30T09:46:26.606177,69.45,39.07,41.19,2.03,17.7,17.29,0.41,36.1,0,NOMINAL
VEH_4985,8,2026-08-30T09:47:31.606177,70.14,39.96,42.03,2.288,18.7,18.17,0.53,36.4,0,NOMINAL
VEH_4985,9,2026-08-30T09:48:36.606177,76.82,,40.9,2.021,12.5,11.81,0.69,36.7,0,NOMINAL
VEH_4985,10,2026-08-30T09:49:41.606177,64.64,,42.08,2.181,13.06,12.3,0.76,37.0,0,NOMINAL
VEH_4985,11,2026-08-30T09:50:46.606177,65.76,,43.61,2.383,13.39,12.78,0.61,48.0,0,NOMINAL
VEH_4985,12,2026-08-30T09:51:51.606177,69.69,,43.08,2.132,10.89,10.16,0.73,48.0,0,NOMINAL
VEH_4985,13,2026-08-30T09:52:56.606177,71.76,,45.06,2.282,12.17,11.14,1.03,38.0,0,NOMINAL
VEH_4985,14,2026-08-30T09:54:01.606177,73.56,37.49,44.98,2.54,18.7,18.24,0.46,38.2,0,NOMINAL
VEH_4985,15,2026-08-30T09:55:06.606177,66.27,,45.96,2.161,13.94,12.7,1.24,38.0,0,NOMINAL
VEH_4985,16,2026-08-30T09:56:11.606177,67.08,,44.01,2.276,10.97,10.08,0.89,38.0,0,NOMINAL
VEH_4985,17,2026-08-30T09:57:16.606177,68.92,,45.73,2.37,13.17,11.06,2.11,60.0,0,NOMINAL
VEH_4985,18,2026-08-30T09:58:21.606177,73.41,,47.11,2.388,13.43,12.04,1.39,38.0,0,NOMINAL
VEH_4985,19,2026-08-30T09:59:26.606177,77.53,,45.44,2.689,11.68,9.21,2.47,29.5,0,NOMINAL
VEH_4985,20,2026-08-30T10:00:31.606177,66.0,,45.88,2.228,9.07,6.8,2.27,31.0,0,NOMINAL
VEH_4985,21,2026-08-30T10:01:36.606177,68.27,,47.67,2.527,10.56,7.58,2.98,28.0,0,NOMINAL
VEH_4985,22,2026-08-30T10:02:41.606177,69.93,,46.71,2.363,10.94,8.36,2.58,29.5,0,NOMINAL
VEH_4985,23,2026-08-30T10:03:46.606177,72.0,,47.52,2.423,11.6,9.14,2.46,31.0,0,NOMINAL
VEH_4985,24,2026-08-30T10:04:51.606177,73.96,,48.08,2.583,10.09,7.11,2.98,28.0,0,NOMINAL
VEH_4985,25,2026-08-30T10:05:56.606177,64.46,,48.22,2.672,10.3,7.5,2.8,29.5,0,NOMINAL
VEH_4985,26,2026-08-30T10:07:01.606177,66.78,37.83,48.3,2.379,15.2,13.11,2.09,31.0,0,NOMINAL
VEH_4985,27,2026-08-30T10:08:06.606177,68.49,39.46,49.58,2.616,16.79,13.89,2.9,28.0,0,NOMINAL
VEH_4985,28,2026-08-30T10:09:11.606177,72.76,,49.28,2.895,10.01,7.04,2.97,29.5,0,NOMINAL
VEH_4985,29,2026-08-30T10:10:16.606177,73.11,,50.51,2.561,10.68,7.81,2.87,31.0,0,NOMINAL
VEH_4985,30,2026-08-30T10:11:21.606177,63.79,,50.21,2.764,11.5,8.2,3.3,28.0,0,NOMINAL
VEH_4986,1,2026-08-30T09:41:11.606177,67.67,43.42,38.72,1.955,18.04,17.21,0.83,34.3,0,NOMINAL
VEH_4986,2,2026-08-30T09:42:16.606177,68.88,43.65,39.5,2.075,18.98,18.09,0.89,34.6,0,NOMINAL
VEH_4986,3,2026-08-30T09:43:21.606177,72.18,,38.31,2.153,12.24,11.74,0.5,34.9,0,NOMINAL
VEH_4986,4,2026-08-30T09:44:26.606177,75.69,,40.36,2.253,13.41,12.61,0.8,35.2,0,NOMINAL
VEH_4986,5,2026-08-30T09:45:31.606177,66.29,,41.94,2.183,14.11,13.1,1.01,35.5,0,NOMINAL
VEH_4986,6,2026-08-30T09:46:36.606177,66.6,,40.44,2.42,12.25,11.58,0.67,35.8,0,NOMINAL
VEH_4986,7,2026-08-30T09:47:41.606177,68.2,43.31,40.42,2.094,18.03,17.29,0.74,36.1,0,NOMINAL
VEH_4986,8,2026-08-30T09:48:46.606177,72.06,42.94,42.01,2.312,19.1,18.17,0.93,36.4,0,NOMINAL
VEH_4986,9,2026-08-30T09:49:51.606177,74.14,,41.62,2.279,12.52,11.81,0.71,36.7,0,NOMINAL
VEH_4986,10,2026-08-30T09:50:56.606177,64.42,,42.57,2.598,13.12,12.3,0.82,37.0,0,NOMINAL
VEH_4986,11,2026-08-30T09:52:01.606177,65.99,,43.59,2.526,13.4,12.78,0.62,48.0,0,NOMINAL
VEH_4986,12,2026-08-30T09:53:06.606177,72.64,,43.18,2.368,10.96,10.16,0.8,48.0,0,NOMINAL
VEH_4986,13,2026-08-30T09:54:11.606177,73.67,,43.19,2.491,11.95,11.14,0.81,38.0,0,NOMINAL
VEH_4986,14,2026-08-30T09:55:16.606177,75.48,42.97,43.69,2.49,19.19,18.24,0.95,38.2,0,NOMINAL
VEH_4986,15,2026-08-30T09:56:21.606177,65.35,,44.51,2.228,13.69,12.7,0.99,38.0,0,NOMINAL
VEH_4986,16,2026-08-30T09:57:26.606177,68.28,,44.93,2.634,11.15,10.08,1.07,38.0,0,NOMINAL
VEH_4986,17,2026-08-30T09:58:31.606177,68.59,,46.08,2.953,13.1,11.06,2.04,60.0,0,NOMINAL
VEH_4986,18,2026-08-30T09:59:36.606177,70.64,,45.44,2.52,13.09,12.04,1.05,38.0,0,NOMINAL
VEH_4986,19,2026-08-30T10:00:41.606177,75.21,,45.22,2.658,11.58,9.21,2.37,29.5,0,NOMINAL
VEH_4986,20,2026-08-30T10:01:46.606177,66.14,,47.83,2.624,9.36,6.8,2.56,31.0,0,NOMINAL
VEH_4986,21,2026-08-30T10:02:51.606177,67.94,,45.96,2.612,10.29,7.58,2.71,28.0,0,NOMINAL
VEH_4986,22,2026-08-30T10:03:56.606177,67.16,,46.5,2.733,10.82,8.36,2.46,29.5,0,NOMINAL
VEH_4986,23,2026-08-30T10:05:01.606177,71.68,,46.69,2.949,11.46,9.14,2.32,31.0,0,NOMINAL
VEH_4986,24,2026-08-30T10:06:06.606177,76.38,,47.49,2.661,10.08,7.11,2.97,28.0,0,NOMINAL
VEH_4986,25,2026-08-30T10:07:11.606177,62.82,,48.46,2.814,10.28,7.5,2.78,29.5,0,NOMINAL
VEH_4986,26,2026-08-30T10:08:16.606177,66.69,45.2,48.05,2.826,16.01,13.11,2.9,31.0,0,NOMINAL
VEH_4986,27,2026-08-30T10:09:21.606177,68.57,42.28,48.92,2.92,17.01,13.89,3.12,28.0,0,NOMINAL
VEH_4986,28,2026-08-30T10:10:26.606177,72.35,,47.9,2.742,9.79,7.04,2.75,29.5,0,NOMINAL
VEH_4986,29,2026-08-30T10:11:31.606177,74.42,,49.78,3.221,10.61,7.81,2.8,31.0,0,NOMINAL
VEH_4986,30,2026-08-30T10:12:36.606177,63.36,,49.4,3.07,11.36,8.2,3.16,28.0,0,NOMINAL
VEH_4987,1,2026-08-30T09:42:26.606177,68.0,38.44,37.34,1.795,17.27,17.21,0.06,34.3,0,NOMINAL
VEH_4987,2,2026-08-30T09:43:31.606177,71.8,37.61,39.13,2.001,18.32,18.09,0.23,34.6,0,NOMINAL
VEH_4987,3,2026-08-30T09:44:36.606177,72.37,,40.02,1.902,12.5,11.74,0.76,34.9,0,NOMINAL
VEH_4987,4,2026-08-30T09:45:41.606177,73.88,,40.54,2.1,13.38,12.61,0.77,35.2,0,NOMINAL
VEH_4987,5,2026-08-30T09:46:46.606177,65.48,,39.46,2.05,13.71,13.1,0.61,35.5,0,NOMINAL
VEH_4987,6,2026-08-30T09:47:51.606177,67.47,,41.74,1.968,12.47,11.58,0.89,35.8,0,NOMINAL
VEH_4987,7,2026-08-30T09:48:56.606177,69.96,38.7,41.07,1.92,17.65,17.29,0.36,36.1,0,NOMINAL
VEH_4987,8,2026-08-30T09:50:01.606177,71.1,38.51,40.38,2.2,18.32,18.17,0.15,36.4,0,NOMINAL
VEH_4987,9,2026-08-30T09:51:06.606177,74.5,,41.83,1.853,12.57,11.81,0.76,36.7,0,NOMINAL
VEH_4987,10,2026-08-30T09:52:11.606177,66.65,,41.14,2.012,12.98,12.3,0.68,37.0,0,NOMINAL
VEH_4987,11,2026-08-30T09:53:16.606177,67.61,,42.87,2.186,13.55,12.78,0.77,48.0,0,NOMINAL
VEH_4987,12,2026-08-30T09:54:21.606177,69.65,,42.18,2.046,11.02,10.16,0.86,48.0,0,NOMINAL
VEH_4987,13,2026-08-30T09:55:26.606177,70.9,,44.12,1.952,12.0,11.14,0.86,38.0,0,NOMINAL
VEH_4987,14,2026-08-30T09:56:31.606177,76.18,36.34,44.15,2.246,18.52,18.24,0.28,38.2,0,NOMINAL
VEH_4987,15,2026-08-30T09:57:36.606177,62.62,,44.81,2.183,13.65,12.7,0.95,38.0,0,NOMINAL
VEH_4987,16,2026-08-30T09:58:41.606177,67.58,,44.6,2.371,11.07,10.08,0.99,38.0,0,NOMINAL
VEH_4987,17,2026-08-30T09:59:46.606177,71.47,,45.56,2.083,13.27,11.06,2.21,60.0,0,NOMINAL
VEH_4987,18,2026-08-30T10:00:51.606177,74.02,,46.61,2.472,13.37,12.04,1.33,38.0,0,NOMINAL
VEH_4987,19,2026-08-30T10:01:56.606177,73.54,,46.9,2.157,11.78,9.21,2.57,29.5,0,NOMINAL
VEH_4987,20,2026-08-30T10:03:01.606177,64.05,,45.3,2.323,8.92,6.8,2.12,31.0,0,NOMINAL
VEH_4987,21,2026-08-30T10:04:06.606177,68.03,,47.28,2.547,10.49,7.58,2.91,28.0,0,NOMINAL
VEH_4987,22,2026-08-30T10:05:11.606177,69.67,,48.05,2.727,11.13,8.36,2.77,29.5,0,NOMINAL
VEH_4987,23,2026-08-30T10:06:16.606177,73.8,,48.1,2.559,11.74,9.14,2.6,31.0,0,NOMINAL
VEH_4987,24,2026-08-30T10:07:21.606177,73.51,,48.05,2.461,10.07,7.11,2.96,28.0,0,NOMINAL
VEH_4987,25,2026-08-30T10:08:26.606177,65.66,,46.84,2.511,10.13,7.5,2.63,29.5,0,NOMINAL
VEH_4987,26,2026-08-30T10:09:31.606177,66.83,38.6,48.85,2.562,15.38,13.11,2.27,31.0,0,NOMINAL
VEH_4987,27,2026-08-30T10:10:36.606177,68.35,38.52,47.94,2.508,16.43,13.89,2.54,28.0,0,NOMINAL
VEH_4987,28,2026-08-30T10:11:41.606177,71.02,,49.63,2.702,10.01,7.04,2.97,29.5,0,NOMINAL
VEH_4987,29,2026-08-30T10:12:46.606177,74.68,,51.95,2.734,10.94,7.81,3.13,31.0,0,NOMINAL
VEH_4987,30,2026-08-30T10:13:51.606177,63.86,,49.46,2.544,11.39,8.2,3.19,28.0,0,NOMINAL
VEH_4988,1,2026-08-30T09:43:41.606177,65.83,38.77,37.7,1.81,17.3,17.21,0.09,34.3,0,NOMINAL
VEH_4988,2,2026-08-30T09:44:46.606177,70.02,37.83,40.09,2.308,18.43,18.09,0.34,34.6,0,NOMINAL
VEH_4988,3,2026-08-30T09:45:51.606177,70.43,,38.95,1.917,12.28,11.74,0.54,34.9,0,NOMINAL
VEH_4988,4,2026-08-30T09:46:56.606177,77.37,,41.31,2.134,13.6,12.61,0.99,35.2,0,NOMINAL
VEH_4988,5,2026-08-30T09:48:01.606177,64.3,,40.94,1.761,13.9,13.1,0.8,35.5,0,NOMINAL
VEH_4988,6,2026-08-30T09:49:06.606177,67.79,,39.33,2.163,12.12,11.58,0.54,35.8,0,NOMINAL
VEH_4988,7,2026-08-30T09:50:11.606177,70.13,38.38,39.78,1.956,17.43,17.29,0.14,36.1,0,NOMINAL
VEH_4988,8,2026-08-30T09:51:16.606177,73.17,37.13,40.14,2.223,18.19,18.17,0.02,36.4,0,NOMINAL
VEH_4988,9,2026-08-30T09:52:21.606177,72.53,,42.44,2.124,12.6,11.81,0.79,36.7,0,NOMINAL
VEH_4988,10,2026-08-30T09:53:26.606177,67.23,,40.94,1.992,12.96,12.3,0.66,37.0,0,NOMINAL
VEH_4988,11,2026-08-30T09:54:31.606177,66.44,,41.92,2.271,13.66,12.78,0.88,48.0,0,NOMINAL
VEH_4988,12,2026-08-30T09:55:36.606177,68.7,,44.07,2.074,10.71,10.16,0.55,48.0,0,NOMINAL
VEH_4988,13,2026-08-30T09:56:41.606177,72.9,,42.77,2.187,11.86,11.14,0.72,38.0,0,NOMINAL
VEH_4988,14,2026-08-30T09:57:46.606177,73.94,38.16,44.21,2.44,18.67,18.24,0.43,38.2,0,NOMINAL
VEH_4988,15,2026-08-30T09:58:51.606177,63.88,,44.74,2.105,13.68,12.7,0.98,38.0,0,NOMINAL
VEH_4988,16,2026-08-30T09:59:56.606177,68.49,,46.47,2.452,11.38,10.08,1.3,38.0,0,NOMINAL
VEH_4988,17,2026-08-30T10:01:01.606177,70.36,,45.81,2.475,13.2,11.06,2.14,60.0,0,NOMINAL
VEH_4988,18,2026-08-30T10:02:06.606177,72.21,,44.42,2.572,12.99,12.04,0.95,38.0,0,NOMINAL
VEH_4988,19,2026-08-30T10:03:11.606177,73.01,,45.29,2.405,11.52,9.21,2.31,29.5,0,NOMINAL
VEH_4988,20,2026-08-30T10:04:16.606177,62.46,,45.9,2.453,8.96,6.8,2.16,31.0,0,NOMINAL
VEH_4988,21,2026-08-30T10:05:21.606177,67.38,,48.1,2.42,10.59,7.58,3.01,28.0,0,NOMINAL
VEH_4988,22,2026-08-30T10:06:26.606177,67.34,,48.46,2.584,11.12,8.36,2.76,29.5,0,NOMINAL
VEH_4988,23,2026-08-30T10:07:31.606177,73.4,,47.11,2.71,11.58,9.14,2.44,31.0,0,NOMINAL
VEH_4988,24,2026-08-30T10:08:36.606177,77.18,,48.27,2.639,10.22,7.11,3.11,28.0,0,NOMINAL
VEH_4988,25,2026-08-30T10:09:41.606177,65.47,,48.17,2.635,10.32,7.5,2.82,29.5,0,NOMINAL
VEH_4988,26,2026-08-30T10:10:46.606177,67.6,39.19,47.56,2.728,15.28,13.11,2.17,31.0,0,NOMINAL
VEH_4988,27,2026-08-30T10:11:51.606177,68.35,39.31,49.67,2.738,16.78,13.89,2.89,28.0,0,NOMINAL
VEH_4988,28,2026-08-30T10:12:56.606177,71.24,,48.64,2.366,9.87,7.04,2.83,29.5,0,NOMINAL
VEH_4988,29,2026-08-30T10:14:01.606177,73.36,,48.85,2.429,10.44,7.81,2.63,31.0,0,NOMINAL
VEH_4988,30,2026-08-30T10:15:06.606177,64.27,,50.6,2.672,11.57,8.2,3.37,28.0,0,NOMINAL
VEH_4989,1,2026-08-30T09:44:56.606177,65.84,43.69,39.38,1.949,18.12,17.21,0.91,34.3,0,NOMINAL
VEH_4989,2,2026-08-30T09:46:01.606177,71.15,43.79,39.23,1.972,19.02,18.09,0.93,34.6,0,NOMINAL
VEH_4989,3,2026-08-30T09:47:06.606177,71.66,,38.31,1.91,12.22,11.74,0.48,34.9,0,NOMINAL
VEH_4989,4,2026-08-30T09:48:11.606177,74.72,,39.33,2.188,13.22,12.61,0.61,35.2,0,NOMINAL
VEH_4989,5,2026-08-30T09:49:16.606177,65.19,,41.64,2.052,14.03,13.1,0.93,35.5,0,NOMINAL
VEH_4989,6,2026-08-30T09:50:21.606177,66.69,,40.73,2.24,12.3,11.58,0.72,35.8,0,NOMINAL
VEH_4989,7,2026-08-30T09:51:26.606177,70.0,41.63,40.09,2.209,17.84,17.29,0.55,36.1,0,NOMINAL
VEH_4989,8,2026-08-30T09:52:31.606177,71.19,41.85,41.13,2.458,18.82,18.17,0.65,36.4,0,NOMINAL
VEH_4989,9,2026-08-30T09:53:36.606177,74.57,,41.05,2.277,12.45,11.81,0.64,36.7,0,NOMINAL
VEH_4989,10,2026-08-30T09:54:41.606177,64.32,,41.24,2.272,12.92,12.3,0.62,37.0,0,NOMINAL
VEH_4989,11,2026-08-30T09:55:46.606177,68.78,,43.89,2.53,13.44,12.78,0.66,48.0,0,NOMINAL
VEH_4989,12,2026-08-30T09:56:51.606177,72.76,,43.09,2.216,10.98,10.16,0.82,48.0,0,NOMINAL
VEH_4989,13,2026-08-30T09:57:56.606177,74.07,,43.81,2.185,12.06,11.14,0.92,38.0,0,NOMINAL
VEH_4989,14,2026-08-30T09:59:01.606177,72.22,44.77,44.66,2.737,19.44,18.24,1.2,38.2,0,NOMINAL
VEH_4989,15,2026-08-30T10:00:06.606177,66.6,,43.8,2.542,13.62,12.7,0.92,38.0,0,NOMINAL
VEH_4989,16,2026-08-30T10:01:11.606177,67.03,,45.92,2.699,11.25,10.08,1.17,38.0,0,NOMINAL
VEH_4989,17,2026-08-30T10:02:16.606177,70.62,,45.01,2.415,13.33,11.06,2.27,60.0,0,NOMINAL
VEH_4989,18,2026-08-30T10:03:21.606177,71.93,,44.89,2.748,13.05,12.04,1.01,38.0,0,NOMINAL
VEH_4989,19,2026-08-30T10:04:26.606177,76.33,,45.6,2.477,11.67,9.21,2.46,29.5,0,NOMINAL
VEH_4989,20,2026-08-30T10:05:31.606177,63.68,,46.16,2.369,9.04,6.8,2.24,31.0,0,NOMINAL
VEH_4989,21,2026-08-30T10:06:36.606177,69.41,,45.78,2.62,10.31,7.58,2.73,28.0,0,NOMINAL
VEH_4989,22,2026-08-30T10:07:41.606177,69.89,,46.72,2.962,10.94,8.36,2.58,29.5,0,NOMINAL
VEH_4989,23,2026-08-30T10:08:46.606177,72.91,,46.97,2.807,11.54,9.14,2.4,31.0,0,NOMINAL
VEH_4989,24,2026-08-30T10:09:51.606177,75.52,,48.05,2.519,10.14,7.11,3.03,28.0,0,NOMINAL
VEH_4989,25,2026-08-30T10:10:56.606177,64.74,,48.76,2.9,10.39,7.5,2.89,29.5,0,NOMINAL
VEH_4989,26,2026-08-30T10:12:01.606177,66.86,44.21,47.64,2.702,15.84,13.11,2.73,31.0,0,NOMINAL
VEH_4989,27,2026-08-30T10:13:06.606177,70.03,45.07,48.89,2.804,17.38,13.89,3.49,28.0,0,NOMINAL
VEH_4989,28,2026-08-30T10:14:11.606177,74.31,,49.43,2.822,10.08,7.04,3.04,29.5,0,NOMINAL
VEH_4989,29,2026-08-30T10:15:16.606177,77.18,,49.67,2.885,10.68,7.81,2.87,31.0,0,NOMINAL
VEH_4989,30,2026-08-30T10:16:21.606177,65.83,,49.6,3.112,11.47,8.2,3.27,28.0,0,NOMINAL
VEH_4990,1,2026-08-30T09:46:11.606177,67.83,42.39,37.41,2.318,17.73,17.21,0.52,34.3,0,NOMINAL
VEH_4990,2,2026-08-30T09:47:16.606177,72.02,46.38,39.76,2.111,19.43,18.09,1.34,34.6,0,NOMINAL
VEH_4990,3,2026-08-30T09:48:21.606177,72.66,,39.88,2.073,12.49,11.74,0.75,34.9,0,NOMINAL
VEH_4990,4,2026-08-30T09:49:26.606177,75.39,,40.89,2.296,13.48,12.61,0.87,35.2,0,NOMINAL
VEH_4990,5,2026-08-30T09:50:31.606177,67.97,,40.13,1.985,13.89,13.1,0.79,35.5,0,NOMINAL
VEH_4990,6,2026-08-30T09:51:36.606177,67.78,,40.84,2.255,12.35,11.58,0.77,35.8,0,NOMINAL
VEH_4990,7,2026-08-30T09:52:41.606177,69.27,44.39,39.85,2.034,18.1,17.29,0.81,36.1,0,NOMINAL
VEH_4990,8,2026-08-30T09:53:46.606177,71.51,43.84,41.5,2.197,19.11,18.17,0.94,36.4,0,NOMINAL
VEH_4990,9,2026-08-30T09:54:51.606177,77.51,,41.98,2.411,12.68,11.81,0.87,36.7,0,NOMINAL
VEH_4990,10,2026-08-30T09:55:56.606177,63.62,,41.86,2.276,12.99,12.3,0.69,37.0,0,NOMINAL
VEH_4990,11,2026-08-30T09:57:01.606177,68.2,,44.01,2.543,13.4,12.78,0.62,48.0,0,NOMINAL
VEH_4990,12,2026-08-30T09:58:06.606177,69.92,,43.51,2.603,10.83,10.16,0.67,48.0,0,NOMINAL
VEH_4990,13,2026-08-30T09:59:11.606177,73.84,,44.12,2.798,12.09,11.14,0.95,38.0,0,NOMINAL
VEH_4990,14,2026-08-30T10:00:16.606177,74.12,41.23,44.35,2.506,19.05,18.24,0.81,38.2,0,NOMINAL
VEH_4990,15,2026-08-30T10:01:21.606177,64.87,,44.32,2.522,13.65,12.7,0.95,38.0,0,NOMINAL
VEH_4990,16,2026-08-30T10:02:26.606177,69.41,,45.26,2.663,11.23,10.08,1.15,38.0,0,NOMINAL
VEH_4990,17,2026-08-30T10:03:31.606177,69.21,,45.0,2.743,13.28,11.06,2.22,60.0,0,NOMINAL
VEH_4990,18,2026-08-30T10:04:36.606177,70.68,,45.64,3.009,13.12,12.04,1.08,38.0,0,NOMINAL
VEH_4990,19,2026-08-30T10:05:41.606177,76.26,,45.2,2.81,11.61,9.21,2.4,29.5,0,NOMINAL
VEH_4990,20,2026-08-30T10:06:46.606177,64.93,,46.12,2.718,9.07,6.8,2.27,31.0,0,NOMINAL
VEH_4990,21,2026-08-30T10:07:51.606177,68.56,,47.5,2.718,10.54,7.58,2.96,28.0,0,NOMINAL
VEH_4990,22,2026-08-30T10:08:56.606177,70.0,,47.95,2.739,11.13,8.36,2.77,29.5,0,NOMINAL
VEH_4990,23,2026-08-30T10:10:01.606177,72.1,,46.51,2.874,11.45,9.14,2.31,31.0,0,NOMINAL
VEH_4990,24,2026-08-30T10:11:06.606177,74.57,,49.03,2.671,10.25,7.11,3.14,28.0,0,NOMINAL
VEH_4990,25,2026-08-30T10:12:11.606177,63.2,,47.09,2.921,10.09,7.5,2.59,29.5,0,NOMINAL
VEH_4990,26,2026-08-30T10:13:16.606177,67.1,41.89,47.78,2.724,15.6,13.11,2.49,31.0,0,NOMINAL
VEH_4990,27,2026-08-30T10:14:21.606177,70.26,43.89,47.82,2.819,17.09,13.89,3.2,28.0,0,NOMINAL
VEH_4990,28,2026-08-30T10:15:26.606177,72.59,,48.24,2.816,9.85,7.04,2.81,29.5,0,NOMINAL
VEH_4990,29,2026-08-30T10:16:31.606177,75.91,,49.27,3.026,10.58,7.81,2.77,31.0,0,NOMINAL
VEH_4990,30,2026-08-30T10:17:36.606177,66.31,,48.98,3.048,11.39,8.2,3.19,28.0,0,NOMINAL
VEH_4991,1,2026-08-30T09:47:26.606177,66.84,40.22,38.19,1.886,17.57,17.21,0.36,34.3,0,NOMINAL
VEH_4991,2,2026-08-30T09:48:31.606177,68.06,41.42,38.42,1.911,18.53,18.09,0.44,34.6,0,NOMINAL
VEH_4991,3,2026-08-30T09:49:36.606177,71.91,,38.84,2.323,12.31,11.74,0.57,34.9,0,NOMINAL
VEH_4991,4,2026-08-30T09:50:41.606177,74.61,,39.63,1.933,13.26,12.61,0.65,35.2,0,NOMINAL
VEH_4991,5,2026-08-30T09:51:46.606177,65.81,,39.41,2.125,13.72,13.1,0.62,35.5,0,NOMINAL
VEH_4991,6,2026-08-30T09:52:51.606177,68.52,,42.28,2.064,12.58,11.58,1.0,35.8,0,NOMINAL
VEH_4991,7,2026-08-30T09:53:56.606177,71.47,41.16,41.03,2.141,17.98,17.29,0.69,36.1,0,NOMINAL
VEH_4991,8,2026-08-30T09:55:01.606177,71.58,42.38,42.71,2.237,19.13,18.17,0.96,36.4,0,NOMINAL
VEH_4991,9,2026-08-30T09:56:06.606177,74.68,,42.71,2.145,12.7,11.81,0.89,36.7,0,NOMINAL
VEH_4991,10,2026-08-30T09:57:11.606177,64.12,,42.8,2.371,13.15,12.3,0.85,37.0,0,NOMINAL
VEH_4991,11,2026-08-30T09:58:16.606177,65.63,,44.39,2.529,13.27,12.78,0.49,48.0,0,NOMINAL
VEH_4991,12,2026-08-30T09:59:21.606177,70.88,,42.54,2.141,11.0,10.16,0.84,48.0,0,NOMINAL
VEH_4991,13,2026-08-30T10:00:26.606177,72.13,,42.92,2.291,11.86,11.14,0.72,38.0,0,NOMINAL
VEH_4991,14,2026-08-30T10:01:31.606177,75.64,42.71,43.07,2.686,19.08,18.24,0.84,38.2,0,NOMINAL
VEH_4991,15,2026-08-30T10:02:36.606177,64.43,,44.37,2.146,13.64,12.7,0.94,38.0,0,NOMINAL
VEH_4991,16,2026-08-30T10:03:41.606177,68.13,,45.81,2.451,11.27,10.08,1.19,38.0,0,NOMINAL
VEH_4991,17,2026-08-30T10:04:46.606177,69.12,,45.46,2.543,13.21,11.06,2.15,60.0,0,NOMINAL
VEH_4991,18,2026-08-30T10:05:51.606177,72.25,,45.75,2.723,13.19,12.04,1.15,38.0,0,NOMINAL
VEH_4991,19,2026-08-30T10:06:56.606177,75.26,,46.35,2.505,11.75,9.21,2.54,29.5,0,NOMINAL
VEH_4991,20,2026-08-30T10:08:01.606177,63.52,,47.16,2.621,9.18,6.8,2.38,31.0,0,NOMINAL
VEH_4991,21,2026-08-30T10:09:06.606177,67.45,,47.42,2.632,10.49,7.58,2.91,28.0,0,NOMINAL
VEH_4991,22,2026-08-30T10:10:11.606177,69.46,,47.74,2.815,11.08,8.36,2.72,29.5,0,NOMINAL
VEH_4991,23,2026-08-30T10:11:16.606177,73.18,,46.52,2.695,11.48,9.14,2.34,31.0,0,NOMINAL
VEH_4991,24,2026-08-30T10:12:21.606177,74.76,,47.89,2.705,10.09,7.11,2.98,28.0,0,NOMINAL
VEH_4991,25,2026-08-30T10:13:26.606177,64.79,,48.07,2.907,10.28,7.5,2.78,29.5,0,NOMINAL
VEH_4991,26,2026-08-30T10:14:31.606177,67.19,40.41,47.8,2.69,15.44,13.11,2.33,31.0,0,NOMINAL
VEH_4991,27,2026-08-30T10:15:36.606177,70.94,42.11,48.77,2.632,17.04,13.89,3.15,28.0,0,NOMINAL
VEH_4991,28,2026-08-30T10:16:41.606177,73.28,,50.62,2.991,10.23,7.04,3.19,29.5,0,NOMINAL
VEH_4991,29,2026-08-30T10:17:46.606177,72.97,,49.41,3.011,10.51,7.81,2.7,31.0,0,NOMINAL
VEH_4991,30,2026-08-30T10:18:51.606177,64.78,,50.08,2.824,11.51,8.2,3.31,28.0,0,NOMINAL
VEH_4992,1,2026-08-30T09:48:41.606177,67.18,42.38,38.81,1.95,17.92,17.21,0.71,34.3,0,NOMINAL
VEH_4992,2,2026-08-30T09:49:46.606177,68.33,40.66,38.76,2.231,18.51,18.09,0.42,34.6,0,NOMINAL
VEH_4992,3,2026-08-30T09:50:51.606177,73.79,,38.87,2.323,12.37,11.74,0.63,34.9,0,NOMINAL
VEH_4992,4,2026-08-30T09:51:56.606177,73.48,,40.79,2.146,13.4,12.61,0.79,35.2,0,NOMINAL
VEH_4992,5,2026-08-30T09:53:01.606177,65.72,,40.88,2.188,13.93,13.1,0.83,35.5,0,NOMINAL
VEH_4992,6,2026-08-30T09:54:06.606177,68.3,,40.07,2.029,12.25,11.58,0.67,35.8,0,NOMINAL
VEH_4992,7,2026-08-30T09:55:11.606177,69.37,41.86,40.98,2.155,17.98,17.29,0.69,36.1,0,NOMINAL
VEH_4992,8,2026-08-30T09:56:16.606177,71.89,43.2,39.92,2.288,18.81,18.17,0.64,36.4,0,NOMINAL
VEH_4992,9,2026-08-30T09:57:21.606177,73.29,,41.9,2.401,12.54,11.81,0.73,36.7,0,NOMINAL
VEH_4992,10,2026-08-30T09:58:26.606177,65.49,,42.26,2.484,13.11,12.3,0.81,37.0,0,NOMINAL
VEH_4992,11,2026-08-30T09:59:31.606177,67.92,,43.06,2.339,13.54,12.78,0.76,48.0,0,NOMINAL
VEH_4992,12,2026-08-30T10:00:36.606177,69.5,,42.43,2.366,10.98,10.16,0.82,48.0,0,NOMINAL
VEH_4992,13,2026-08-30T10:01:41.606177,72.57,,43.27,2.267,11.93,11.14,0.79,38.0,0,NOMINAL
VEH_4992,14,2026-08-30T10:02:46.606177,72.62,42.36,43.61,2.187,19.02,18.24,0.78,38.2,0,NOMINAL
VEH_4992,15,2026-08-30T10:03:51.606177,66.27,,43.63,2.417,13.59,12.7,0.89,38.0,0,NOMINAL
VEH_4992,16,2026-08-30T10:04:56.606177,67.65,,44.11,2.563,11.0,10.08,0.92,38.0,0,NOMINAL
VEH_4992,17,2026-08-30T10:06:01.606177,71.01,,45.2,2.596,13.31,11.06,2.25,60.0,0,NOMINAL
VEH_4992,18,2026-08-30T10:07:06.606177,71.63,,46.57,2.469,13.29,12.04,1.25,38.0,0,NOMINAL
VEH_4992,19,2026-08-30T10:08:11.606177,75.26,,46.26,2.391,11.73,9.21,2.52,29.5,0,NOMINAL
VEH_4992,20,2026-08-30T10:09:16.606177,66.29,,45.61,2.712,9.04,6.8,2.24,31.0,0,NOMINAL
VEH_4992,21,2026-08-30T10:10:21.606177,67.0,,44.85,2.759,10.09,7.58,2.51,28.0,0,NOMINAL
VEH_4992,22,2026-08-30T10:11:26.606177,68.8,,46.34,2.737,10.85,8.36,2.49,29.5,0,NOMINAL
VEH_4992,23,2026-08-30T10:12:31.606177,71.49,,47.34,2.633,11.56,9.14,2.42,31.0,0,NOMINAL
VEH_4992,24,2026-08-30T10:13:36.606177,73.75,,47.79,2.763,10.04,7.11,2.93,28.0,0,NOMINAL
VEH_4992,25,2026-08-30T10:14:41.606177,65.67,,48.82,2.892,10.42,7.5,2.92,29.5,0,NOMINAL
VEH_4992,26,2026-08-30T10:15:46.606177,66.85,41.67,48.41,2.803,15.67,13.11,2.56,31.0,0,NOMINAL
VEH_4992,27,2026-08-30T10:16:51.606177,70.47,41.76,50.12,2.85,17.19,13.89,3.3,28.0,0,NOMINAL
VEH_4992,28,2026-08-30T10:17:56.606177,72.91,,48.57,2.967,9.91,7.04,2.87,29.5,0,NOMINAL
VEH_4992,29,2026-08-30T10:19:01.606177,75.05,,48.99,2.749,10.51,7.81,2.7,31.0,0,NOMINAL
VEH_4992,30,2026-08-30T10:20:06.606177,64.19,,50.06,2.996,11.49,8.2,3.29,28.0,0,NOMINAL
VEH_4993,1,2026-08-30T09:49:56.606177,68.19,42.95,38.23,1.757,17.93,17.21,0.72,34.3,0,NOMINAL
VEH_4993,2,2026-08-30T09:51:01.606177,69.7,43.27,39.26,1.92,18.92,18.09,0.83,34.6,0,NOMINAL
VEH_4993,3,2026-08-30T09:52:06.606177,72.89,,37.76,2.136,12.18,11.74,0.44,34.9,0,NOMINAL
VEH_4993,4,2026-08-30T09:53:11.606177,73.67,,39.5,2.362,13.22,12.61,0.61,35.2,0,NOMINAL
VEH_4993,5,2026-08-30T09:54:16.606177,67.44,,38.91,2.37,13.69,13.1,0.59,35.5,0,NOMINAL
VEH_4993,6,2026-08-30T09:55:21.606177,68.98,,40.11,1.973,12.27,11.58,0.69,35.8,0,NOMINAL
VEH_4993,7,2026-08-30T09:56:26.606177,71.56,44.17,41.56,2.245,18.4,17.29,1.11,36.1,0,NOMINAL
VEH_4993,8,2026-08-30T09:57:31.606177,73.12,43.16,42.01,2.355,19.16,18.17,0.99,36.4,0,NOMINAL
VEH_4993,9,2026-08-30T09:58:36.606177,75.16,,41.73,2.346,12.57,11.81,0.76,36.7,0,NOMINAL
VEH_4993,10,2026-08-30T09:59:41.606177,65.13,,41.99,2.287,13.06,12.3,0.76,37.0,0,NOMINAL
VEH_4993,11,2026-08-30T10:00:46.606177,67.88,,42.49,2.573,13.62,12.78,0.84,48.0,0,NOMINAL
VEH_4993,12,2026-08-30T10:01:51.606177,70.89,,45.13,2.338,10.62,10.16,0.46,48.0,0,NOMINAL
VEH_4993,13,2026-08-30T10:02:56.606177,71.94,,43.94,2.7,12.01,11.14,0.87,38.0,0,NOMINAL
VEH_4993,14,2026-08-30T10:04:01.606177,74.97,42.43,43.3,2.615,19.06,18.24,0.82,38.2,0,NOMINAL
VEH_4993,15,2026-08-30T10:05:06.606177,65.38,,45.52,2.459,13.84,12.7,1.14,38.0,0,NOMINAL
VEH_4993,16,2026-08-30T10:06:11.606177,69.07,,45.1,2.55,11.19,10.08,1.11,38.0,0,NOMINAL
VEH_4993,17,2026-08-30T10:07:16.606177,69.86,,45.33,2.501,13.26,11.06,2.2,60.0,0,NOMINAL
VEH_4993,18,2026-08-30T10:08:21.606177,73.2,,45.73,3.043,13.22,12.04,1.18,38.0,0,NOMINAL
VEH_4993,19,2026-08-30T10:09:26.606177,75.79,,47.41,2.68,11.92,9.21,2.71,29.5,0,NOMINAL
VEH_4993,20,2026-08-30T10:10:31.606177,66.21,,45.07,2.284,8.95,6.8,2.15,31.0,0,NOMINAL
VEH_4993,21,2026-08-30T10:11:36.606177,67.3,,45.98,2.606,10.27,7.58,2.69,28.0,0,NOMINAL
VEH_4993,22,2026-08-30T10:12:41.606177,72.29,,46.49,2.643,10.98,8.36,2.62,29.5,0,NOMINAL
VEH_4993,23,2026-08-30T10:13:46.606177,72.52,,48.4,2.664,11.75,9.14,2.61,31.0,0,NOMINAL
VEH_4993,24,2026-08-30T10:14:51.606177,73.35,,47.81,2.926,10.03,7.11,2.92,28.0,0,NOMINAL
VEH_4993,25,2026-08-30T10:15:56.606177,66.2,,47.97,2.779,10.31,7.5,2.81,29.5,0,NOMINAL
VEH_4993,26,2026-08-30T10:17:01.606177,67.32,44.39,47.27,2.938,15.82,13.11,2.71,31.0,0,NOMINAL
VEH_4993,27,2026-08-30T10:18:06.606177,69.72,44.39,49.91,2.834,17.44,13.89,3.55,28.0,0,NOMINAL
VEH_4993,28,2026-08-30T10:19:11.606177,72.47,,48.43,2.809,9.87,7.04,2.83,29.5,0,NOMINAL
VEH_4993,29,2026-08-30T10:20:16.606177,76.46,,49.35,2.682,10.61,7.81,2.8,31.0,0,NOMINAL
VEH_4993,30,2026-08-30T10:21:21.606177,62.29,,49.99,2.899,11.42,8.2,3.22,28.0,0,NOMINAL
VEH_4994,1,2026-08-30T09:51:11.606177,66.7,43.28,38.93,1.808,18.03,17.21,0.82,34.3,0,NOMINAL
VEH_4994,2,2026-08-30T09:52:16.606177,70.12,44.64,38.39,1.959,18.96,18.09,0.87,34.6,0,NOMINAL
VEH_4994,3,2026-08-30T09:53:21.606177,72.43,,39.7,2.257,12.45,11.74,0.71,34.9,0,NOMINAL
VEH_4994,4,2026-08-30T09:54:26.606177,75.53,,39.81,2.151,13.32,12.61,0.71,35.2,0,NOMINAL
VEH_4994,5,2026-08-30T09:55:31.606177,64.02,,39.07,2.022,13.61,13.1,0.51,35.5,0,NOMINAL
VEH_4994,6,2026-08-30T09:56:36.606177,65.84,,41.48,2.278,12.38,11.58,0.8,35.8,0,NOMINAL
VEH_4994,7,2026-08-30T09:57:41.606177,69.46,43.9,39.51,2.575,18.0,17.29,0.71,36.1,0,NOMINAL
VEH_4994,8,2026-08-30T09:58:46.606177,73.65,44.12,40.1,2.363,19.0,18.17,0.83,36.4,0,NOMINAL
VEH_4994,9,2026-08-30T09:59:51.606177,72.37,,40.71,2.372,12.33,11.81,0.52,36.7,0,NOMINAL
VEH_4994,10,2026-08-30T10:00:56.606177,65.83,,43.12,2.409,13.25,12.3,0.95,37.0,0,NOMINAL
VEH_4994,11,2026-08-30T10:02:01.606177,67.49,,43.49,2.334,13.46,12.78,0.68,48.0,0,NOMINAL
VEH_4994,12,2026-08-30T10:03:06.606177,68.99,,42.77,2.511,10.91,10.16,0.75,48.0,0,NOMINAL
VEH_4994,13,2026-08-30T10:04:11.606177,71.66,,43.89,2.554,11.99,11.14,0.85,38.0,0,NOMINAL
VEH_4994,14,2026-08-30T10:05:16.606177,75.09,43.46,44.81,2.797,19.41,18.24,1.17,38.2,0,NOMINAL
VEH_4994,15,2026-08-30T10:06:21.606177,64.59,,45.24,2.341,13.78,12.7,1.08,38.0,0,NOMINAL
VEH_4994,16,2026-08-30T10:07:26.606177,66.65,,45.57,2.698,11.19,10.08,1.11,38.0,0,NOMINAL
VEH_4994,17,2026-08-30T10:08:31.606177,71.14,,46.26,2.642,13.15,11.06,2.09,60.0,0,NOMINAL
VEH_4994,18,2026-08-30T10:09:36.606177,72.91,,46.43,2.771,13.31,12.04,1.27,38.0,0,NOMINAL
VEH_4994,19,2026-08-30T10:10:41.606177,75.62,,44.84,2.417,11.53,9.21,2.32,29.5,0,NOMINAL
VEH_4994,20,2026-08-30T10:11:46.606177,65.74,,47.18,2.771,9.25,6.8,2.45,31.0,0,NOMINAL
VEH_4994,21,2026-08-30T10:12:51.606177,68.21,,47.15,2.73,10.48,7.58,2.9,28.0,0,NOMINAL
VEH_4994,22,2026-08-30T10:13:56.606177,69.75,,47.52,2.997,11.05,8.36,2.69,29.5,0,NOMINAL
VEH_4994,23,2026-08-30T10:15:01.606177,73.28,,48.34,2.71,11.76,9.14,2.62,31.0,0,NOMINAL
VEH_4994,24,2026-08-30T10:16:06.606177,75.71,,48.5,2.731,10.21,7.11,3.1,28.0,0,NOMINAL
VEH_4994,25,2026-08-30T10:17:11.606177,66.0,,47.17,2.691,10.19,7.5,2.69,29.5,0,NOMINAL
VEH_4994,26,2026-08-30T10:18:16.606177,66.71,43.93,47.88,3.129,15.84,13.11,2.73,31.0,0,NOMINAL
VEH_4994,27,2026-08-30T10:19:21.606177,69.13,43.69,48.78,3.088,17.17,13.89,3.28,28.0,0,NOMINAL
VEH_4994,28,2026-08-30T10:20:26.606177,72.91,,49.58,2.57,10.06,7.04,3.02,29.5,0,NOMINAL
VEH_4994,29,2026-08-30T10:21:31.606177,75.63,,50.96,2.883,10.83,7.81,3.02,31.0,0,NOMINAL
VEH_4994,30,2026-08-30T10:22:36.606177,64.72,,51.15,3.169,11.67,8.2,3.47,28.0,0,NOMINAL
VEH_4995,1,2026-08-30T09:52:26.606177,67.26,40.63,36.88,2.026,17.43,17.21,0.22,34.3,0,NOMINAL
VEH_4995,2,2026-08-30T09:53:31.606177,69.53,42.72,38.06,2.053,18.68,18.09,0.59,34.6,0,NOMINAL
VEH_4995,3,2026-08-30T09:54:36.606177,73.45,,39.77,2.143,12.49,11.74,0.75,34.9,0,NOMINAL
VEH_4995,4,2026-08-30T09:55:41.606177,77.08,,40.42,2.094,13.46,12.61,0.85,35.2,0,NOMINAL
VEH_4995,5,2026-08-30T09:56:46.606177,66.88,,39.47,2.243,13.76,13.1,0.66,35.5,0,NOMINAL
VEH_4995,6,2026-08-30T09:57:51.606177,65.02,,39.88,2.194,12.12,11.58,0.54,35.8,0,NOMINAL
VEH_4995,7,2026-08-30T09:58:56.606177,69.91,41.27,40.48,2.215,17.86,17.29,0.57,36.1,0,NOMINAL
VEH_4995,8,2026-08-30T10:00:01.606177,71.91,39.95,40.44,2.377,18.52,18.17,0.35,36.4,0,NOMINAL
VEH_4995,9,2026-08-30T10:01:06.606177,74.68,,39.83,2.207,12.27,11.81,0.46,36.7,0,NOMINAL
VEH_4995,10,2026-08-30T10:02:11.606177,67.2,,41.99,2.257,13.12,12.3,0.82,37.0,0,NOMINAL
VEH_4995,11,2026-08-30T10:03:16.606177,70.73,,42.17,2.167,13.76,12.78,0.98,48.0,0,NOMINAL
VEH_4995,12,2026-08-30T10:04:21.606177,70.59,,42.51,2.085,11.0,10.16,0.84,48.0,0,NOMINAL
VEH_4995,13,2026-08-30T10:05:26.606177,73.13,,43.39,2.199,11.96,11.14,0.82,38.0,0,NOMINAL
VEH_4995,14,2026-08-30T10:06:31.606177,76.04,40.97,44.2,2.568,19.06,18.24,0.82,38.2,0,NOMINAL
VEH_4995,15,2026-08-30T10:07:36.606177,65.41,,43.96,2.426,13.61,12.7,0.91,38.0,0,NOMINAL
VEH_4995,16,2026-08-30T10:08:41.606177,67.48,,46.39,2.551,11.34,10.08,1.26,38.0,0,NOMINAL
VEH_4995,17,2026-08-30T10:09:46.606177,69.67,,44.14,2.359,13.43,11.06,2.37,60.0,0,NOMINAL
VEH_4995,18,2026-08-30T10:10:51.606177,72.28,,45.41,2.776,13.14,12.04,1.1,38.0,0,NOMINAL
VEH_4995,19,2026-08-30T10:11:56.606177,76.82,,46.42,2.695,11.81,9.21,2.6,29.5,0,NOMINAL
VEH_4995,20,2026-08-30T10:13:01.606177,66.15,,46.33,2.482,9.14,6.8,2.34,31.0,0,NOMINAL
VEH_4995,21,2026-08-30T10:14:06.606177,68.21,,47.6,2.769,10.54,7.58,2.96,28.0,0,NOMINAL
VEH_4995,22,2026-08-30T10:15:11.606177,69.85,,48.6,2.682,11.22,8.36,2.86,29.5,0,NOMINAL
VEH_4995,23,2026-08-30T10:16:16.606177,73.16,,48.06,2.635,11.71,9.14,2.57,31.0,0,NOMINAL
VEH_4995,24,2026-08-30T10:17:21.606177,74.3,,48.35,2.799,10.14,7.11,3.03,28.0,0,NOMINAL
VEH_4995,25,2026-08-30T10:18:26.606177,66.46,,48.58,2.705,10.41,7.5,2.91,29.5,0,NOMINAL
VEH_4995,26,2026-08-30T10:19:31.606177,67.35,42.66,48.16,2.724,15.76,13.11,2.65,31.0,0,NOMINAL
VEH_4995,27,2026-08-30T10:20:36.606177,70.52,41.25,48.45,2.809,16.88,13.89,2.99,28.0,0,NOMINAL
VEH_4995,28,2026-08-30T10:21:41.606177,73.04,,50.29,3.012,10.17,7.04,3.13,29.5,0,NOMINAL
VEH_4995,29,2026-08-30T10:22:46.606177,73.66,,49.91,2.782,10.61,7.81,2.8,31.0,0,NOMINAL
VEH_4995,30,2026-08-30T10:23:51.606177,65.19,,52.41,2.961,11.87,8.2,3.67,28.0,0,NOMINAL
VEH_4996,1,2026-08-30T09:53:41.606177,67.06,44.35,37.75,2.067,17.99,17.21,0.78,34.3,0,NOMINAL
VEH_4996,2,2026-08-30T09:54:46.606177,72.55,44.49,38.92,2.049,19.1,18.09,1.01,34.6,0,NOMINAL
VEH_4996,3,2026-08-30T09:55:51.606177,74.42,,39.02,2.059,12.41,11.74,0.67,34.9,0,NOMINAL
VEH_4996,4,2026-08-30T09:56:56.606177,75.18,,39.36,1.972,13.24,12.61,0.63,35.2,0,NOMINAL
VEH_4996,5,2026-08-30T09:58:01.606177,64.06,,39.69,1.93,13.7,13.1,0.6,35.5,0,NOMINAL
VEH_4996,6,2026-08-30T09:59:06.606177,66.64,,40.96,2.325,12.33,11.58,0.75,35.8,0,NOMINAL
VEH_4996,7,2026-08-30T10:00:11.606177,70.31,42.44,40.47,2.113,18.0,17.29,0.71,36.1,0,NOMINAL
VEH_4996,8,2026-08-30T10:01:16.606177,71.2,44.03,41.56,2.289,19.13,18.17,0.96,36.4,0,NOMINAL
VEH_4996,9,2026-08-30T10:02:21.606177,73.29,,39.47,2.356,12.18,11.81,0.37,36.7,0,NOMINAL
VEH_4996,10,2026-08-30T10:03:26.606177,64.89,,42.67,2.386,13.15,12.3,0.85,37.0,0,NOMINAL
VEH_4996,11,2026-08-30T10:04:31.606177,68.17,,42.31,2.65,13.66,12.78,0.88,48.0,0,NOMINAL
VEH_4996,12,2026-08-30T10:05:36.606177,70.1,,42.02,2.269,11.06,10.16,0.9,48.0,0,NOMINAL
VEH_4996,13,2026-08-30T10:06:41.606177,73.62,,44.4,2.554,12.13,11.14,0.99,38.0,0,NOMINAL
VEH_4996,14,2026-08-30T10:07:46.606177,74.16,41.97,44.48,2.546,19.15,18.24,0.91,38.2,0,NOMINAL
VEH_4996,15,2026-08-30T10:08:51.606177,65.38,,44.1,2.504,13.63,12.7,0.93,38.0,0,NOMINAL
VEH_4996,16,2026-08-30T10:09:56.606177,66.82,,46.22,2.66,11.29,10.08,1.21,38.0,0,NOMINAL
VEH_4996,17,2026-08-30T10:11:01.606177,70.65,,44.97,2.642,13.33,11.06,2.27,60.0,0,NOMINAL
VEH_4996,18,2026-08-30T10:12:06.606177,74.31,,47.06,2.661,13.45,12.04,1.41,38.0,0,NOMINAL
VEH_4996,19,2026-08-30T10:13:11.606177,75.91,,45.02,2.436,11.57,9.21,2.36,29.5,0,NOMINAL
VEH_4996,20,2026-08-30T10:14:16.606177,65.32,,46.27,2.946,9.1,6.8,2.3,31.0,0,NOMINAL
VEH_4996,21,2026-08-30T10:15:21.606177,68.98,,47.62,2.599,10.57,7.58,2.99,28.0,0,NOMINAL
VEH_4996,22,2026-08-30T10:16:26.606177,68.94,,47.73,2.713,11.06,8.36,2.7,29.5,0,NOMINAL
VEH_4996,23,2026-08-30T10:17:31.606177,73.21,,46.55,2.723,11.49,9.14,2.35,31.0,0,NOMINAL
VEH_4996,24,2026-08-30T10:18:36.606177,72.47,,48.67,2.824,10.14,7.11,3.03,28.0,0,NOMINAL
VEH_4996,25,2026-08-30T10:19:41.606177,64.98,,48.64,2.823,10.37,7.5,2.87,29.5,0,NOMINAL
VEH_4996,26,2026-08-30T10:20:46.606177,68.24,43.92,48.6,2.606,15.99,13.11,2.88,31.0,0,NOMINAL
VEH_4996,27,2026-08-30T10:21:51.606177,68.84,42.06,48.91,2.632,17.0,13.89,3.11,28.0,0,NOMINAL
VEH_4996,28,2026-08-30T10:22:56.606177,72.66,,49.09,2.985,9.98,7.04,2.94,29.5,0,NOMINAL
VEH_4996,29,2026-08-30T10:24:01.606177,74.17,,50.15,2.919,10.66,7.81,2.85,31.0,0,NOMINAL
VEH_4996,30,2026-08-30T10:25:06.606177,64.46,,50.86,2.975,11.62,8.2,3.42,28.0,0,NOMINAL
VEH_4997,1,2026-08-30T09:54:56.606177,66.97,43.31,38.86,2.046,18.03,17.21,0.82,34.3,0,NOMINAL
VEH_4997,2,2026-08-30T09:56:01.606177,69.09,43.58,39.78,2.253,19.02,18.09,0.93,34.6,0,NOMINAL
VEH_4997,3,2026-08-30T09:57:06.606177,72.44,,40.18,2.386,12.53,11.74,0.79,34.9,0,NOMINAL
VEH_4997,4,2026-08-30T09:58:11.606177,75.58,,39.44,2.341,13.27,12.61,0.66,35.2,0,NOMINAL
VEH_4997,5,2026-08-30T09:59:16.606177,66.37,,40.54,1.946,13.9,13.1,0.8,35.5,0,NOMINAL
VEH_4997,6,2026-08-30T10:00:21.606177,67.38,,42.36,1.977,12.56,11.58,0.98,35.8,0,NOMINAL
VEH_4997,7,2026-08-30T10:01:26.606177,68.96,42.91,43.24,2.268,18.43,17.29,1.14,36.1,0,NOMINAL
VEH_4997,8,2026-08-30T10:02:31.606177,73.02,42.25,42.5,2.24,19.12,18.17,0.95,36.4,0,NOMINAL
VEH_4997,9,2026-08-30T10:03:36.606177,75.83,,41.21,2.278,12.51,11.81,0.7,36.7,0,NOMINAL
VEH_4997,10,2026-08-30T10:04:41.606177,65.67,,40.97,2.285,12.92,12.3,0.62,37.0,0,NOMINAL
VEH_4997,11,2026-08-30T10:05:46.606177,66.81,,42.82,2.675,13.54,12.78,0.76,48.0,0,NOMINAL
VEH_4997,12,2026-08-30T10:06:51.606177,70.57,,41.97,2.19,11.08,10.16,0.92,48.0,0,NOMINAL
VEH_4997,13,2026-08-30T10:07:56.606177,72.67,,42.69,2.641,11.84,11.14,0.7,38.0,0,NOMINAL
VEH_4997,14,2026-08-30T10:09:01.606177,75.26,41.45,43.15,2.685,18.93,18.24,0.69,38.2,0,NOMINAL
VEH_4997,15,2026-08-30T10:10:06.606177,63.07,,44.64,2.201,13.64,12.7,0.94,38.0,0,NOMINAL
VEH_4997,16,2026-08-30T10:11:11.606177,67.57,,45.01,2.86,11.13,10.08,1.05,38.0,0,NOMINAL
VEH_4997,17,2026-08-30T10:12:16.606177,67.65,,45.54,2.575,13.15,11.06,2.09,60.0,0,NOMINAL
VEH_4997,18,2026-08-30T10:13:21.606177,71.42,,46.15,2.854,13.23,12.04,1.19,38.0,0,NOMINAL
VEH_4997,19,2026-08-30T10:14:26.606177,76.48,,46.55,2.539,11.82,9.21,2.61,29.5,0,NOMINAL
VEH_4997,20,2026-08-30T10:15:31.606177,61.98,,46.51,2.702,9.04,6.8,2.24,31.0,0,NOMINAL
VEH_4997,21,2026-08-30T10:16:36.606177,67.05,,47.82,2.868,10.54,7.58,2.96,28.0,0,NOMINAL
VEH_4997,22,2026-08-30T10:17:41.606177,70.21,,46.8,2.868,10.96,8.36,2.6,29.5,0,NOMINAL
VEH_4997,23,2026-08-30T10:18:46.606177,73.01,,46.87,2.973,11.53,9.14,2.39,31.0,0,NOMINAL
VEH_4997,24,2026-08-30T10:19:51.606177,75.64,,48.1,2.747,10.15,7.11,3.04,28.0,0,NOMINAL
VEH_4997,25,2026-08-30T10:20:56.606177,66.95,,48.92,3.056,10.48,7.5,2.98,29.5,0,NOMINAL
VEH_4997,26,2026-08-30T10:22:01.606177,67.68,42.17,50.12,2.765,16.0,13.11,2.89,31.0,0,NOMINAL
VEH_4997,27,2026-08-30T10:23:06.606177,71.47,41.63,49.13,2.587,17.06,13.89,3.17,28.0,0,NOMINAL
VEH_4997,28,2026-08-30T10:24:11.606177,71.45,,50.12,2.671,10.1,7.04,3.06,29.5,0,NOMINAL
VEH_4997,29,2026-08-30T10:25:16.606177,75.76,,50.24,2.493,10.72,7.81,2.91,31.0,0,NOMINAL
VEH_4997,30,2026-08-30T10:26:21.606177,65.01,,50.32,2.699,11.55,8.2,3.35,28.0,0,NOMINAL
VEH_4998,1,2026-08-30T09:56:11.606177,66.81,41.31,38.51,1.926,17.74,17.21,0.53,34.3,0,NOMINAL
VEH_4998,2,2026-08-30T09:57:16.606177,71.36,39.5,39.13,2.015,18.52,18.09,0.43,34.6,0,NOMINAL
VEH_4998,3,2026-08-30T09:58:21.606177,71.01,,40.05,1.964,12.46,11.74,0.72,34.9,0,NOMINAL
VEH_4998,4,2026-08-30T09:59:26.606177,73.59,,39.91,2.275,13.28,12.61,0.67,35.2,0,NOMINAL
VEH_4998,5,2026-08-30T10:00:31.606177,66.09,,39.48,2.132,13.73,13.1,0.63,35.5,0,NOMINAL
VEH_4998,6,2026-08-30T10:01:36.606177,67.17,,40.53,2.037,12.28,11.58,0.7,35.8,0,NOMINAL
VEH_4998,7,2026-08-30T10:02:41.606177,69.57,41.03,40.22,1.861,17.78,17.29,0.49,36.1,0,NOMINAL
VEH_4998,8,2026-08-30T10:03:46.606177,73.31,39.74,42.28,2.231,18.81,18.17,0.64,36.4,0,NOMINAL
VEH_4998,9,2026-08-30T10:04:51.606177,74.86,,42.66,2.182,12.7,11.81,0.89,36.7,0,NOMINAL
VEH_4998,10,2026-08-30T10:05:56.606177,63.35,,42.81,2.397,13.12,12.3,0.82,37.0,0,NOMINAL
VEH_4998,11,2026-08-30T10:07:01.606177,65.72,,41.84,2.295,13.65,12.78,0.87,48.0,0,NOMINAL
VEH_4998,12,2026-08-30T10:08:06.606177,69.84,,42.7,2.384,10.95,10.16,0.79,48.0,0,NOMINAL
VEH_4998,13,2026-08-30T10:09:11.606177,72.77,,44.0,2.444,12.04,11.14,0.9,38.0,0,NOMINAL
VEH_4998,14,2026-08-30T10:10:16.606177,75.69,38.91,43.8,2.63,18.75,18.24,0.51,38.2,0,NOMINAL
VEH_4998,15,2026-08-30T10:11:21.606177,66.72,,42.37,2.515,13.41,12.7,0.71,38.0,0,NOMINAL
VEH_4998,16,2026-08-30T10:12:26.606177,66.81,,44.21,2.615,10.99,10.08,0.91,38.0,0,NOMINAL
VEH_4998,17,2026-08-30T10:13:31.606177,68.7,,45.61,2.355,13.18,11.06,2.12,60.0,0,NOMINAL
VEH_4998,18,2026-08-30T10:14:36.606177,73.15,,48.0,2.776,13.55,12.04,1.51,38.0,0,NOMINAL
VEH_4998,19,2026-08-30T10:15:41.606177,75.56,,45.86,2.413,11.68,9.21,2.47,29.5,0,NOMINAL
VEH_4998,20,2026-08-30T10:16:46.606177,64.42,,47.21,2.375,9.22,6.8,2.42,31.0,0,NOMINAL
VEH_4998,21,2026-08-30T10:17:51.606177,64.91,,47.69,2.606,10.45,7.58,2.87,28.0,0,NOMINAL
VEH_4998,22,2026-08-30T10:18:56.606177,70.63,,48.44,2.405,11.22,8.36,2.86,29.5,0,NOMINAL
VEH_4998,23,2026-08-30T10:20:01.606177,71.15,,47.35,2.85,11.55,9.14,2.41,31.0,0,NOMINAL
VEH_4998,24,2026-08-30T10:21:06.606177,77.68,,48.35,2.672,10.25,7.11,3.14,28.0,0,NOMINAL
VEH_4998,25,2026-08-30T10:22:11.606177,66.02,,48.35,2.54,10.36,7.5,2.86,29.5,0,NOMINAL
VEH_4998,26,2026-08-30T10:23:16.606177,67.76,40.12,49.1,2.596,15.62,13.11,2.51,31.0,0,NOMINAL
VEH_4998,27,2026-08-30T10:24:21.606177,70.37,40.74,47.94,2.688,16.75,13.89,2.86,28.0,0,NOMINAL
VEH_4998,28,2026-08-30T10:25:26.606177,74.0,,49.09,2.79,10.02,7.04,2.98,29.5,0,NOMINAL
VEH_4998,29,2026-08-30T10:26:31.606177,76.71,,48.55,2.717,10.5,7.81,2.69,31.0,0,NOMINAL
VEH_4998,30,2026-08-30T10:27:36.606177,64.27,,51.18,2.848,11.66,8.2,3.46,28.0,0,NOMINAL
VEH_4999,1,2026-08-30T09:57:26.606177,67.65,43.78,39.43,2.058,18.19,17.21,0.98,34.3,0,NOMINAL
VEH_4999,2,2026-08-30T09:58:31.606177,69.56,42.38,38.82,2.156,18.75,18.09,0.66,34.6,0,NOMINAL
VEH_4999,3,2026-08-30T09:59:36.606177,73.78,,38.16,2.182,12.26,11.74,0.52,34.9,0,NOMINAL
VEH_4999,4,2026-08-30T10:00:41.606177,76.69,,39.06,2.469,13.24,12.61,0.63,35.2,0,NOMINAL
VEH_4999,5,2026-08-30T10:01:46.606177,66.12,,40.44,2.095,13.88,13.1,0.78,35.5,0,NOMINAL
VEH_4999,6,2026-08-30T10:02:51.606177,66.89,,41.77,2.251,12.46,11.58,0.88,35.8,0,NOMINAL
VEH_4999,7,2026-08-30T10:03:56.606177,71.07,43.12,41.16,2.116,18.21,17.29,0.92,36.1,0,NOMINAL
VEH_4999,8,2026-08-30T10:05:01.606177,72.64,43.21,41.93,2.234,19.14,18.17,0.97,36.4,0,NOMINAL
VEH_4999,9,2026-08-30T10:06:06.606177,74.41,,41.33,2.257,12.49,11.81,0.68,36.7,0,NOMINAL
VEH_4999,10,2026-08-30T10:07:11.606177,65.03,,42.19,2.124,13.08,12.3,0.78,37.0,0,NOMINAL
VEH_4999,11,2026-08-30T10:08:16.606177,67.91,,42.69,2.557,13.59,12.78,0.81,48.0,0,NOMINAL
VEH_4999,12,2026-08-30T10:09:21.606177,69.74,,43.11,2.435,10.88,10.16,0.72,48.0,0,NOMINAL
VEH_4999,13,2026-08-30T10:10:26.606177,69.68,,42.85,2.726,11.78,11.14,0.64,38.0,0,NOMINAL
VEH_4999,14,2026-08-30T10:11:31.606177,74.94,43.2,42.94,2.761,19.09,18.24,0.85,38.2,0,NOMINAL
VEH_4999,15,2026-08-30T10:12:36.606177,65.5,,43.13,2.475,13.49,12.7,0.79,38.0,0,NOMINAL
VEH_4999,16,2026-08-30T10:13:41.606177,67.17,,45.98,2.595,11.27,10.08,1.19,38.0,0,NOMINAL
VEH_4999,17,2026-08-30T10:14:46.606177,68.74,,45.45,2.79,13.2,11.06,2.14,60.0,0,NOMINAL
VEH_4999,18,2026-08-30T10:15:51.606177,72.96,,46.44,2.82,13.32,12.04,1.28,38.0,0,NOMINAL
VEH_4999,19,2026-08-30T10:16:56.606177,75.74,,45.71,2.471,11.67,9.21,2.46,29.5,0,NOMINAL
VEH_4999,20,2026-08-30T10:18:01.606177,66.14,,46.49,2.793,9.16,6.8,2.36,31.0,0,NOMINAL
VEH_4999,21,2026-08-30T10:19:06.606177,66.84,,45.7,2.782,10.22,7.58,2.64,28.0,0,NOMINAL
VEH_4999,22,2026-08-30T10:20:11.606177,68.38,,47.87,2.632,11.06,8.36,2.7,29.5,0,NOMINAL
VEH_4999,23,2026-08-30T10:21:16.606177,72.31,,47.13,2.532,11.55,9.14,2.41,31.0,0,NOMINAL
VEH_4999,24,2026-08-30T10:22:21.606177,73.98,,47.21,2.748,9.96,7.11,2.85,28.0,0,NOMINAL
VEH_4999,25,2026-08-30T10:23:26.606177,64.8,,48.58,2.721,10.36,7.5,2.86,29.5,0,NOMINAL
VEH_4999,26,2026-08-30T10:24:31.606177,68.01,45.24,49.02,2.821,16.2,13.11,3.09,31.0,0,NOMINAL
VEH_4999,27,2026-08-30T10:25:36.606177,69.2,42.06,48.98,2.918,17.02,13.89,3.13,28.0,0,NOMINAL
VEH_4999,28,2026-08-30T10:26:41.606177,71.0,,48.17,3.077,9.79,7.04,2.75,29.5,0,NOMINAL
VEH_4999,29,2026-08-30T10:27:46.606177,75.58,,48.97,2.789,10.53,7.81,2.72,31.0,0,NOMINAL
VEH_4999,30,2026-08-30T10:28:51.606177,65.65,,50.09,2.925,11.54,8.2,3.34,28.0,0,NOMINAL
VEH_5000,1,2026-08-30T09:58:41.606177,66.36,44.24,38.11,1.848,18.0,17.21,0.79,34.3,0,NOMINAL
VEH_5000,2,2026-08-30T09:59:46.606177,71.29,39.48,39.63,2.125,18.59,18.09,0.5,34.6,0,NOMINAL
VEH_5000,3,2026-08-30T10:00:51.606177,73.01,,39.68,2.018,12.47,11.74,0.73,34.9,0,NOMINAL
VEH_5000,4,2026-08-30T10:01:56.606177,73.26,,40.18,2.352,13.31,12.61,0.7,35.2,0,NOMINAL
VEH_5000,5,2026-08-30T10:03:01.606177,64.44,,39.42,2.242,13.68,13.1,0.58,35.5,0,NOMINAL
VEH_5000,6,2026-08-30T10:04:06.606177,68.74,,41.4,2.295,12.46,11.58,0.88,35.8,0,NOMINAL
VEH_5000,7,2026-08-30T10:05:11.606177,69.53,42.57,41.14,1.994,18.1,17.29,0.81,36.1,0,NOMINAL
VEH_5000,8,2026-08-30T10:06:16.606177,71.51,41.45,42.69,2.411,19.02,18.17,0.85,36.4,0,NOMINAL
VEH_5000,9,2026-08-30T10:07:21.606177,72.88,,43.27,2.071,12.73,11.81,0.92,36.7,0,NOMINAL
VEH_5000,10,2026-08-30T10:08:26.606177,63.08,,42.14,2.545,13.02,12.3,0.72,37.0,0,NOMINAL
VEH_5000,11,2026-08-30T10:09:31.606177,68.4,,42.77,2.279,13.59,12.78,0.81,48.0,0,NOMINAL
VEH_5000,12,2026-08-30T10:10:36.606177,70.29,,43.94,2.302,10.78,10.16,0.62,48.0,0,NOMINAL
VEH_5000,13,2026-08-30T10:11:41.606177,72.27,,43.94,2.404,12.02,11.14,0.88,38.0,0,NOMINAL
VEH_5000,14,2026-08-30T10:12:46.606177,73.6,43.97,44.15,2.401,19.32,18.24,1.08,38.2,0,NOMINAL
VEH_5000,15,2026-08-30T10:13:51.606177,65.97,,44.13,2.553,13.65,12.7,0.95,38.0,0,NOMINAL
VEH_5000,16,2026-08-30T10:14:56.606177,67.16,,45.27,2.552,11.16,10.08,1.08,38.0,0,NOMINAL
VEH_5000,17,2026-08-30T10:16:01.606177,69.03,,44.87,2.401,13.3,11.06,2.24,60.0,0,NOMINAL
VEH_5000,18,2026-08-30T10:17:06.606177,71.38,,46.05,2.722,13.21,12.04,1.17,38.0,0,NOMINAL
VEH_5000,19,2026-08-30T10:18:11.606177,76.31,,46.91,2.603,11.86,9.21,2.65,29.5,0,NOMINAL
VEH_5000,20,2026-08-30T10:19:16.606177,65.8,,45.74,2.799,9.04,6.8,2.24,31.0,0,NOMINAL
VEH_5000,21,2026-08-30T10:20:21.606177,65.25,,47.24,2.648,10.4,7.58,2.82,28.0,0,NOMINAL
VEH_5000,22,2026-08-30T10:21:26.606177,71.26,,47.12,2.709,11.04,8.36,2.68,29.5,0,NOMINAL
VEH_5000,23,2026-08-30T10:22:31.606177,72.12,,47.91,2.935,11.66,9.14,2.52,31.0,0,NOMINAL
VEH_5000,24,2026-08-30T10:23:36.606177,75.02,,48.53,2.646,10.19,7.11,3.08,28.0,0,NOMINAL
VEH_5000,25,2026-08-30T10:24:41.606177,65.68,,48.9,2.792,10.43,7.5,2.93,29.5,0,NOMINAL
VEH_5000,26,2026-08-30T10:25:46.606177,66.31,42.98,48.73,2.851,15.85,13.11,2.74,31.0,0,NOMINAL
VEH_5000,27,2026-08-30T10:26:51.606177,70.07,42.46,49.61,2.788,17.18,13.89,3.29,28.0,0,NOMINAL
VEH_5000,28,2026-08-30T10:27:56.606177,74.09,,49.15,2.87,10.03,7.04,2.99,29.5,0,NOMINAL
VEH_5000,29,2026-08-30T10:29:01.606177,76.51,,49.8,2.762,10.68,7.81,2.87,31.0,0,NOMINAL
VEH_5000,30,2026-08-30T10:30:06.606177,65.14,,50.09,3.095,11.52,8.2,3.32,28.0,0,NOMINAL
VEH_5001,1,2026-08-30T09:59:56.606177,65.88,40.38,39.52,1.861,17.76,17.21,0.55,34.3,0,NOMINAL
VEH_5001,2,2026-08-30T10:01:01.606177,70.09,39.65,39.67,1.91,18.58,18.09,0.49,34.6,0,NOMINAL
VEH_5001,3,2026-08-30T10:02:06.606177,72.3,,39.58,1.854,12.43,11.74,0.69,34.9,0,NOMINAL
VEH_5001,4,2026-08-30T10:03:11.606177,74.99,,39.65,2.056,13.28,12.61,0.67,35.2,0,NOMINAL
VEH_5001,5,2026-08-30T10:04:16.606177,62.75,,40.24,1.85,13.75,13.1,0.65,35.5,0,NOMINAL
VEH_5001,6,2026-08-30T10:05:21.606177,66.33,,42.0,2.094,12.48,11.58,0.9,35.8,0,NOMINAL
VEH_5001,7,2026-08-30T10:06:26.606177,68.64,38.41,39.88,2.071,17.4,17.29,0.11,36.1,0,NOMINAL
VEH_5001,8,2026-08-30T10:07:31.606177,73.83,38.8,43.14,2.241,18.85,18.17,0.68,36.4,0,NOMINAL
VEH_5001,9,2026-08-30T10:08:36.606177,74.87,,41.68,2.236,12.56,11.81,0.75,36.7,0,NOMINAL
VEH_5001,10,2026-08-30T10:09:41.606177,65.8,,42.37,2.2,13.13,12.3,0.83,37.0,0,NOMINAL
VEH_5001,11,2026-08-30T10:10:46.606177,68.57,,44.29,2.438,13.37,12.78,0.59,48.0,0,NOMINAL
VEH_5001,12,2026-08-30T10:11:51.606177,69.46,,43.43,2.425,10.83,10.16,0.67,48.0,0,NOMINAL
VEH_5001,13,2026-08-30T10:12:56.606177,71.17,,44.08,2.325,12.01,11.14,0.87,38.0,0,NOMINAL
VEH_5001,14,2026-08-30T10:14:01.606177,75.77,38.1,45.3,2.363,18.88,18.24,0.64,38.2,0,NOMINAL
VEH_5001,15,2026-08-30T10:15:06.606177,65.73,,43.13,2.253,13.5,12.7,0.8,38.0,0,NOMINAL
VEH_5001,16,2026-08-30T10:16:11.606177,67.51,,45.02,2.664,11.13,10.08,1.05,38.0,0,NOMINAL
VEH_5001,17,2026-08-30T10:17:16.606177,68.02,,45.02,2.365,13.24,11.06,2.18,60.0,0,NOMINAL
VEH_5001,18,2026-08-30T10:18:21.606177,72.34,,45.47,2.671,13.15,12.04,1.11,38.0,0,NOMINAL
VEH_5001,19,2026-08-30T10:19:26.606177,74.56,,46.78,2.669,11.79,9.21,2.58,29.5,0,NOMINAL
VEH_5001,20,2026-08-30T10:20:31.606177,67.93,,46.08,2.825,9.16,6.8,2.36,31.0,0,NOMINAL
VEH_5001,21,2026-08-30T10:21:36.606177,67.4,,47.03,2.924,10.43,7.58,2.85,28.0,0,NOMINAL
VEH_5001,22,2026-08-30T10:22:41.606177,68.7,,48.64,2.538,11.19,8.36,2.83,29.5,0,NOMINAL
VEH_5001,23,2026-08-30T10:23:46.606177,73.74,,48.01,2.629,11.73,9.14,2.59,31.0,0,NOMINAL
VEH_5001,24,2026-08-30T10:24:51.606177,76.13,,47.63,2.482,10.09,7.11,2.98,28.0,0,NOMINAL
VEH_5001,25,2026-08-30T10:25:56.606177,66.7,,48.66,2.677,10.43,7.5,2.93,29.5,0,NOMINAL
VEH_5001,26,2026-08-30T10:27:01.606177,65.54,37.3,49.1,2.486,15.22,13.11,2.11,31.0,0,NOMINAL
VEH_5001,27,2026-08-30T10:28:06.606177,70.71,39.57,49.14,2.774,16.8,13.89,2.91,28.0,0,NOMINAL
VEH_5001,28,2026-08-30T10:29:11.606177,71.65,,51.1,2.743,10.25,7.04,3.21,29.5,0,NOMINAL
VEH_5001,29,2026-08-30T10:30:16.606177,74.59,,48.35,2.819,10.4,7.81,2.59,31.0,0,NOMINAL
VEH_5001,30,2026-08-30T10:31:21.606177,63.5,,51.13,2.756,11.63,8.2,3.43,28.0,0,NOMINAL
VEH_5002,1,2026-08-30T10:01:11.606177,67.51,45.02,39.0,2.018,18.26,17.21,1.05,34.3,0,NOMINAL
VEH_5002,2,2026-08-30T10:02:16.606177,67.07,44.54,39.8,2.351,19.07,18.09,0.98,34.6,0,NOMINAL
VEH_5002,3,2026-08-30T10:03:21.606177,72.04,,39.65,2.156,12.43,11.74,0.69,34.9,0,NOMINAL
VEH_5002,4,2026-08-30T10:04:26.606177,76.34,,40.57,2.269,13.46,12.61,0.85,35.2,0,NOMINAL
VEH_5002,5,2026-08-30T10:05:31.606177,65.52,,40.34,1.902,13.85,13.1,0.75,35.5,0,NOMINAL
VEH_5002,6,2026-08-30T10:06:36.606177,66.81,,40.5,2.4,12.27,11.58,0.69,35.8,0,NOMINAL
VEH_5002,7,2026-08-30T10:07:41.606177,69.12,41.58,40.84,2.355,17.92,17.29,0.63,36.1,0,NOMINAL
VEH_5002,8,2026-08-30T10:08:46.606177,70.42,42.96,40.75,2.559,18.86,18.17,0.69,36.4,0,NOMINAL
VEH_5002,9,2026-08-30T10:09:51.606177,74.56,,41.62,2.181,12.54,11.81,0.73,36.7,0,NOMINAL
VEH_5002,10,2026-08-30T10:10:56.606177,62.92,,42.02,2.674,12.99,12.3,0.69,37.0,0,NOMINAL
VEH_5002,11,2026-08-30T10:12:01.606177,68.3,,42.13,2.402,13.69,12.78,0.91,48.0,0,NOMINAL
VEH_5002,12,2026-08-30T10:13:06.606177,72.04,,42.15,2.353,11.1,10.16,0.94,48.0,0,NOMINAL
VEH_5002,13,2026-08-30T10:14:11.606177,72.87,,43.81,2.48,12.02,11.14,0.88,38.0,0,NOMINAL
VEH_5002,14,2026-08-30T10:15:16.606177,75.7,42.26,43.85,2.78,19.14,18.24,0.9,38.2,0,NOMINAL
VEH_5002,15,2026-08-30T10:16:21.606177,65.94,,44.47,2.488,13.7,12.7,1.0,38.0,0,NOMINAL
VEH_5002,16,2026-08-30T10:17:26.606177,66.24,,44.46,2.961,11.01,10.08,0.93,38.0,0,NOMINAL
VEH_5002,17,2026-08-30T10:18:31.606177,69.03,,44.94,2.403,13.29,11.06,2.23,60.0,0,NOMINAL
VEH_5002,18,2026-08-30T10:19:36.606177,72.15,,45.78,2.886,13.19,12.04,1.15,38.0,0,NOMINAL
VEH_5002,19,2026-08-30T10:20:41.606177,75.06,,46.53,2.668,11.77,9.21,2.56,29.5,0,NOMINAL
VEH_5002,20,2026-08-30T10:21:46.606177,66.36,,46.81,2.674,9.22,6.8,2.42,31.0,0,NOMINAL
VEH_5002,21,2026-08-30T10:22:51.606177,66.3,,47.45,2.887,10.46,7.58,2.88,28.0,0,NOMINAL
VEH_5002,22,2026-08-30T10:23:56.606177,69.14,,47.99,2.639,11.11,8.36,2.75,29.5,0,NOMINAL
VEH_5002,23,2026-08-30T10:25:01.606177,71.91,,48.2,2.548,11.7,9.14,2.56,31.0,0,NOMINAL
VEH_5002,24,2026-08-30T10:26:06.606177,74.01,,47.97,2.668,10.08,7.11,2.97,28.0,0,NOMINAL
VEH_5002,25,2026-08-30T10:27:11.606177,64.56,,48.71,2.855,10.37,7.5,2.87,29.5,0,NOMINAL
VEH_5002,26,2026-08-30T10:28:16.606177,66.35,41.24,48.74,2.787,15.65,13.11,2.54,31.0,0,NOMINAL
VEH_5002,27,2026-08-30T10:29:21.606177,68.66,41.58,48.73,3.061,16.91,13.89,3.02,28.0,0,NOMINAL
VEH_5002,28,2026-08-30T10:30:26.606177,70.27,,50.12,2.797,10.06,7.04,3.02,29.5,0,NOMINAL
VEH_5002,29,2026-08-30T10:31:31.606177,73.95,,50.61,2.887,10.72,7.81,2.91,31.0,0,NOMINAL
VEH_5002,30,2026-08-30T10:32:36.606177,66.18,,51.97,3.298,11.84,8.2,3.64,28.0,0,NOMINAL
VEH_5003,1,2026-08-30T10:02:26.606177,67.34,43.05,38.51,2.097,17.96,17.21,0.75,34.3,0,NOMINAL
VEH_5003,2,2026-08-30T10:03:31.606177,69.62,42.52,39.12,1.911,18.81,18.09,0.72,34.6,0,NOMINAL
VEH_5003,3,2026-08-30T10:04:36.606177,73.85,,38.82,2.002,12.36,11.74,0.62,34.9,0,NOMINAL
VEH_5003,4,2026-08-30T10:05:41.606177,75.88,,39.34,1.961,13.26,12.61,0.65,35.2,0,NOMINAL
VEH_5003,5,2026-08-30T10:06:46.606177,63.87,,40.44,2.103,13.81,13.1,0.71,35.5,0,NOMINAL
VEH_5003,6,2026-08-30T10:07:51.606177,67.91,,39.88,2.365,12.21,11.58,0.63,35.8,0,NOMINAL
VEH_5003,7,2026-08-30T10:08:56.606177,70.82,42.98,40.12,2.303,18.03,17.29,0.74,36.1,0,NOMINAL
VEH_5003,8,2026-08-30T10:10:01.606177,72.95,44.74,42.14,2.179,19.36,18.17,1.19,36.4,0,NOMINAL
VEH_5003,9,2026-08-30T10:11:06.606177,74.8,,40.82,2.325,12.42,11.81,0.61,36.7,0,NOMINAL
VEH_5003,10,2026-08-30T10:12:11.606177,65.15,,42.67,2.426,13.16,12.3,0.86,37.0,0,NOMINAL
VEH_5003,11,2026-08-30T10:13:16.606177,66.58,,42.31,2.375,13.61,12.78,0.83,48.0,0,NOMINAL
VEH_5003,12,2026-08-30T10:14:21.606177,68.86,,43.0,2.394,10.87,10.16,0.71,48.0,0,NOMINAL
VEH_5003,13,2026-08-30T10:15:26.606177,73.73,,42.3,2.307,11.82,11.14,0.68,38.0,0,NOMINAL
VEH_5003,14,2026-08-30T10:16:31.606177,74.1,43.57,45.93,2.464,19.55,18.24,1.31,38.2,0,NOMINAL
VEH_5003,15,2026-08-30T10:17:36.606177,66.25,,43.55,2.392,13.57,12.7,0.87,38.0,0,NOMINAL
VEH_5003,16,2026-08-30T10:18:41.606177,68.11,,45.12,2.712,11.17,10.08,1.09,38.0,0,NOMINAL
VEH_5003,17,2026-08-30T10:19:46.606177,71.15,,44.78,2.79,13.38,11.06,2.32,60.0,0,NOMINAL
VEH_5003,18,2026-08-30T10:20:51.606177,71.45,,47.24,2.734,13.39,12.04,1.35,38.0,0,NOMINAL
VEH_5003,19,2026-08-30T10:21:56.606177,77.37,,46.19,2.581,11.79,9.21,2.58,29.5,0,NOMINAL
VEH_5003,20,2026-08-30T10:23:01.606177,64.07,,46.36,3.018,9.08,6.8,2.28,31.0,0,NOMINAL
VEH_5003,21,2026-08-30T10:24:06.606177,68.75,,46.96,2.627,10.46,7.58,2.88,28.0,0,NOMINAL
VEH_5003,22,2026-08-30T10:25:11.606177,71.35,,47.99,2.844,11.17,8.36,2.81,29.5,0,NOMINAL
VEH_5003,23,2026-08-30T10:26:16.606177,71.25,,47.66,2.925,11.6,9.14,2.46,31.0,0,NOMINAL
VEH_5003,24,2026-08-30T10:27:21.606177,73.64,,48.57,2.847,10.16,7.11,3.05,28.0,0,NOMINAL
VEH_5003,25,2026-08-30T10:28:26.606177,65.84,,47.82,2.966,10.28,7.5,2.78,29.5,0,NOMINAL
VEH_5003,26,2026-08-30T10:29:31.606177,67.31,42.69,48.82,2.971,15.86,13.11,2.75,31.0,0,NOMINAL
VEH_5003,27,2026-08-30T10:30:36.606177,68.9,39.93,49.6,2.656,16.86,13.89,2.97,28.0,0,NOMINAL
VEH_5003,28,2026-08-30T10:31:41.606177,69.69,,49.34,3.089,9.92,7.04,2.88,29.5,0,NOMINAL
VEH_5003,29,2026-08-30T10:32:46.606177,74.36,,50.59,2.848,10.73,7.81,2.92,31.0,0,NOMINAL
VEH_5003,30,2026-08-30T10:33:51.606177,65.32,,49.78,3.025,11.48,8.2,3.28,28.0,0,NOMINAL
VEH_5004,1,2026-08-30T10:03:41.606177,67.72,39.36,37.53,1.961,17.4,17.21,0.19,34.3,0,NOMINAL
VEH_5004,2,2026-08-30T10:04:46.606177,72.34,40.1,39.3,2.175,18.65,18.09,0.56,34.6,0,NOMINAL
VEH_5004,3,2026-08-30T10:05:51.606177,72.94,,39.87,2.196,12.5,11.74,0.76,34.9,0,NOMINAL
VEH_5004,4,2026-08-30T10:06:56.606177,75.84,,40.21,2.003,13.39,12.61,0.78,35.2,0,NOMINAL
VEH_5004,5,2026-08-30T10:08:01.606177,64.37,,38.24,1.923,13.5,13.1,0.4,35.5,0,NOMINAL
VEH_5004,6,2026-08-30T10:09:06.606177,67.02,,40.68,1.98,12.3,11.58,0.72,35.8,0,NOMINAL
VEH_5004,7,2026-08-30T10:10:11.606177,69.74,39.87,40.36,2.136,17.67,17.29,0.38,36.1,0,NOMINAL
VEH_5004,8,2026-08-30T10:11:16.606177,72.1,40.45,41.79,2.157,18.78,18.17,0.61,36.4,0,NOMINAL
VEH_5004,9,2026-08-30T10:12:21.606177,75.36,,40.96,2.283,12.46,11.81,0.65,36.7,0,NOMINAL
VEH_5004,10,2026-08-30T10:13:26.606177,66.68,,42.88,2.38,13.24,12.3,0.94,37.0,0,NOMINAL
VEH_5004,11,2026-08-30T10:14:31.606177,65.59,,43.15,2.248,13.45,12.78,0.67,48.0,0,NOMINAL
VEH_5004,12,2026-08-30T10:15:36.606177,71.74,,44.72,2.175,10.7,10.16,0.54,48.0,0,NOMINAL
VEH_5004,13,2026-08-30T10:16:41.606177,72.64,,43.24,2.562,11.93,11.14,0.79,38.0,0,NOMINAL
VEH_5004,14,2026-08-30T10:17:46.606177,76.36,41.4,44.05,2.331,19.09,18.24,0.85,38.2,0,NOMINAL
VEH_5004,15,2026-08-30T10:18:51.606177,65.62,,44.76,2.639,13.74,12.7,1.04,38.0,0,NOMINAL
VEH_5004,16,2026-08-30T10:19:56.606177,67.25,,45.56,2.613,11.21,10.08,1.13,38.0,0,NOMINAL
VEH_5004,17,2026-08-30T10:21:01.606177,71.35,,45.12,2.816,13.33,11.06,2.27,60.0,0,NOMINAL
VEH_5004,18,2026-08-30T10:22:06.606177,73.28,,45.31,2.645,13.16,12.04,1.12,38.0,0,NOMINAL
VEH_5004,19,2026-08-30T10:23:11.606177,75.53,,46.59,2.736,11.79,9.21,2.58,29.5,0,NOMINAL
VEH_5004,20,2026-08-30T10:24:16.606177,65.65,,44.63,2.658,8.87,6.8,2.07,31.0,0,NOMINAL
VEH_5004,21,2026-08-30T10:25:21.606177,69.61,,47.99,2.558,10.65,7.58,3.07,28.0,0,NOMINAL
VEH_5004,22,2026-08-30T10:26:26.606177,67.75,,47.81,2.806,11.03,8.36,2.67,29.5,0,NOMINAL
VEH_5004,23,2026-08-30T10:27:31.606177,73.92,,46.01,2.712,11.43,9.14,2.29,31.0,0,NOMINAL
VEH_5004,24,2026-08-30T10:28:36.606177,75.07,,48.15,2.649,10.14,7.11,3.03,28.0,0,NOMINAL
VEH_5004,25,2026-08-30T10:29:41.606177,65.98,,48.12,2.862,10.33,7.5,2.83,29.5,0,NOMINAL
VEH_5004,26,2026-08-30T10:30:46.606177,66.92,39.8,49.15,2.766,15.56,13.11,2.45,31.0,0,NOMINAL
VEH_5004,27,2026-08-30T10:31:51.606177,72.18,39.89,48.52,2.708,16.79,13.89,2.9,28.0,0,NOMINAL
VEH_5004,28,2026-08-30T10:32:56.606177,74.43,,48.72,3.035,9.98,7.04,2.94,29.5,0,NOMINAL
VEH_5004,29,2026-08-30T10:34:01.606177,76.96,,49.31,3.119,10.62,7.81,2.81,31.0,0,NOMINAL
VEH_5004,30,2026-08-30T10:35:06.606177,65.15,,49.49,3.038,11.43,8.2,3.23,28.0,0,NOMINAL
VEH_5005,1,2026-08-30T10:04:56.606177,67.12,38.64,38.86,1.958,17.5,17.21,0.29,34.3,0,NOMINAL
VEH_5005,2,2026-08-30T10:06:01.606177,69.76,40.96,38.54,1.974,18.55,18.09,0.46,34.6,0,NOMINAL
VEH_5005,3,2026-08-30T10:07:06.606177,74.75,,39.3,2.154,12.47,11.74,0.73,34.9,0,NOMINAL
VEH_5005,4,2026-08-30T10:08:11.606177,72.37,,40.75,2.181,13.36,12.61,0.75,35.2,0,NOMINAL
VEH_5005,5,2026-08-30T10:09:16.606177,65.66,,39.83,1.834,13.77,13.1,0.67,35.5,0,NOMINAL
VEH_5005,6,2026-08-30T10:10:21.606177,68.19,,40.23,2.192,12.27,11.58,0.69,35.8,0,NOMINAL
VEH_5005,7,2026-08-30T10:11:26.606177,69.76,41.59,41.31,2.265,18.02,17.29,0.73,36.1,0,NOMINAL
VEH_5005,8,2026-08-30T10:12:31.606177,73.18,39.01,42.66,2.303,18.78,18.17,0.61,36.4,0,NOMINAL
VEH_5005,9,2026-08-30T10:13:36.606177,73.98,,41.27,2.302,12.47,11.81,0.66,36.7,0,NOMINAL
VEH_5005,10,2026-08-30T10:14:41.606177,62.93,,41.81,2.121,12.96,12.3,0.66,37.0,0,NOMINAL
VEH_5005,11,2026-08-30T10:15:46.606177,70.45,,42.8,2.479,13.65,12.78,0.87,48.0,0,NOMINAL
VEH_5005,12,2026-08-30T10:16:51.606177,68.24,,41.75,2.132,11.04,10.16,0.88,48.0,0,NOMINAL
VEH_5005,13,2026-08-30T10:17:56.606177,72.49,,43.34,2.346,11.94,11.14,0.8,38.0,0,NOMINAL
VEH_5005,14,2026-08-30T10:19:01.606177,74.94,40.43,42.92,2.439,18.77,18.24,0.53,38.2,0,NOMINAL
VEH_5005,15,2026-08-30T10:20:06.606177,65.14,,46.03,2.244,13.91,12.7,1.21,38.0,0,NOMINAL
VEH_5005,16,2026-08-30T10:21:11.606177,66.4,,43.98,2.849,10.94,10.08,0.86,38.0,0,NOMINAL
VEH_5005,17,2026-08-30T10:22:16.606177,68.84,,45.46,2.61,13.2,11.06,2.14,60.0,0,NOMINAL
VEH_5005,18,2026-08-30T10:23:21.606177,74.43,,46.46,2.573,13.36,12.04,1.32,38.0,0,NOMINAL
VEH_5005,19,2026-08-30T10:24:26.606177,95.94,,49.96,2.489,12.93,9.21,3.72,29.5,1,MICRO_STOPPAGE_PRESSURE_DROP
VEH_5005,20,2026-08-30T10:25:31.606177,63.86,,46.34,2.39,9.07,6.8,2.27,31.0,0,NOMINAL
VEH_5005,21,2026-08-30T10:26:36.606177,63.9,,46.56,2.522,10.25,7.58,2.67,28.0,0,NOMINAL
VEH_5005,22,2026-08-30T10:27:41.606177,71.03,,47.92,2.556,11.15,8.36,2.79,29.5,0,NOMINAL
VEH_5005,23,2026-08-30T10:28:46.606177,72.82,,47.12,2.412,11.56,9.14,2.42,31.0,0,NOMINAL
VEH_5005,24,2026-08-30T10:29:51.606177,76.74,,49.29,2.676,10.36,7.11,3.25,28.0,0,NOMINAL
VEH_5005,25,2026-08-30T10:30:56.606177,62.94,,49.25,2.745,10.4,7.5,2.9,29.5,0,NOMINAL
VEH_5005,26,2026-08-30T10:32:01.606177,66.58,38.02,47.93,2.607,15.16,13.11,2.05,31.0,0,NOMINAL
VEH_5005,27,2026-08-30T10:33:06.606177,68.89,41.09,49.69,2.538,17.0,13.89,3.11,28.0,0,NOMINAL
VEH_5005,28,2026-08-30T10:34:11.606177,72.25,,48.65,2.816,9.9,7.04,2.86,29.5,0,NOMINAL
VEH_5005,29,2026-08-30T10:35:16.606177,76.26,,49.57,2.789,10.64,7.81,2.83,31.0,0,NOMINAL
VEH_5005,30,2026-08-30T10:36:21.606177,64.15,,51.45,2.839,11.7,8.2,3.5,28.0,0,NOMINAL
VEH_5006,1,2026-08-30T10:06:11.606177,66.3,41.75,38.15,2.034,17.72,17.21,0.51,34.3,0,NOMINAL
VEH_5006,2,2026-08-30T10:07:16.606177,70.11,40.85,39.27,2.018,18.66,18.09,0.57,34.6,0,NOMINAL
VEH_5006,3,2026-08-30T10:08:21.606177,72.1,,38.66,2.23,12.29,11.74,0.55,34.9,0,NOMINAL
VEH_5006,4,2026-08-30T10:09:26.606177,74.3,,40.03,2.39,13.32,12.61,0.71,35.2,0,NOMINAL
VEH_5006,5,2026-08-30T10:10:31.606177,66.8,,39.64,1.867,13.78,13.1,0.68,35.5,0,NOMINAL
VEH_5006,6,2026-08-30T10:11:36.606177,67.3,,41.37,1.959,12.41,11.58,0.83,35.8,0,NOMINAL
VEH_5006,7,2026-08-30T10:12:41.606177,69.56,40.42,41.3,2.098,17.87,17.29,0.58,36.1,0,NOMINAL
VEH_5006,8,2026-08-30T10:13:46.606177,73.91,42.25,42.58,2.168,19.17,18.17,1.0,36.4,0,NOMINAL
VEH_5006,9,2026-08-30T10:14:51.606177,73.92,,40.65,2.41,12.37,11.81,0.56,36.7,0,NOMINAL
VEH_5006,10,2026-08-30T10:15:56.606177,63.94,,43.63,2.345,13.27,12.3,0.97,37.0,0,NOMINAL
VEH_5006,11,2026-08-30T10:17:01.606177,66.47,,42.53,2.388,13.57,12.78,0.79,48.0,0,NOMINAL
VEH_5006,12,2026-08-30T10:18:06.606177,71.49,,42.41,1.963,11.04,10.16,0.88,48.0,0,NOMINAL
VEH_5006,13,2026-08-30T10:19:11.606177,71.96,,43.67,2.781,11.97,11.14,0.83,38.0,0,NOMINAL
VEH_5006,14,2026-08-30T10:20:16.606177,74.21,41.68,44.12,2.544,19.07,18.24,0.83,38.2,0,NOMINAL
VEH_5006,15,2026-08-30T10:21:21.606177,66.14,,44.94,2.675,13.78,12.7,1.08,38.0,0,NOMINAL
VEH_5006,16,2026-08-30T10:22:26.606177,65.53,,45.89,2.468,11.2,10.08,1.12,38.0,0,NOMINAL
VEH_5006,17,2026-08-30T10:23:31.606177,70.29,,45.91,2.776,13.18,11.06,2.12,60.0,0,NOMINAL
VEH_5006,18,2026-08-30T10:24:36.606177,71.55,,46.89,2.738,13.34,12.04,1.3,38.0,0,NOMINAL
VEH_5006,19,2026-08-30T10:25:41.606177,74.34,,45.35,2.737,11.57,9.21,2.36,29.5,0,NOMINAL
VEH_5006,20,2026-08-30T10:26:46.606177,67.39,,44.9,2.417,8.96,6.8,2.16,31.0,0,NOMINAL
VEH_5006,21,2026-08-30T10:27:51.606177,66.14,,47.38,2.738,10.45,7.58,2.87,28.0,0,NOMINAL
VEH_5006,22,2026-08-30T10:28:56.606177,70.06,,46.41,2.664,10.9,8.36,2.54,29.5,0,NOMINAL
VEH_5006,23,2026-08-30T10:30:01.606177,69.92,,47.93,2.784,11.6,9.14,2.46,31.0,0,NOMINAL
VEH_5006,24,2026-08-30T10:31:06.606177,75.28,,48.0,2.765,10.12,7.11,3.01,28.0,0,NOMINAL
VEH_5006,25,2026-08-30T10:32:11.606177,62.83,,48.95,2.914,10.35,7.5,2.85,29.5,0,NOMINAL
VEH_5006,26,2026-08-30T10:33:16.606177,68.62,41.13,48.0,2.723,15.59,13.11,2.48,31.0,0,NOMINAL
VEH_5006,27,2026-08-30T10:34:21.606177,69.47,42.59,47.76,2.92,16.9,13.89,3.01,28.0,0,NOMINAL
VEH_5006,28,2026-08-30T10:35:26.606177,72.76,,47.13,2.954,9.69,7.04,2.65,29.5,0,NOMINAL
VEH_5006,29,2026-08-30T10:36:31.606177,73.54,,50.96,2.961,10.76,7.81,2.95,31.0,0,NOMINAL
VEH_5006,30,2026-08-30T10:37:36.606177,66.99,,51.1,3.134,11.73,8.2,3.53,28.0,0,NOMINAL
VEH_5007,1,2026-08-30T10:07:26.606177,66.09,44.82,39.36,2.403,18.25,17.21,1.04,34.3,0,NOMINAL
VEH_5007,2,2026-08-30T10:08:31.606177,69.11,43.06,41.0,2.08,19.14,18.09,1.05,34.6,0,NOMINAL
VEH_5007,3,2026-08-30T10:09:36.606177,74.38,,40.3,2.298,12.6,11.74,0.86,34.9,0,NOMINAL
VEH_5007,4,2026-08-30T10:10:41.606177,75.6,,39.42,2.448,13.26,12.61,0.65,35.2,0,NOMINAL
VEH_5007,5,2026-08-30T10:11:46.606177,64.41,,40.46,2.259,13.83,13.1,0.73,35.5,0,NOMINAL
VEH_5007,6,2026-08-30T10:12:51.606177,67.95,,41.43,2.523,12.44,11.58,0.86,35.8,0,NOMINAL
VEH_5007,7,2026-08-30T10:13:56.606177,70.25,45.38,40.1,2.445,18.29,17.29,1.0,36.1,0,NOMINAL
VEH_5007,8,2026-08-30T10:15:01.606177,73.79,43.36,40.69,2.243,19.01,18.17,0.84,36.4,0,NOMINAL
VEH_5007,9,2026-08-30T10:16:06.606177,73.57,,41.99,2.306,12.56,11.81,0.75,36.7,0,NOMINAL
VEH_5007,10,2026-08-30T10:17:11.606177,63.66,,41.12,2.301,12.88,12.3,0.58,37.0,0,NOMINAL
VEH_5007,11,2026-08-30T10:18:16.606177,68.33,,43.73,2.715,13.45,12.78,0.67,48.0,0,NOMINAL
VEH_5007,12,2026-08-30T10:19:21.606177,70.8,,44.53,2.329,10.7,10.16,0.54,48.0,0,NOMINAL
VEH_5007,13,2026-08-30T10:20:26.606177,71.15,,43.79,2.332,11.96,11.14,0.82,38.0,0,NOMINAL
VEH_5007,14,2026-08-30T10:21:31.606177,73.97,45.06,43.17,2.51,19.31,18.24,1.07,38.2,0,NOMINAL
VEH_5007,15,2026-08-30T10:22:36.606177,64.79,,44.49,2.374,13.67,12.7,0.97,38.0,0,NOMINAL
VEH_5007,16,2026-08-30T10:23:41.606177,66.72,,44.77,2.573,11.07,10.08,0.99,38.0,0,NOMINAL
VEH_5007,17,2026-08-30T10:24:46.606177,69.2,,45.15,2.671,13.26,11.06,2.2,60.0,0,NOMINAL
VEH_5007,18,2026-08-30T10:25:51.606177,73.0,,46.19,2.808,13.28,12.04,1.24,38.0,0,NOMINAL
VEH_5007,19,2026-08-30T10:26:56.606177,75.09,,45.76,2.966,11.65,9.21,2.44,29.5,0,NOMINAL
VEH_5007,20,2026-08-30T10:28:01.606177,64.36,,46.69,2.584,9.14,6.8,2.34,31.0,0,NOMINAL
VEH_5007,21,2026-08-30T10:29:06.606177,69.58,,46.65,2.714,10.44,7.58,2.86,28.0,0,NOMINAL
VEH_5007,22,2026-08-30T10:30:11.606177,69.74,,46.64,2.823,10.92,8.36,2.56,29.5,0,NOMINAL
VEH_5007,23,2026-08-30T10:31:16.606177,70.86,,49.85,2.78,11.91,9.14,2.77,31.0,0,NOMINAL
VEH_5007,24,2026-08-30T10:32:21.606177,75.63,,48.52,3.226,10.21,7.11,3.1,28.0,0,NOMINAL
VEH_5007,25,2026-08-30T10:33:26.606177,65.76,,48.19,2.861,10.33,7.5,2.83,29.5,0,NOMINAL
VEH_5007,26,2026-08-30T10:34:31.606177,65.36,44.62,48.58,3.026,15.98,13.11,2.87,31.0,0,NOMINAL
VEH_5007,27,2026-08-30T10:35:36.606177,71.36,45.37,48.89,2.982,17.45,13.89,3.56,28.0,0,NOMINAL
VEH_5007,28,2026-08-30T10:36:41.606177,76.0,,48.88,3.026,10.05,7.04,3.01,29.5,0,NOMINAL
VEH_5007,29,2026-08-30T10:37:46.606177,74.53,,49.66,3.023,10.6,7.81,2.79,31.0,0,NOMINAL
VEH_5007,30,2026-08-30T10:38:51.606177,66.05,,49.0,3.136,11.39,8.2,3.19,28.0,0,NOMINAL
VEH_5008,1,2026-08-30T10:08:41.606177,66.36,40.57,38.14,2.077,17.59,17.21,0.38,34.3,0,NOMINAL
VEH_5008,2,2026-08-30T10:09:46.606177,69.89,40.62,38.98,2.225,18.58,18.09,0.49,34.6,0,NOMINAL
VEH_5008,3,2026-08-30T10:10:51.606177,72.05,,39.84,2.153,12.46,11.74,0.72,34.9,0,NOMINAL
VEH_5008,4,2026-08-30T10:11:56.606177,75.54,,40.92,2.064,13.49,12.61,0.88,35.2,0,NOMINAL
VEH_5008,5,2026-08-30T10:13:01.606177,64.86,,40.23,2.229,13.81,13.1,0.71,35.5,0,NOMINAL
VEH_5008,6,2026-08-30T10:14:06.606177,68.77,,40.55,2.159,12.33,11.58,0.75,35.8,0,NOMINAL
VEH_5008,7,2026-08-30T10:15:11.606177,70.92,39.52,40.23,2.333,17.65,17.29,0.36,36.1,0,NOMINAL
VEH_5008,8,2026-08-30T10:16:16.606177,73.16,39.99,42.34,2.343,18.85,18.17,0.68,36.4,0,NOMINAL
VEH_5008,9,2026-08-30T10:17:21.606177,74.79,,41.1,2.122,12.47,11.81,0.66,36.7,0,NOMINAL
VEH_5008,10,2026-08-30T10:18:26.606177,67.82,,40.32,2.271,12.89,12.3,0.59,37.0,0,NOMINAL
VEH_5008,11,2026-08-30T10:19:31.606177,69.08,,43.42,2.537,13.52,12.78,0.74,48.0,0,NOMINAL
VEH_5008,12,2026-08-30T10:20:36.606177,70.57,,41.27,2.164,11.19,10.16,1.03,48.0,0,NOMINAL
VEH_5008,13,2026-08-30T10:21:41.606177,72.43,,44.62,2.406,12.13,11.14,0.99,38.0,0,NOMINAL
VEH_5008,14,2026-08-30T10:22:46.606177,74.98,41.03,44.53,2.624,19.08,18.24,0.84,38.2,0,NOMINAL
VEH_5008,15,2026-08-30T10:23:51.606177,64.53,,43.31,2.339,13.49,12.7,0.79,38.0,0,NOMINAL
VEH_5008,16,2026-08-30T10:24:56.606177,65.91,,45.44,2.458,11.15,10.08,1.07,38.0,0,NOMINAL
VEH_5008,17,2026-08-30T10:26:01.606177,73.11,,46.66,2.426,13.16,11.06,2.1,60.0,0,NOMINAL
VEH_5008,18,2026-08-30T10:27:06.606177,73.63,,46.67,2.605,13.37,12.04,1.33,38.0,0,NOMINAL
VEH_5008,19,2026-08-30T10:28:11.606177,74.9,,44.37,2.34,11.44,9.21,2.23,29.5,0,NOMINAL
VEH_5008,20,2026-08-30T10:29:16.606177,66.1,,46.42,2.712,9.15,6.8,2.35,31.0,0,NOMINAL
VEH_5008,21,2026-08-30T10:30:21.606177,69.25,,47.98,2.628,10.63,7.58,3.05,28.0,0,NOMINAL
VEH_5008,22,2026-08-30T10:31:26.606177,70.55,,46.57,2.764,10.94,8.36,2.58,29.5,0,NOMINAL
VEH_5008,23,2026-08-30T10:32:31.606177,72.01,,48.28,2.78,11.71,9.14,2.57,31.0,0,NOMINAL
VEH_5008,24,2026-08-30T10:33:36.606177,76.39,,47.55,2.535,10.09,7.11,2.98,28.0,0,NOMINAL
VEH_5008,25,2026-08-30T10:34:41.606177,67.86,,47.86,2.762,10.35,7.5,2.85,29.5,0,NOMINAL
VEH_5008,26,2026-08-30T10:35:46.606177,68.38,40.83,49.71,2.511,15.81,13.11,2.7,31.0,0,NOMINAL
VEH_5008,27,2026-08-30T10:36:51.606177,69.31,39.97,50.68,2.923,17.04,13.89,3.15,28.0,0,NOMINAL
VEH_5008,28,2026-08-30T10:37:56.606177,70.75,,49.17,2.82,9.93,7.04,2.89,29.5,0,NOMINAL
VEH_5008,29,2026-08-30T10:39:01.606177,76.6,,50.96,2.799,10.86,7.81,3.05,31.0,0,NOMINAL
VEH_5008,30,2026-08-30T10:40:06.606177,65.39,,51.48,3.221,11.74,8.2,3.54,28.0,0,NOMINAL
VEH_5009,1,2026-08-30T10:09:56.606177,67.91,43.65,37.25,2.253,17.86,17.21,0.65,34.3,0,NOMINAL
VEH_5009,2,2026-08-30T10:11:01.606177,69.93,42.47,39.12,1.978,18.82,18.09,0.73,34.6,0,NOMINAL
VEH_5009,3,2026-08-30T10:12:06.606177,72.06,,39.69,2.556,12.44,11.74,0.7,34.9,0,NOMINAL
VEH_5009,4,2026-08-30T10:13:11.606177,74.28,,39.97,2.375,13.31,12.61,0.7,35.2,0,NOMINAL
VEH_5009,5,2026-08-30T10:14:16.606177,64.4,,40.27,2.204,13.8,13.1,0.7,35.5,0,NOMINAL
VEH_5009,6,2026-08-30T10:15:21.606177,66.96,,40.61,2.218,12.29,11.58,0.71,35.8,0,NOMINAL
VEH_5009,7,2026-08-30T10:16:26.606177,72.86,41.16,41.25,2.247,18.05,17.29,0.76,36.1,0,NOMINAL
VEH_5009,8,2026-08-30T10:17:31.606177,71.29,41.82,42.57,2.328,19.03,18.17,0.86,36.4,0,NOMINAL
VEH_5009,9,2026-08-30T10:18:36.606177,76.22,,41.12,2.108,12.51,11.81,0.7,36.7,0,NOMINAL
VEH_5009,10,2026-08-30T10:19:41.606177,65.51,,41.02,2.314,12.92,12.3,0.62,37.0,0,NOMINAL
VEH_5009,11,2026-08-30T10:20:46.606177,66.49,,43.1,2.257,13.49,12.78,0.71,48.0,0,NOMINAL
VEH_5009,12,2026-08-30T10:21:51.606177,70.4,,43.59,2.416,10.83,10.16,0.67,48.0,0,NOMINAL
VEH_5009,13,2026-08-30T10:22:56.606177,73.02,,43.43,2.476,11.97,11.14,0.83,38.0,0,NOMINAL
VEH_5009,14,2026-08-30T10:24:01.606177,75.01,41.15,43.59,2.51,18.95,18.24,0.71,38.2,0,NOMINAL
VEH_5009,15,2026-08-30T10:25:06.606177,64.42,,42.81,2.698,13.41,12.7,0.71,38.0,0,NOMINAL
VEH_5009,16,2026-08-30T10:26:11.606177,67.38,,45.89,2.647,11.26,10.08,1.18,38.0,0,NOMINAL
VEH_5009,17,2026-08-30T10:27:16.606177,69.71,,44.84,2.649,13.32,11.06,2.26,60.0,0,NOMINAL
VEH_5009,18,2026-08-30T10:28:21.606177,69.07,,46.05,2.708,13.14,12.04,1.1,38.0,0,NOMINAL
VEH_5009,19,2026-08-30T10:29:26.606177,72.1,,46.48,2.57,11.67,9.21,2.46,29.5,0,NOMINAL
VEH_5009,20,2026-08-30T10:30:31.606177,66.36,,47.23,2.674,9.28,6.8,2.48,31.0,0,NOMINAL
VEH_5009,21,2026-08-30T10:31:36.606177,67.0,,47.92,2.931,10.55,7.58,2.97,28.0,0,NOMINAL
VEH_5009,22,2026-08-30T10:32:41.606177,69.11,,47.07,2.633,10.97,8.36,2.61,29.5,0,NOMINAL
VEH_5009,23,2026-08-30T10:33:46.606177,71.7,,45.64,2.613,11.31,9.14,2.17,31.0,0,NOMINAL
VEH_5009,24,2026-08-30T10:34:51.606177,75.36,,49.06,2.702,10.28,7.11,3.17,28.0,0,NOMINAL
VEH_5009,25,2026-08-30T10:35:56.606177,67.25,,49.0,2.765,10.5,7.5,3.0,29.5,0,NOMINAL
VEH_5009,26,2026-08-30T10:37:01.606177,65.27,41.96,47.65,2.561,15.54,13.11,2.43,31.0,0,NOMINAL
VEH_5009,27,2026-08-30T10:38:06.606177,68.79,43.05,50.3,2.917,17.32,13.89,3.43,28.0,0,NOMINAL
VEH_5009,28,2026-08-30T10:39:11.606177,71.92,,49.8,3.056,10.06,7.04,3.02,29.5,0,NOMINAL
VEH_5009,29,2026-08-30T10:40:16.606177,75.45,,50.34,3.067,10.73,7.81,2.92,31.0,0,NOMINAL
VEH_5009,30,2026-08-30T10:41:21.606177,64.25,,50.14,3.101,11.5,8.2,3.3,28.0,0,NOMINAL
VEH_5010,1,2026-08-30T10:11:11.606177,67.87,41.44,37.54,1.98,17.64,17.21,0.43,34.3,0,NOMINAL
VEH_5010,2,2026-08-30T10:12:16.606177,70.09,40.54,39.17,1.993,18.61,18.09,0.52,34.6,0,NOMINAL
VEH_5010,3,2026-08-30T10:13:21.606177,70.41,,39.08,2.303,12.3,11.74,0.56,34.9,0,NOMINAL
VEH_5010,4,2026-08-30T10:14:26.606177,73.68,,40.63,2.125,13.39,12.61,0.78,35.2,0,NOMINAL
VEH_5010,5,2026-08-30T10:15:31.606177,64.53,,40.66,2.071,13.86,13.1,0.76,35.5,0,NOMINAL
VEH_5010,6,2026-08-30T10:16:36.606177,67.67,,41.85,2.01,12.49,11.58,0.91,35.8,0,NOMINAL
VEH_5010,7,2026-08-30T10:17:41.606177,70.52,40.97,41.45,2.026,17.99,17.29,0.7,36.1,0,NOMINAL
VEH_5010,8,2026-08-30T10:18:46.606177,72.69,39.74,40.27,1.934,18.49,18.17,0.32,36.4,0,NOMINAL
VEH_5010,9,2026-08-30T10:19:51.606177,73.57,,42.43,2.135,12.63,11.81,0.82,36.7,0,NOMINAL
VEH_5010,10,2026-08-30T10:20:56.606177,65.88,,40.83,2.358,12.91,12.3,0.61,37.0,0,NOMINAL
VEH_5010,11,2026-08-30T10:22:01.606177,68.7,,43.09,2.366,13.56,12.78,0.78,48.0,0,NOMINAL
VEH_5010,12,2026-08-30T10:23:06.606177,69.91,,43.11,2.291,10.89,10.16,0.73,48.0,0,NOMINAL
VEH_5010,13,2026-08-30T10:24:11.606177,71.08,,43.6,2.237,11.93,11.14,0.79,38.0,0,NOMINAL
VEH_5010,14,2026-08-30T10:25:16.606177,76.15,42.9,44.07,2.248,19.26,18.24,1.02,38.2,0,NOMINAL
VEH_5010,15,2026-08-30T10:26:21.606177,64.67,,44.41,2.605,13.66,12.7,0.96,38.0,0,NOMINAL
VEH_5010,16,2026-08-30T10:27:26.606177,66.72,,46.55,2.836,11.34,10.08,1.26,38.0,0,NOMINAL
VEH_5010,17,2026-08-30T10:28:31.606177,70.17,,44.25,2.599,13.43,11.06,2.37,60.0,0,NOMINAL
VEH_5010,18,2026-08-30T10:29:36.606177,73.85,,46.25,2.526,13.31,12.04,1.27,38.0,0,NOMINAL
VEH_5010,19,2026-08-30T10:30:41.606177,76.04,,45.36,2.46,11.62,9.21,2.41,29.5,0,NOMINAL
VEH_5010,20,2026-08-30T10:31:46.606177,64.52,,46.75,2.647,9.15,6.8,2.35,31.0,0,NOMINAL
VEH_5010,21,2026-08-30T10:32:51.606177,69.15,,46.78,2.661,10.45,7.58,2.87,28.0,0,NOMINAL
VEH_5010,22,2026-08-30T10:33:56.606177,71.41,,47.9,2.742,11.16,8.36,2.8,29.5,0,NOMINAL
VEH_5010,23,2026-08-30T10:35:01.606177,70.16,,47.76,2.803,11.58,9.14,2.44,31.0,0,NOMINAL
VEH_5010,24,2026-08-30T10:36:06.606177,75.38,,48.6,2.707,10.21,7.11,3.1,28.0,0,NOMINAL
VEH_5010,25,2026-08-30T10:37:11.606177,63.72,,47.51,2.945,10.17,7.5,2.67,29.5,0,NOMINAL
VEH_5010,26,2026-08-30T10:38:16.606177,67.0,41.39,48.84,2.818,15.7,13.11,2.59,31.0,0,NOMINAL
VEH_5010,27,2026-08-30T10:39:21.606177,70.52,41.61,50.09,3.149,17.17,13.89,3.28,28.0,0,NOMINAL
VEH_5010,28,2026-08-30T10:40:26.606177,73.79,,48.66,2.679,9.95,7.04,2.91,29.5,0,NOMINAL
VEH_5010,29,2026-08-30T10:41:31.606177,73.35,,49.21,2.746,10.49,7.81,2.68,31.0,0,NOMINAL
VEH_5010,30,2026-08-30T10:42:36.606177,64.77,,50.98,3.187,11.64,8.2,3.44,28.0,0,NOMINAL
VEH_5011,1,2026-08-30T10:12:26.606177,69.22,39.75,37.57,1.927,17.5,17.21,0.29,34.3,0,NOMINAL
VEH_5011,2,2026-08-30T10:13:31.606177,71.44,41.06,38.32,2.062,18.58,18.09,0.49,34.6,0,NOMINAL
VEH_5011,3,2026-08-30T10:14:36.606177,72.86,,39.69,2.081,12.46,11.74,0.72,34.9,0,NOMINAL
VEH_5011,4,2026-08-30T10:15:41.606177,75.37,,41.99,2.355,13.64,12.61,1.03,35.2,0,NOMINAL
VEH_5011,5,2026-08-30T10:16:46.606177,63.43,,40.4,2.216,13.79,13.1,0.69,35.5,0,NOMINAL
VEH_5011,6,2026-08-30T10:17:51.606177,66.92,,41.22,2.277,12.38,11.58,0.8,35.8,0,NOMINAL
VEH_5011,7,2026-08-30T10:18:56.606177,69.17,41.91,41.82,2.131,18.11,17.29,0.82,36.1,0,NOMINAL
VEH_5011,8,2026-08-30T10:20:01.606177,73.04,40.56,42.08,2.162,18.87,18.17,0.7,36.4,0,NOMINAL
VEH_5011,9,2026-08-30T10:21:06.606177,75.75,,40.65,2.234,12.43,11.81,0.62,36.7,0,NOMINAL
VEH_5011,10,2026-08-30T10:22:11.606177,64.16,,40.19,2.367,12.76,12.3,0.46,37.0,0,NOMINAL
VEH_5011,11,2026-08-30T10:23:16.606177,67.51,,43.36,2.055,13.48,12.78,0.7,48.0,0,NOMINAL
VEH_5011,12,2026-08-30T10:24:21.606177,71.85,,43.18,2.391,10.94,10.16,0.78,48.0,0,NOMINAL
VEH_5011,13,2026-08-30T10:25:26.606177,74.39,,43.19,2.3,11.97,11.14,0.83,38.0,0,NOMINAL
VEH_5011,14,2026-08-30T10:26:31.606177,76.71,40.28,42.87,2.392,18.8,18.24,0.56,38.2,0,NOMINAL
VEH_5011,15,2026-08-30T10:27:36.606177,64.78,,44.17,2.379,13.62,12.7,0.92,38.0,0,NOMINAL
VEH_5011,16,2026-08-30T10:28:41.606177,67.43,,44.77,2.585,11.09,10.08,1.01,38.0,0,NOMINAL
VEH_5011,17,2026-08-30T10:29:46.606177,69.99,,44.45,2.383,13.39,11.06,2.33,60.0,0,NOMINAL
VEH_5011,18,2026-08-30T10:30:51.606177,73.02,,46.77,2.635,13.37,12.04,1.33,38.0,0,NOMINAL
VEH_5011,19,2026-08-30T10:31:56.606177,76.11,,46.52,2.72,11.8,9.21,2.59,29.5,0,NOMINAL
VEH_5011,20,2026-08-30T10:33:01.606177,65.4,,47.38,2.653,9.27,6.8,2.47,31.0,0,NOMINAL
VEH_5011,21,2026-08-30T10:34:06.606177,67.64,,47.69,2.623,10.54,7.58,2.96,28.0,0,NOMINAL
VEH_5011,22,2026-08-30T10:35:11.606177,71.41,,48.22,2.733,11.21,8.36,2.85,29.5,0,NOMINAL
VEH_5011,23,2026-08-30T10:36:16.606177,74.46,,47.64,2.789,11.69,9.14,2.55,31.0,0,NOMINAL
VEH_5011,24,2026-08-30T10:37:21.606177,75.31,,48.03,2.565,10.13,7.11,3.02,28.0,0,NOMINAL
VEH_5011,25,2026-08-30T10:38:26.606177,66.89,,48.47,2.896,10.41,7.5,2.91,29.5,0,NOMINAL
VEH_5011,26,2026-08-30T10:39:31.606177,67.77,40.47,47.84,2.786,15.47,13.11,2.36,31.0,0,NOMINAL
VEH_5011,27,2026-08-30T10:40:36.606177,68.42,40.86,49.21,2.975,16.89,13.89,3.0,28.0,0,NOMINAL
VEH_5011,28,2026-08-30T10:41:41.606177,72.32,,48.96,2.739,9.95,7.04,2.91,29.5,0,NOMINAL
VEH_5011,29,2026-08-30T10:42:46.606177,73.14,,50.86,2.764,10.73,7.81,2.92,31.0,0,NOMINAL
VEH_5011,30,2026-08-30T10:43:51.606177,62.96,,50.66,3.072,11.54,8.2,3.34,28.0,0,NOMINAL
VEH_5012,1,2026-08-30T10:13:41.606177,68.43,42.25,39.07,2.064,17.98,17.21,0.77,34.3,0,NOMINAL
VEH_5012,2,2026-08-30T10:14:46.606177,72.85,38.08,39.37,2.452,18.44,18.09,0.35,34.6,0,NOMINAL
VEH_5012,3,2026-08-30T10:15:51.606177,72.68,,39.67,2.002,12.46,11.74,0.72,34.9,0,NOMINAL
VEH_5012,4,2026-08-30T10:16:56.606177,74.49,,40.63,2.238,13.41,12.61,0.8,35.2,0,NOMINAL
VEH_5012,5,2026-08-30T10:18:01.606177,66.64,,41.29,2.403,14.02,13.1,0.92,35.5,0,NOMINAL
VEH_5012,6,2026-08-30T10:19:06.606177,68.91,,40.99,2.165,12.4,11.58,0.82,35.8,0,NOMINAL
VEH_5012,7,2026-08-30T10:20:11.606177,69.23,40.0,41.3,2.202,17.81,17.29,0.52,36.1,0,NOMINAL
VEH_5012,8,2026-08-30T10:21:16.606177,71.99,38.92,42.54,2.064,18.72,18.17,0.55,36.4,0,NOMINAL
VEH_5012,9,2026-08-30T10:22:21.606177,75.15,,41.85,2.045,12.59,11.81,0.78,36.7,0,NOMINAL
VEH_5012,10,2026-08-30T10:23:26.606177,63.78,,42.7,2.118,13.12,12.3,0.82,37.0,0,NOMINAL
VEH_5012,11,2026-08-30T10:24:31.606177,67.66,,44.13,2.29,13.37,12.78,0.59,48.0,0,NOMINAL
VEH_5012,12,2026-08-30T10:25:36.606177,71.09,,43.78,2.543,10.82,10.16,0.66,48.0,0,NOMINAL
VEH_5012,13,2026-08-30T10:26:41.606177,73.66,,42.91,2.214,11.91,11.14,0.77,38.0,0,NOMINAL
VEH_5012,14,2026-08-30T10:27:46.606177,74.19,39.25,45.39,2.408,18.98,18.24,0.74,38.2,0,NOMINAL
VEH_5012,15,2026-08-30T10:28:51.606177,65.73,,43.4,2.402,13.54,12.7,0.84,38.0,0,NOMINAL
VEH_5012,16,2026-08-30T10:29:56.606177,67.64,,44.94,2.697,11.13,10.08,1.05,38.0,0,NOMINAL
VEH_5012,17,2026-08-30T10:31:01.606177,69.44,,44.42,2.418,13.38,11.06,2.32,60.0,0,NOMINAL
VEH_5012,18,2026-08-30T10:32:06.606177,72.73,,46.35,2.48,13.29,12.04,1.25,38.0,0,NOMINAL
VEH_5012,19,2026-08-30T10:33:11.606177,76.11,,47.16,2.643,11.9,9.21,2.69,29.5,0,NOMINAL
VEH_5012,20,2026-08-30T10:34:16.606177,65.35,,45.05,2.53,8.92,6.8,2.12,31.0,0,NOMINAL
VEH_5012,21,2026-08-30T10:35:21.606177,65.18,,47.41,2.541,10.42,7.58,2.84,28.0,0,NOMINAL
VEH_5012,22,2026-08-30T10:36:26.606177,70.12,,46.86,2.775,10.97,8.36,2.61,29.5,0,NOMINAL
VEH_5012,23,2026-08-30T10:37:31.606177,71.46,,46.64,2.544,11.45,9.14,2.31,31.0,0,NOMINAL
VEH_5012,24,2026-08-30T10:38:36.606177,73.21,,47.71,2.619,10.01,7.11,2.9,28.0,0,NOMINAL
VEH_5012,25,2026-08-30T10:39:41.606177,66.33,,48.12,3.139,10.34,7.5,2.84,29.5,0,NOMINAL
VEH_5012,26,2026-08-30T10:40:46.606177,68.54,41.13,49.09,2.753,15.76,13.11,2.65,31.0,0,NOMINAL
VEH_5012,27,2026-08-30T10:41:51.606177,69.57,41.01,49.24,3.002,16.95,13.89,3.06,28.0,0,NOMINAL
VEH_5012,28,2026-08-30T10:42:56.606177,72.72,,50.27,2.629,10.16,7.04,3.12,29.5,0,NOMINAL
VEH_5012,29,2026-08-30T10:44:01.606177,75.4,,49.5,3.127,10.6,7.81,2.79,31.0,0,NOMINAL
VEH_5012,30,2026-08-30T10:45:06.606177,66.09,,50.81,2.782,11.66,8.2,3.46,28.0,0,NOMINAL
VEH_5013,1,2026-08-30T10:14:56.606177,68.25,41.57,39.7,2.122,18.0,17.21,0.79,34.3,0,NOMINAL
VEH_5013,2,2026-08-30T10:16:01.606177,70.11,41.43,40.47,1.995,18.91,18.09,0.82,34.6,0,NOMINAL
VEH_5013,3,2026-08-30T10:17:06.606177,72.62,,40.51,2.218,12.58,11.74,0.84,34.9,0,NOMINAL
VEH_5013,4,2026-08-30T10:18:11.606177,71.92,,39.99,2.356,13.24,12.61,0.63,35.2,0,NOMINAL
VEH_5013,5,2026-08-30T10:19:16.606177,66.0,,41.01,1.95,13.96,13.1,0.86,35.5,0,NOMINAL
VEH_5013,6,2026-08-30T10:20:21.606177,67.25,,40.46,2.182,12.27,11.58,0.69,35.8,0,NOMINAL
VEH_5013,7,2026-08-30T10:21:26.606177,70.45,40.23,41.21,2.082,17.87,17.29,0.58,36.1,0,NOMINAL
VEH_5013,8,2026-08-30T10:22:31.606177,73.57,41.84,40.29,2.386,18.76,18.17,0.59,36.4,0,NOMINAL
VEH_5013,9,2026-08-30T10:23:36.606177,75.75,,42.06,2.1,12.64,11.81,0.83,36.7,0,NOMINAL
VEH_5013,10,2026-08-30T10:24:41.606177,64.28,,41.72,2.483,12.99,12.3,0.69,37.0,0,NOMINAL
VEH_5013,11,2026-08-30T10:25:46.606177,65.73,,42.41,2.623,13.57,12.78,0.79,48.0,0,NOMINAL
VEH_5013,12,2026-08-30T10:26:51.606177,70.69,,44.82,2.207,10.66,10.16,0.5,48.0,0,NOMINAL
VEH_5013,13,2026-08-30T10:27:56.606177,73.89,,42.24,2.418,11.81,11.14,0.67,38.0,0,NOMINAL
VEH_5013,14,2026-08-30T10:29:01.606177,75.1,40.42,43.96,2.518,18.93,18.24,0.69,38.2,0,NOMINAL
VEH_5013,15,2026-08-30T10:30:06.606177,65.3,,45.13,2.497,13.78,12.7,1.08,38.0,0,NOMINAL
VEH_5013,16,2026-08-30T10:31:11.606177,68.94,,45.27,2.641,11.22,10.08,1.14,38.0,0,NOMINAL
VEH_5013,17,2026-08-30T10:32:16.606177,69.2,,45.13,2.826,13.26,11.06,2.2,60.0,0,NOMINAL
VEH_5013,18,2026-08-30T10:33:21.606177,71.3,,44.84,2.539,13.03,12.04,0.99,38.0,0,NOMINAL
VEH_5013,19,2026-08-30T10:34:26.606177,73.21,,45.72,2.661,11.59,9.21,2.38,29.5,0,NOMINAL
VEH_5013,20,2026-08-30T10:35:31.606177,64.64,,47.25,2.536,9.23,6.8,2.43,31.0,0,NOMINAL
VEH_5013,21,2026-08-30T10:36:36.606177,68.72,,48.77,2.448,10.73,7.58,3.15,28.0,0,NOMINAL
VEH_5013,22,2026-08-30T10:37:41.606177,70.62,,46.24,2.809,10.89,8.36,2.53,29.5,0,NOMINAL
VEH_5013,23,2026-08-30T10:38:46.606177,70.95,,48.6,2.801,11.73,9.14,2.59,31.0,0,NOMINAL
VEH_5013,24,2026-08-30T10:39:51.606177,76.35,,47.38,2.615,10.06,7.11,2.95,28.0,0,NOMINAL
VEH_5013,25,2026-08-30T10:40:56.606177,65.76,,49.05,2.872,10.46,7.5,2.96,29.5,0,NOMINAL
VEH_5013,26,2026-08-30T10:42:01.606177,66.77,43.28,48.67,2.907,15.89,13.11,2.78,31.0,0,NOMINAL
VEH_5013,27,2026-08-30T10:43:06.606177,71.0,42.33,50.46,2.847,17.33,13.89,3.44,28.0,0,NOMINAL
VEH_5013,28,2026-08-30T10:44:11.606177,71.86,,50.74,3.009,10.2,7.04,3.16,29.5,0,NOMINAL
VEH_5013,29,2026-08-30T10:45:16.606177,75.16,,49.62,2.587,10.61,7.81,2.8,31.0,0,NOMINAL
VEH_5013,30,2026-08-30T10:46:21.606177,65.2,,49.82,3.07,11.48,8.2,3.28,28.0,0,NOMINAL
VEH_5014,1,2026-08-30T10:16:11.606177,68.64,40.86,38.48,2.185,17.74,17.21,0.53,34.3,0,NOMINAL
VEH_5014,2,2026-08-30T10:17:16.606177,70.21,40.46,39.11,1.983,18.59,18.09,0.5,34.6,0,NOMINAL
VEH_5014,3,2026-08-30T10:18:21.606177,73.31,,39.39,2.027,12.43,11.74,0.69,34.9,0,NOMINAL
VEH_5014,4,2026-08-30T10:19:26.606177,75.29,,40.71,2.131,13.45,12.61,0.84,35.2,0,NOMINAL
VEH_5014,5,2026-08-30T10:20:31.606177,63.78,,39.9,2.305,13.73,13.1,0.63,35.5,0,NOMINAL
VEH_5014,6,2026-08-30T10:21:36.606177,66.67,,40.51,2.351,12.26,11.58,0.68,35.8,0,NOMINAL
VEH_5014,7,2026-08-30T10:22:41.606177,69.98,42.96,40.79,2.225,18.1,17.29,0.81,36.1,0,NOMINAL
VEH_5014,8,2026-08-30T10:23:46.606177,73.99,42.68,42.55,2.343,19.21,18.17,1.04,36.4,0,NOMINAL
VEH_5014,9,2026-08-30T10:24:51.606177,71.91,,40.68,2.275,12.31,11.81,0.5,36.7,0,NOMINAL
VEH_5014,10,2026-08-30T10:25:56.606177,64.83,,41.7,2.208,13.0,12.3,0.7,37.0,0,NOMINAL
VEH_5014,11,2026-08-30T10:27:01.606177,67.82,,42.9,2.585,13.56,12.78,0.78,48.0,0,NOMINAL
VEH_5014,12,2026-08-30T10:28:06.606177,70.39,,43.71,2.375,10.81,10.16,0.65,48.0,0,NOMINAL
VEH_5014,13,2026-08-30T10:29:11.606177,71.43,,45.35,2.679,12.2,11.14,1.06,38.0,0,NOMINAL
VEH_5014,14,2026-08-30T10:30:16.606177,74.25,41.7,44.96,2.702,19.2,18.24,0.96,38.2,0,NOMINAL
VEH_5014,15,2026-08-30T10:31:21.606177,65.36,,44.24,2.112,13.65,12.7,0.95,38.0,0,NOMINAL
VEH_5014,16,2026-08-30T10:32:26.606177,66.98,,45.61,2.315,11.21,10.08,1.13,38.0,0,NOMINAL
VEH_5014,17,2026-08-30T10:33:31.606177,71.27,,47.08,2.713,13.04,11.06,1.98,60.0,0,NOMINAL
VEH_5014,18,2026-08-30T10:34:36.606177,71.57,,46.62,2.605,13.3,12.04,1.26,38.0,0,NOMINAL
VEH_5014,19,2026-08-30T10:35:41.606177,72.53,,46.15,2.35,11.63,9.21,2.42,29.5,0,NOMINAL
VEH_5014,20,2026-08-30T10:36:46.606177,97.89,,53.2,2.486,11.15,6.8,4.35,31.0,1,MICRO_STOPPAGE_PRESSURE_DROP
VEH_5014,21,2026-08-30T10:37:51.606177,67.33,,49.41,2.81,10.79,7.58,3.21,28.0,0,NOMINAL
VEH_5014,22,2026-08-30T10:38:56.606177,71.14,,47.79,2.697,11.14,8.36,2.78,29.5,0,NOMINAL
VEH_5014,23,2026-08-30T10:40:01.606177,73.75,,48.97,2.801,11.87,9.14,2.73,31.0,0,NOMINAL
VEH_5014,24,2026-08-30T10:41:06.606177,73.49,,49.41,2.863,10.28,7.11,3.17,28.0,0,NOMINAL
VEH_5014,25,2026-08-30T10:42:11.606177,67.85,,48.9,2.888,10.5,7.5,3.0,29.5,0,NOMINAL
VEH_5014,26,2026-08-30T10:43:16.606177,67.42,44.44,47.22,2.989,15.82,13.11,2.71,31.0,0,NOMINAL
VEH_5014,27,2026-08-30T10:44:21.606177,71.61,41.62,49.9,2.953,17.18,13.89,3.29,28.0,0,NOMINAL
VEH_5014,28,2026-08-30T10:45:26.606177,73.21,,51.18,2.722,10.31,7.04,3.27,29.5,0,NOMINAL
VEH_5014,29,2026-08-30T10:46:31.606177,74.86,,48.75,2.811,10.47,7.81,2.66,31.0,0,NOMINAL
VEH_5014,30,2026-08-30T10:47:36.606177,67.42,,52.67,2.734,11.98,8.2,3.78,28.0,0,NOMINAL
VEH_5015,1,2026-08-30T10:17:26.606177,65.68,42.6,37.09,2.218,17.64,17.21,0.43,34.3,0,NOMINAL
VEH_5015,2,2026-08-30T10:18:31.606177,69.49,43.14,40.35,1.958,19.07,18.09,0.98,34.6,0,NOMINAL
VEH_5015,3,2026-08-30T10:19:36.606177,72.52,,39.45,2.255,12.42,11.74,0.68,34.9,0,NOMINAL
VEH_5015,4,2026-08-30T10:20:41.606177,75.73,,39.47,2.299,13.28,12.61,0.67,35.2,0,NOMINAL
VEH_5015,5,2026-08-30T10:21:46.606177,67.31,,41.3,2.264,14.04,13.1,0.94,35.5,0,NOMINAL
VEH_5015,6,2026-08-30T10:22:51.606177,66.13,,40.64,2.494,12.27,11.58,0.69,35.8,0,NOMINAL
VEH_5015,7,2026-08-30T10:23:56.606177,69.27,40.83,40.3,2.399,17.76,17.29,0.47,36.1,0,NOMINAL
VEH_5015,8,2026-08-30T10:25:01.606177,74.23,42.53,42.74,2.108,19.23,18.17,1.06,36.4,0,NOMINAL
VEH_5015,9,2026-08-30T10:26:06.606177,75.27,,41.01,1.968,12.47,11.81,0.66,36.7,0,NOMINAL
VEH_5015,10,2026-08-30T10:27:11.606177,65.66,,42.55,2.369,13.16,12.3,0.86,37.0,0,NOMINAL
VEH_5015,11,2026-08-30T10:28:16.606177,66.25,,43.16,2.333,13.47,12.78,0.69,48.0,0,NOMINAL
VEH_5015,12,2026-08-30T10:29:21.606177,70.04,,43.96,2.259,10.77,10.16,0.61,48.0,0,NOMINAL
VEH_5015,13,2026-08-30T10:30:26.606177,72.77,,44.41,2.615,12.11,11.14,0.97,38.0,0,NOMINAL
VEH_5015,14,2026-08-30T10:31:31.606177,74.88,43.0,44.06,2.587,19.23,18.24,0.99,38.2,0,NOMINAL
VEH_5015,15,2026-08-30T10:32:36.606177,62.66,,44.55,2.781,13.61,12.7,0.91,38.0,0,NOMINAL
VEH_5015,16,2026-08-30T10:33:41.606177,68.67,,45.08,2.678,11.18,10.08,1.1,38.0,0,NOMINAL
VEH_5015,17,2026-08-30T10:34:46.606177,70.0,,44.92,2.406,13.32,11.06,2.26,60.0,0,NOMINAL
VEH_5015,18,2026-08-30T10:35:51.606177,72.58,,46.43,2.816,13.3,12.04,1.26,38.0,0,NOMINAL
VEH_5015,19,2026-08-30T10:36:56.606177,74.96,,44.67,2.881,11.49,9.21,2.28,29.5,0,NOMINAL
VEH_5015,20,2026-08-30T10:38:01.606177,65.52,,46.57,2.539,9.16,6.8,2.36,31.0,0,NOMINAL
VEH_5015,21,2026-08-30T10:39:06.606177,68.32,,48.56,2.76,10.69,7.58,3.11,28.0,0,NOMINAL
VEH_5015,22,2026-08-30T10:40:11.606177,70.06,,47.32,2.813,11.03,8.36,2.67,29.5,0,NOMINAL
VEH_5015,23,2026-08-30T10:41:16.606177,72.67,,47.19,2.807,11.57,9.14,2.43,31.0,0,NOMINAL
VEH_5015,24,2026-08-30T10:42:21.606177,76.12,,48.51,2.657,10.22,7.11,3.11,28.0,0,NOMINAL
VEH_5015,25,2026-08-30T10:43:26.606177,66.62,,48.05,2.669,10.34,7.5,2.84,29.5,0,NOMINAL
VEH_5015,26,2026-08-30T10:44:31.606177,66.27,41.24,48.53,2.985,15.61,13.11,2.5,31.0,0,NOMINAL
VEH_5015,27,2026-08-30T10:45:36.606177,67.84,41.55,48.39,2.735,16.83,13.89,2.94,28.0,0,NOMINAL
VEH_5015,28,2026-08-30T10:46:41.606177,73.6,,50.88,2.763,10.28,7.04,3.24,29.5,0,NOMINAL
VEH_5015,29,2026-08-30T10:47:46.606177,73.22,,49.03,3.03,10.46,7.81,2.65,31.0,0,NOMINAL
VEH_5015,30,2026-08-30T10:48:51.606177,63.52,,50.74,3.39,11.57,8.2,3.37,28.0,0,NOMINAL
VEH_5016,1,2026-08-30T10:18:41.606177,66.47,41.22,39.88,2.144,17.93,17.21,0.72,34.3,0,NOMINAL
VEH_5016,2,2026-08-30T10:19:46.606177,68.66,39.73,39.37,1.99,18.5,18.09,0.41,34.6,0,NOMINAL
VEH_5016,3,2026-08-30T10:20:51.606177,72.09,,39.85,2.033,12.47,11.74,0.73,34.9,0,NOMINAL
VEH_5016,4,2026-08-30T10:21:56.606177,74.89,,41.63,1.972,13.57,12.61,0.96,35.2,0,NOMINAL
VEH_5016,5,2026-08-30T10:23:01.606177,64.78,,40.77,2.009,13.89,13.1,0.79,35.5,0,NOMINAL
VEH_5016,6,2026-08-30T10:24:06.606177,65.73,,41.46,2.261,12.38,11.58,0.8,35.8,0,NOMINAL
VEH_5016,7,2026-08-30T10:25:11.606177,72.47,41.41,40.43,2.439,17.95,17.29,0.66,36.1,0,NOMINAL
VEH_5016,8,2026-08-30T10:26:16.606177,73.45,38.73,41.27,2.316,18.55,18.17,0.38,36.4,0,NOMINAL
VEH_5016,9,2026-08-30T10:27:21.606177,76.07,,42.85,2.404,12.77,11.81,0.96,36.7,0,NOMINAL
VEH_5016,10,2026-08-30T10:28:26.606177,64.15,,42.67,2.366,13.13,12.3,0.83,37.0,0,NOMINAL
VEH_5016,11,2026-08-30T10:29:31.606177,66.1,,42.79,2.472,13.52,12.78,0.74,48.0,0,NOMINAL
VEH_5016,12,2026-08-30T10:30:36.606177,70.04,,45.56,2.265,10.53,10.16,0.37,48.0,0,NOMINAL
VEH_5016,13,2026-08-30T10:31:41.606177,70.64,,44.67,2.471,12.08,11.14,0.94,38.0,0,NOMINAL
VEH_5016,14,2026-08-30T10:32:46.606177,73.69,39.98,43.87,2.495,18.82,18.24,0.58,38.2,0,NOMINAL
VEH_5016,15,2026-08-30T10:33:51.606177,66.1,,44.3,2.4,13.68,12.7,0.98,38.0,0,NOMINAL
VEH_5016,16,2026-08-30T10:34:56.606177,67.22,,44.12,2.447,10.99,10.08,0.91,38.0,0,NOMINAL
VEH_5016,17,2026-08-30T10:36:01.606177,70.96,,43.87,2.679,13.51,11.06,2.45,60.0,0,NOMINAL
VEH_5016,18,2026-08-30T10:37:06.606177,71.66,,45.8,2.673,13.18,12.04,1.14,38.0,0,NOMINAL
VEH_5016,19,2026-08-30T10:38:11.606177,73.56,,46.61,2.514,11.73,9.21,2.52,29.5,0,NOMINAL
VEH_5016,20,2026-08-30T10:39:16.606177,63.99,,45.25,2.696,8.91,6.8,2.11,31.0,0,NOMINAL
VEH_5016,21,2026-08-30T10:40:21.606177,69.62,,45.93,2.669,10.34,7.58,2.76,28.0,0,NOMINAL
VEH_5016,22,2026-08-30T10:41:26.606177,70.07,,47.63,2.633,11.08,8.36,2.72,29.5,0,NOMINAL
VEH_5016,23,2026-08-30T10:42:31.606177,71.94,,47.05,2.871,11.53,9.14,2.39,31.0,0,NOMINAL
VEH_5016,24,2026-08-30T10:43:36.606177,74.36,,49.3,2.769,10.29,7.11,3.18,28.0,0,NOMINAL
VEH_5016,25,2026-08-30T10:44:41.606177,63.51,,49.52,2.89,10.46,7.5,2.96,29.5,0,NOMINAL
VEH_5016,26,2026-08-30T10:45:46.606177,68.39,41.45,49.24,2.829,15.81,13.11,2.7,31.0,0,NOMINAL
VEH_5016,27,2026-08-30T10:46:51.606177,70.59,41.86,50.39,2.704,17.25,13.89,3.36,28.0,0,NOMINAL
VEH_5016,28,2026-08-30T10:47:56.606177,73.93,,49.23,2.785,10.04,7.04,3.0,29.5,0,NOMINAL
VEH_5016,29,2026-08-30T10:49:01.606177,75.59,,49.35,2.798,10.58,7.81,2.77,31.0,0,NOMINAL
VEH_5016,30,2026-08-30T10:50:06.606177,65.9,,51.55,2.86,11.76,8.2,3.56,28.0,0,NOMINAL
VEH_5017,1,2026-08-30T10:19:56.606177,66.83,43.91,39.07,2.078,18.12,17.21,0.91,34.3,0,NOMINAL
VEH_5017,2,2026-08-30T10:21:01.606177,66.92,43.15,38.28,2.016,18.68,18.09,0.59,34.6,0,NOMINAL
VEH_5017,3,2026-08-30T10:22:06.606177,72.26,,39.71,2.323,12.45,11.74,0.71,34.9,0,NOMINAL
VEH_5017,4,2026-08-30T10:23:11.606177,72.65,,40.42,1.907,13.32,12.61,0.71,35.2,0,NOMINAL
VEH_5017,5,2026-08-30T10:24:16.606177,63.26,,39.61,2.091,13.67,13.1,0.57,35.5,0,NOMINAL
VEH_5017,6,2026-08-30T10:25:21.606177,65.81,,42.07,2.14,12.47,11.58,0.89,35.8,0,NOMINAL
VEH_5017,7,2026-08-30T10:26:26.606177,67.32,41.67,42.32,2.134,18.1,17.29,0.81,36.1,0,NOMINAL
VEH_5017,8,2026-08-30T10:27:31.606177,71.86,42.94,42.24,2.543,19.13,18.17,0.96,36.4,0,NOMINAL
VEH_5017,9,2026-08-30T10:28:36.606177,72.06,,41.1,2.11,12.38,11.81,0.57,36.7,0,NOMINAL
VEH_5017,10,2026-08-30T10:29:41.606177,67.41,,42.44,2.455,13.19,12.3,0.89,37.0,0,NOMINAL
VEH_5017,11,2026-08-30T10:30:46.606177,67.51,,42.7,2.649,13.58,12.78,0.8,48.0,0,NOMINAL
VEH_5017,12,2026-08-30T10:31:51.606177,70.46,,43.37,2.561,10.87,10.16,0.71,48.0,0,NOMINAL
VEH_5017,13,2026-08-30T10:32:56.606177,73.38,,44.73,2.389,12.17,11.14,1.03,38.0,0,NOMINAL
VEH_5017,14,2026-08-30T10:34:01.606177,77.7,42.97,45.82,2.628,19.58,18.24,1.34,38.2,0,NOMINAL
VEH_5017,15,2026-08-30T10:35:06.606177,65.64,,44.84,2.629,13.75,12.7,1.05,38.0,0,NOMINAL
VEH_5017,16,2026-08-30T10:36:11.606177,66.36,,45.42,2.537,11.16,10.08,1.08,38.0,0,NOMINAL
VEH_5017,17,2026-08-30T10:37:16.606177,71.37,,45.39,2.701,13.29,11.06,2.23,60.0,0,NOMINAL
VEH_5017,18,2026-08-30T10:38:21.606177,73.05,,45.3,2.619,13.15,12.04,1.11,38.0,0,NOMINAL
VEH_5017,19,2026-08-30T10:39:26.606177,74.6,,45.96,2.748,11.67,9.21,2.46,29.5,0,NOMINAL
VEH_5017,20,2026-08-30T10:40:31.606177,65.81,,46.41,2.565,9.14,6.8,2.34,31.0,0,NOMINAL
VEH_5017,21,2026-08-30T10:41:36.606177,66.57,,47.0,2.487,10.4,7.58,2.82,28.0,0,NOMINAL
VEH_5017,22,2026-08-30T10:42:41.606177,71.36,,48.38,2.948,11.23,8.36,2.87,29.5,0,NOMINAL
VEH_5017,23,2026-08-30T10:43:46.606177,73.11,,47.81,2.823,11.68,9.14,2.54,31.0,0,NOMINAL
VEH_5017,24,2026-08-30T10:44:51.606177,76.01,,48.68,2.827,10.25,7.11,3.14,28.0,0,NOMINAL
VEH_5017,25,2026-08-30T10:45:56.606177,64.85,,48.97,2.947,10.42,7.5,2.92,29.5,0,NOMINAL
VEH_5017,26,2026-08-30T10:47:01.606177,66.97,41.31,49.54,2.783,15.8,13.11,2.69,31.0,0,NOMINAL
VEH_5017,27,2026-08-30T10:48:06.606177,70.23,39.99,49.55,3.076,16.9,13.89,3.01,28.0,0,NOMINAL
VEH_5017,28,2026-08-30T10:49:11.606177,72.49,,48.66,2.839,9.91,7.04,2.87,29.5,0,NOMINAL
VEH_5017,29,2026-08-30T10:50:16.606177,75.81,,50.09,3.165,10.7,7.81,2.89,31.0,0,NOMINAL
VEH_5017,30,2026-08-30T10:51:21.606177,62.66,,51.64,2.86,11.68,8.2,3.48,28.0,0,NOMINAL
VEH_5018,1,2026-08-30T10:21:11.606177,68.89,40.72,37.61,1.873,17.6,17.21,0.39,34.3,0,NOMINAL
VEH_5018,2,2026-08-30T10:22:16.606177,70.56,40.38,39.87,2.191,18.71,18.09,0.62,34.6,0,NOMINAL
VEH_5018,3,2026-08-30T10:23:21.606177,69.58,,40.22,2.206,12.44,11.74,0.7,34.9,0,NOMINAL
VEH_5018,4,2026-08-30T10:24:26.606177,73.5,,40.53,2.206,13.37,12.61,0.76,35.2,0,NOMINAL
VEH_5018,5,2026-08-30T10:25:31.606177,66.57,,40.03,2.481,13.83,13.1,0.73,35.5,0,NOMINAL
VEH_5018,6,2026-08-30T10:26:36.606177,66.36,,40.34,2.025,12.23,11.58,0.65,35.8,0,NOMINAL
VEH_5018,7,2026-08-30T10:27:41.606177,71.27,39.37,40.09,2.448,17.62,17.29,0.33,36.1,0,NOMINAL
VEH_5018,8,2026-08-30T10:28:46.606177,70.15,40.59,41.22,2.28,18.65,18.17,0.48,36.4,0,NOMINAL
VEH_5018,9,2026-08-30T10:29:51.606177,75.72,,40.64,2.169,12.43,11.81,0.62,36.7,0,NOMINAL
VEH_5018,10,2026-08-30T10:30:56.606177,64.71,,42.21,2.241,13.08,12.3,0.78,37.0,0,NOMINAL
VEH_5018,11,2026-08-30T10:32:01.606177,65.91,,43.11,2.471,13.47,12.78,0.69,48.0,0,NOMINAL
VEH_5018,12,2026-08-30T10:33:06.606177,70.48,,42.89,2.285,10.94,10.16,0.78,48.0,0,NOMINAL
VEH_5018,13,2026-08-30T10:34:11.606177,71.39,,44.89,2.741,12.13,11.14,0.99,38.0,0,NOMINAL
VEH_5018,14,2026-08-30T10:35:16.606177,75.92,41.78,44.07,2.489,19.13,18.24,0.89,38.2,0,NOMINAL
VEH_5018,15,2026-08-30T10:36:21.606177,64.8,,44.26,2.431,13.64,12.7,0.94,38.0,0,NOMINAL
VEH_5018,16,2026-08-30T10:37:26.606177,65.49,,44.46,2.582,10.99,10.08,0.91,38.0,0,NOMINAL
VEH_5018,17,2026-08-30T10:38:31.606177,70.6,,44.85,2.531,13.35,11.06,2.29,60.0,0,NOMINAL
VEH_5018,18,2026-08-30T10:39:36.606177,70.98,,45.64,2.682,13.13,12.04,1.09,38.0,0,NOMINAL
VEH_5018,19,2026-08-30T10:40:41.606177,74.06,,47.19,2.733,11.84,9.21,2.63,29.5,0,NOMINAL
VEH_5018,20,2026-08-30T10:41:46.606177,64.97,,47.42,2.837,9.27,6.8,2.47,31.0,0,NOMINAL
VEH_5018,21,2026-08-30T10:42:51.606177,67.18,,46.82,2.838,10.39,7.58,2.81,28.0,0,NOMINAL
VEH_5018,22,2026-08-30T10:43:56.606177,69.82,,47.24,2.626,11.01,8.36,2.65,29.5,0,NOMINAL
VEH_5018,23,2026-08-30T10:45:01.606177,72.07,,48.69,2.705,11.78,9.14,2.64,31.0,0,NOMINAL
VEH_5018,24,2026-08-30T10:46:06.606177,75.33,,47.42,2.87,10.04,7.11,2.93,28.0,0,NOMINAL
VEH_5018,25,2026-08-30T10:47:11.606177,64.47,,48.61,2.938,10.35,7.5,2.85,29.5,0,NOMINAL
VEH_5018,26,2026-08-30T10:48:16.606177,68.63,40.23,50.5,2.898,15.87,13.11,2.76,31.0,0,NOMINAL
VEH_5018,27,2026-08-30T10:49:21.606177,71.66,40.46,49.37,3.08,16.97,13.89,3.08,28.0,0,NOMINAL
VEH_5018,28,2026-08-30T10:50:26.606177,74.0,,49.98,2.696,10.15,7.04,3.11,29.5,0,NOMINAL
VEH_5018,29,2026-08-30T10:51:31.606177,74.75,,48.0,2.626,10.35,7.81,2.54,31.0,0,NOMINAL
VEH_5018,30,2026-08-30T10:52:36.606177,65.36,,50.06,2.731,11.52,8.2,3.32,28.0,0,NOMINAL
VEH_5019,1,2026-08-30T10:22:26.606177,67.5,40.18,38.84,1.874,17.68,17.21,0.47,34.3,0,NOMINAL
VEH_5019,2,2026-08-30T10:23:31.606177,69.59,39.19,40.39,2.035,18.62,18.09,0.53,34.6,0,NOMINAL
VEH_5019,3,2026-08-30T10:24:36.606177,72.0,,38.98,1.881,12.33,11.74,0.59,34.9,0,NOMINAL
VEH_5019,4,2026-08-30T10:25:41.606177,76.96,,39.69,1.727,13.35,12.61,0.74,35.2,0,NOMINAL
VEH_5019,5,2026-08-30T10:26:46.606177,64.3,,40.36,1.934,13.81,13.1,0.71,35.5,0,NOMINAL
VEH_5019,6,2026-08-30T10:27:51.606177,67.44,,40.92,2.152,12.35,11.58,0.77,35.8,0,NOMINAL
VEH_5019,7,2026-08-30T10:28:56.606177,69.55,39.8,40.05,2.346,17.61,17.29,0.32,36.1,0,NOMINAL
VEH_5019,8,2026-08-30T10:30:01.606177,72.06,39.56,42.71,2.532,18.82,18.17,0.65,36.4,0,NOMINAL
VEH_5019,9,2026-08-30T10:31:06.606177,74.84,,42.75,2.218,12.71,11.81,0.9,36.7,0,NOMINAL
VEH_5019,10,2026-08-30T10:32:11.606177,64.01,,42.68,2.394,13.13,12.3,0.83,37.0,0,NOMINAL
VEH_5019,11,2026-08-30T10:33:16.606177,65.95,,44.04,2.302,13.33,12.78,0.55,48.0,0,NOMINAL
VEH_5019,12,2026-08-30T10:34:21.606177,71.02,,42.97,2.633,10.94,10.16,0.78,48.0,0,NOMINAL
VEH_5019,13,2026-08-30T10:35:26.606177,72.66,,44.79,2.381,12.16,11.14,1.02,38.0,0,NOMINAL
VEH_5019,14,2026-08-30T10:36:31.606177,74.46,38.76,45.07,2.495,18.88,18.24,0.64,38.2,0,NOMINAL
VEH_5019,15,2026-08-30T10:37:36.606177,64.02,,44.32,2.351,13.62,12.7,0.92,38.0,0,NOMINAL
VEH_5019,16,2026-08-30T10:38:41.606177,67.59,,45.2,2.853,11.16,10.08,1.08,38.0,0,NOMINAL
VEH_5019,17,2026-08-30T10:39:46.606177,69.64,,44.87,2.806,13.32,11.06,2.26,60.0,0,NOMINAL
VEH_5019,18,2026-08-30T10:40:51.606177,71.87,,46.97,2.77,13.36,12.04,1.32,38.0,0,NOMINAL
VEH_5019,19,2026-08-30T10:41:56.606177,76.16,,45.91,2.686,11.71,9.21,2.5,29.5,0,NOMINAL
VEH_5019,20,2026-08-30T10:43:01.606177,64.71,,45.9,2.262,9.03,6.8,2.23,31.0,0,NOMINAL
VEH_5019,21,2026-08-30T10:44:06.606177,66.17,,47.55,2.696,10.47,7.58,2.89,28.0,0,NOMINAL
VEH_5019,22,2026-08-30T10:45:11.606177,71.3,,47.7,2.317,11.13,8.36,2.77,29.5,0,NOMINAL
VEH_5019,23,2026-08-30T10:46:16.606177,71.68,,47.35,2.717,11.56,9.14,2.42,31.0,0,NOMINAL
VEH_5019,24,2026-08-30T10:47:21.606177,77.26,,45.82,2.525,9.86,7.11,2.75,28.0,0,NOMINAL
VEH_5019,25,2026-08-30T10:48:26.606177,66.74,,49.22,2.743,10.52,7.5,3.02,29.5,0,NOMINAL
VEH_5019,26,2026-08-30T10:49:31.606177,68.66,39.44,48.78,2.662,15.52,13.11,2.41,31.0,0,NOMINAL
VEH_5019,27,2026-08-30T10:50:36.606177,71.56,38.35,49.26,2.911,16.71,13.89,2.82,28.0,0,NOMINAL
VEH_5019,28,2026-08-30T10:51:41.606177,73.35,,49.61,2.704,10.08,7.04,3.04,29.5,0,NOMINAL
VEH_5019,29,2026-08-30T10:52:46.606177,76.34,,49.07,2.84,10.56,7.81,2.75,31.0,0,NOMINAL
VEH_5019,30,2026-08-30T10:53:51.606177,64.78,,49.83,2.81,11.47,8.2,3.27,28.0,0,NOMINAL
VEH_5020,1,2026-08-30T10:23:41.606177,67.35,41.51,39.29,2.086,17.9,17.21,0.69,34.3,0,NOMINAL
VEH_5020,2,2026-08-30T10:24:46.606177,68.86,39.92,38.68,1.99,18.43,18.09,0.34,34.6,0,NOMINAL
VEH_5020,3,2026-08-30T10:25:51.606177,70.53,,39.76,2.166,12.4,11.74,0.66,34.9,0,NOMINAL
VEH_5020,4,2026-08-30T10:26:56.606177,73.62,,40.45,2.15,13.36,12.61,0.75,35.2,0,NOMINAL
VEH_5020,5,2026-08-30T10:28:01.606177,66.07,,38.92,2.043,13.65,13.1,0.55,35.5,0,NOMINAL
VEH_5020,6,2026-08-30T10:29:06.606177,65.77,,40.35,2.186,12.21,11.58,0.63,35.8,0,NOMINAL
VEH_5020,7,2026-08-30T10:30:11.606177,70.72,42.47,40.54,1.947,18.03,17.29,0.74,36.1,0,NOMINAL
VEH_5020,8,2026-08-30T10:31:16.606177,71.53,41.28,39.55,2.752,18.52,18.17,0.35,36.4,0,NOMINAL
VEH_5020,9,2026-08-30T10:32:21.606177,75.33,,43.19,2.228,12.8,11.81,0.99,36.7,0,NOMINAL
VEH_5020,10,2026-08-30T10:33:26.606177,66.55,,44.11,2.401,13.42,12.3,1.12,37.0,0,NOMINAL
VEH_5020,11,2026-08-30T10:34:31.606177,68.59,,43.06,2.61,13.56,12.78,0.78,48.0,0,NOMINAL
VEH_5020,12,2026-08-30T10:35:36.606177,71.1,,43.5,2.412,10.87,10.16,0.71,48.0,0,NOMINAL
VEH_5020,13,2026-08-30T10:36:41.606177,71.57,,44.58,2.726,12.09,11.14,0.95,38.0,0,NOMINAL
VEH_5020,14,2026-08-30T10:37:46.606177,75.01,40.66,45.11,2.64,19.12,18.24,0.88,38.2,0,NOMINAL
VEH_5020,15,2026-08-30T10:38:51.606177,66.21,,44.99,2.344,13.79,12.7,1.09,38.0,0,NOMINAL
VEH_5020,16,2026-08-30T10:39:56.606177,66.28,,44.26,2.736,10.98,10.08,0.9,38.0,0,NOMINAL
VEH_5020,17,2026-08-30T10:41:01.606177,68.74,,45.95,2.533,13.13,11.06,2.07,60.0,0,NOMINAL
VEH_5020,18,2026-08-30T10:42:06.606177,72.64,,45.45,2.777,13.16,12.04,1.12,38.0,0,NOMINAL
VEH_5020,19,2026-08-30T10:43:11.606177,75.43,,46.89,2.444,11.83,9.21,2.62,29.5,0,NOMINAL
VEH_5020,20,2026-08-30T10:44:16.606177,64.99,,45.74,2.729,9.01,6.8,2.21,31.0,0,NOMINAL
VEH_5020,21,2026-08-30T10:45:21.606177,66.73,,45.22,2.971,10.14,7.58,2.56,28.0,0,NOMINAL
VEH_5020,22,2026-08-30T10:46:26.606177,69.57,,47.3,2.685,11.02,8.36,2.66,29.5,0,NOMINAL
VEH_5020,23,2026-08-30T10:47:31.606177,74.31,,49.31,2.692,11.94,9.14,2.8,31.0,0,NOMINAL
VEH_5020,24,2026-08-30T10:48:36.606177,76.28,,49.57,2.881,10.39,7.11,3.28,28.0,0,NOMINAL
VEH_5020,25,2026-08-30T10:49:41.606177,63.29,,50.55,2.774,10.61,7.5,3.11,29.5,0,NOMINAL
VEH_5020,26,2026-08-30T10:50:46.606177,69.4,40.4,50.07,2.654,15.85,13.11,2.74,31.0,0,NOMINAL
VEH_5020,27,2026-08-30T10:51:51.606177,70.58,41.89,49.49,2.731,17.12,13.89,3.23,28.0,0,NOMINAL
VEH_5020,28,2026-08-30T10:52:56.606177,71.52,,49.87,3.044,10.06,7.04,3.02,29.5,0,NOMINAL
VEH_5020,29,2026-08-30T10:54:01.606177,75.22,,50.08,3.068,10.68,7.81,2.87,31.0,0,NOMINAL
VEH_5020,30,2026-08-30T10:55:06.606177,66.05,,49.72,2.858,11.49,8.2,3.29,28.0,0,NOMINAL
VEH_5021,1,2026-08-30T10:24:56.606177,66.44,42.62,39.03,2.109,17.96,17.21,0.75,34.3,0,NOMINAL
VEH_5021,2,2026-08-30T10:26:01.606177,70.82,42.33,37.79,2.098,18.63,18.09,0.54,34.6,0,NOMINAL
VEH_5021,3,2026-08-30T10:27:06.606177,71.1,,40.55,2.208,12.54,11.74,0.8,34.9,0,NOMINAL
VEH_5021,4,2026-08-30T10:28:11.606177,75.53,,40.55,2.29,13.43,12.61,0.82,35.2,0,NOMINAL
VEH_5021,5,2026-08-30T10:29:16.606177,65.22,,39.75,2.049,13.75,13.1,0.65,35.5,0,NOMINAL
VEH_5021,6,2026-08-30T10:30:21.606177,69.16,,41.32,2.015,12.46,11.58,0.88,35.8,0,NOMINAL
VEH_5021,7,2026-08-30T10:31:26.606177,69.02,42.98,40.93,2.182,18.09,17.29,0.8,36.1,0,NOMINAL
VEH_5021,8,2026-08-30T10:32:31.606177,73.61,42.3,42.42,2.346,19.14,18.17,0.97,36.4,0,NOMINAL
VEH_5021,9,2026-08-30T10:33:36.606177,74.67,,41.26,2.199,12.49,11.81,0.68,36.7,0,NOMINAL
VEH_5021,10,2026-08-30T10:34:41.606177,64.5,,41.84,2.618,13.02,12.3,0.72,37.0,0,NOMINAL
VEH_5021,11,2026-08-30T10:35:46.606177,67.5,,44.63,2.603,13.29,12.78,0.51,48.0,0,NOMINAL
VEH_5021,12,2026-08-30T10:36:51.606177,69.27,,44.71,2.337,10.63,10.16,0.47,48.0,0,NOMINAL
VEH_5021,13,2026-08-30T10:37:56.606177,73.75,,44.91,2.427,12.21,11.14,1.07,38.0,0,NOMINAL
VEH_5021,14,2026-08-30T10:39:01.606177,74.65,41.62,42.62,2.584,18.85,18.24,0.61,38.2,0,NOMINAL
VEH_5021,15,2026-08-30T10:40:06.606177,64.67,,43.81,2.155,13.56,12.7,0.86,38.0,0,NOMINAL
VEH_5021,16,2026-08-30T10:41:11.606177,69.1,,45.37,2.625,11.24,10.08,1.16,38.0,0,NOMINAL
VEH_5021,17,2026-08-30T10:42:16.606177,70.29,,45.89,2.514,13.18,11.06,2.12,60.0,0,NOMINAL
VEH_5021,18,2026-08-30T10:43:21.606177,73.32,,46.29,2.654,13.3,12.04,1.26,38.0,0,NOMINAL
VEH_5021,19,2026-08-30T10:44:26.606177,75.13,,47.21,2.755,11.87,9.21,2.66,29.5,0,NOMINAL
VEH_5021,20,2026-08-30T10:45:31.606177,64.25,,47.11,2.555,9.2,6.8,2.4,31.0,0,NOMINAL
VEH_5021,21,2026-08-30T10:46:36.606177,67.73,,46.27,2.672,10.33,7.58,2.75,28.0,0,NOMINAL
VEH_5021,22,2026-08-30T10:47:41.606177,70.89,,47.88,2.966,11.14,8.36,2.78,29.5,0,NOMINAL
VEH_5021,23,2026-08-30T10:48:46.606177,72.36,,47.55,2.666,11.61,9.14,2.47,31.0,0,NOMINAL
VEH_5021,24,2026-08-30T10:49:51.606177,74.45,,49.21,2.641,10.28,7.11,3.17,28.0,0,NOMINAL
VEH_5021,25,2026-08-30T10:50:56.606177,65.07,,48.18,2.342,10.31,7.5,2.81,29.5,0,NOMINAL
VEH_5021,26,2026-08-30T10:52:01.606177,69.54,39.99,48.18,2.56,15.52,13.11,2.41,31.0,0,NOMINAL
VEH_5021,27,2026-08-30T10:53:06.606177,70.02,40.55,49.17,2.87,16.9,13.89,3.01,28.0,0,NOMINAL
VEH_5021,28,2026-08-30T10:54:11.606177,70.99,,49.23,2.707,9.95,7.04,2.91,29.5,0,NOMINAL
VEH_5021,29,2026-08-30T10:55:16.606177,75.55,,50.38,2.848,10.74,7.81,2.93,31.0,0,NOMINAL
VEH_5021,30,2026-08-30T10:56:21.606177,64.74,,51.33,3.068,11.7,8.2,3.5,28.0,0,NOMINAL
VEH_5022,1,2026-08-30T10:26:11.606177,66.98,43.29,37.73,2.051,17.86,17.21,0.65,34.3,0,NOMINAL
VEH_5022,2,2026-08-30T10:27:16.606177,71.05,41.28,39.3,1.93,18.74,18.09,0.65,34.6,0,NOMINAL
VEH_5022,3,2026-08-30T10:28:21.606177,74.32,,38.9,2.236,12.39,11.74,0.65,34.9,0,NOMINAL
VEH_5022,4,2026-08-30T10:29:26.606177,76.61,,40.05,2.139,13.39,12.61,0.78,35.2,0,NOMINAL
VEH_5022,5,2026-08-30T10:30:31.606177,65.4,,39.95,2.229,13.78,13.1,0.68,35.5,0,NOMINAL
VEH_5022,6,2026-08-30T10:31:36.606177,67.52,,39.69,2.278,12.16,11.58,0.58,35.8,0,NOMINAL
VEH_5022,7,2026-08-30T10:32:41.606177,70.8,43.02,41.04,2.672,18.17,17.29,0.88,36.1,0,NOMINAL
VEH_5022,8,2026-08-30T10:33:46.606177,72.25,40.02,43.85,2.577,19.05,18.17,0.88,36.4,0,NOMINAL
VEH_5022,9,2026-08-30T10:34:51.606177,78.02,,41.78,2.418,12.67,11.81,0.86,36.7,0,NOMINAL
VEH_5022,10,2026-08-30T10:35:56.606177,64.35,,42.6,2.374,13.12,12.3,0.82,37.0,0,NOMINAL
VEH_5022,11,2026-08-30T10:37:01.606177,69.32,,43.64,2.561,13.49,12.78,0.71,48.0,0,NOMINAL
VEH_5022,12,2026-08-30T10:38:06.606177,69.28,,43.87,2.318,10.76,10.16,0.6,48.0,0,NOMINAL
VEH_5022,13,2026-08-30T10:39:11.606177,72.85,,43.63,2.416,11.99,11.14,0.85,38.0,0,NOMINAL
VEH_5022,14,2026-08-30T10:40:16.606177,73.25,40.78,45.08,2.472,19.08,18.24,0.84,38.2,0,NOMINAL
VEH_5022,15,2026-08-30T10:41:21.606177,66.19,,43.7,2.584,13.6,12.7,0.9,38.0,0,NOMINAL
VEH_5022,16,2026-08-30T10:42:26.606177,67.15,,45.13,2.789,11.14,10.08,1.06,38.0,0,NOMINAL
VEH_5022,17,2026-08-30T10:43:31.606177,73.32,,46.97,2.584,13.11,11.06,2.05,60.0,0,NOMINAL
VEH_5022,18,2026-08-30T10:44:36.606177,71.96,,46.18,2.668,13.25,12.04,1.21,38.0,0,NOMINAL
VEH_5022,19,2026-08-30T10:45:41.606177,74.93,,46.34,2.709,11.74,9.21,2.53,29.5,0,NOMINAL
VEH_5022,20,2026-08-30T10:46:46.606177,62.91,,46.64,2.721,9.09,6.8,2.29,31.0,0,NOMINAL
VEH_5022,21,2026-08-30T10:47:51.606177,69.22,,46.07,2.81,10.35,7.58,2.77,28.0,0,NOMINAL
VEH_5022,22,2026-08-30T10:48:56.606177,67.34,,47.55,2.698,10.98,8.36,2.62,29.5,0,NOMINAL
VEH_5022,23,2026-08-30T10:50:01.606177,71.66,,49.05,2.812,11.82,9.14,2.68,31.0,0,NOMINAL
VEH_5022,24,2026-08-30T10:51:06.606177,76.55,,47.48,2.712,10.08,7.11,2.97,28.0,0,NOMINAL
VEH_5022,25,2026-08-30T10:52:11.606177,62.81,,49.01,2.937,10.36,7.5,2.86,29.5,0,NOMINAL
VEH_5022,26,2026-08-30T10:53:16.606177,68.43,43.44,49.23,2.979,16.04,13.11,2.93,31.0,0,NOMINAL
VEH_5022,27,2026-08-30T10:54:21.606177,70.06,43.09,49.32,2.83,17.21,13.89,3.32,28.0,0,NOMINAL
VEH_5022,28,2026-08-30T10:55:26.606177,72.39,,49.86,2.967,10.09,7.04,3.05,29.5,0,NOMINAL
VEH_5022,29,2026-08-30T10:56:31.606177,73.95,,50.57,3.138,10.72,7.81,2.91,31.0,0,NOMINAL
VEH_5022,30,2026-08-30T10:57:36.606177,64.54,,50.31,3.157,11.54,8.2,3.34,28.0,0,NOMINAL
VEH_5023,1,2026-08-30T10:27:26.606177,68.27,42.21,37.85,2.029,17.79,17.21,0.58,34.3,0,NOMINAL
VEH_5023,2,2026-08-30T10:28:31.606177,68.6,39.24,40.01,2.563,18.54,18.09,0.45,34.6,0,NOMINAL
VEH_5023,3,2026-08-30T10:29:36.606177,70.94,,39.69,2.084,12.41,11.74,0.67,34.9,0,NOMINAL
VEH_5023,4,2026-08-30T10:30:41.606177,75.74,,39.28,2.02,13.25,12.61,0.64,35.2,0,NOMINAL
VEH_5023,5,2026-08-30T10:31:46.606177,64.52,,39.92,2.118,13.75,13.1,0.65,35.5,0,NOMINAL
VEH_5023,6,2026-08-30T10:32:51.606177,66.42,,40.34,2.286,12.23,11.58,0.65,35.8,0,NOMINAL
VEH_5023,7,2026-08-30T10:33:56.606177,70.96,41.02,40.34,2.252,17.84,17.29,0.55,36.1,0,NOMINAL
VEH_5023,8,2026-08-30T10:35:01.606177,71.09,37.71,42.11,2.433,18.48,18.17,0.31,36.4,0,NOMINAL
VEH_5023,9,2026-08-30T10:36:06.606177,74.94,,42.09,2.217,12.62,11.81,0.81,36.7,0,NOMINAL
VEH_5023,10,2026-08-30T10:37:11.606177,65.74,,42.64,2.24,13.17,12.3,0.87,37.0,0,NOMINAL
VEH_5023,11,2026-08-30T10:38:16.606177,67.98,,43.49,2.33,13.47,12.78,0.69,48.0,0,NOMINAL
VEH_5023,12,2026-08-30T10:39:21.606177,71.76,,44.11,2.146,10.8,10.16,0.64,48.0,0,NOMINAL
VEH_5023,13,2026-08-30T10:40:26.606177,73.54,,43.42,2.879,11.98,11.14,0.84,38.0,0,NOMINAL
VEH_5023,14,2026-08-30T10:41:31.606177,75.28,41.11,42.86,2.373,18.85,18.24,0.61,38.2,0,NOMINAL
VEH_5023,15,2026-08-30T10:42:36.606177,64.26,,45.05,2.791,13.74,12.7,1.04,38.0,0,NOMINAL
VEH_5023,16,2026-08-30T10:43:41.606177,67.36,,45.89,2.673,11.26,10.08,1.18,38.0,0,NOMINAL
VEH_5023,17,2026-08-30T10:44:46.606177,71.24,,46.19,2.501,13.17,11.06,2.11,60.0,0,NOMINAL
VEH_5023,18,2026-08-30T10:45:51.606177,73.36,,45.78,2.927,13.23,12.04,1.19,38.0,0,NOMINAL
VEH_5023,19,2026-08-30T10:46:56.606177,76.29,,47.38,2.575,11.93,9.21,2.72,29.5,0,NOMINAL
VEH_5023,20,2026-08-30T10:48:01.606177,63.34,,47.28,2.867,9.2,6.8,2.4,31.0,0,NOMINAL
VEH_5023,21,2026-08-30T10:49:06.606177,67.18,,45.7,2.854,10.23,7.58,2.65,28.0,0,NOMINAL
VEH_5023,22,2026-08-30T10:50:11.606177,71.04,,47.36,2.66,11.07,8.36,2.71,29.5,0,NOMINAL
VEH_5023,23,2026-08-30T10:51:16.606177,71.78,,48.3,3.033,11.71,9.14,2.57,31.0,0,NOMINAL
VEH_5023,24,2026-08-30T10:52:21.606177,74.5,,48.99,2.878,10.25,7.11,3.14,28.0,0,NOMINAL
VEH_5023,25,2026-08-30T10:53:26.606177,62.44,,47.65,3.118,10.15,7.5,2.65,29.5,0,NOMINAL
VEH_5023,26,2026-08-30T10:54:31.606177,66.89,39.93,48.99,2.987,15.55,13.11,2.44,31.0,0,NOMINAL
VEH_5023,27,2026-08-30T10:55:36.606177,69.15,39.81,49.29,2.712,16.8,13.89,2.91,28.0,0,NOMINAL
VEH_5023,28,2026-08-30T10:56:41.606177,71.87,,49.06,2.487,9.95,7.04,2.91,29.5,0,NOMINAL
VEH_5023,29,2026-08-30T10:57:46.606177,74.11,,50.93,2.679,10.77,7.81,2.96,31.0,0,NOMINAL
VEH_5023,30,2026-08-30T10:58:51.606177,64.06,,52.3,2.615,11.82,8.2,3.62,28.0,0,NOMINAL
VEH_5024,1,2026-08-30T10:28:41.606177,67.63,40.03,38.08,2.249,17.56,17.21,0.35,34.3,0,NOMINAL
VEH_5024,2,2026-08-30T10:29:46.606177,67.18,40.43,38.52,2.117,18.41,18.09,0.32,34.6,0,NOMINAL
VEH_5024,3,2026-08-30T10:30:51.606177,73.34,,41.43,2.29,12.74,11.74,1.0,34.9,0,NOMINAL
VEH_5024,4,2026-08-30T10:31:56.606177,74.04,,40.54,1.884,13.38,12.61,0.77,35.2,0,NOMINAL
VEH_5024,5,2026-08-30T10:33:01.606177,64.56,,40.36,2.139,13.82,13.1,0.72,35.5,0,NOMINAL
VEH_5024,6,2026-08-30T10:34:06.606177,67.64,,40.33,2.417,12.26,11.58,0.68,35.8,0,NOMINAL
VEH_5024,7,2026-08-30T10:35:11.606177,69.51,41.76,41.18,2.017,18.01,17.29,0.72,36.1,0,NOMINAL
VEH_5024,8,2026-08-30T10:36:16.606177,71.47,41.16,41.55,2.607,18.81,18.17,0.64,36.4,0,NOMINAL
VEH_5024,9,2026-08-30T10:37:21.606177,72.95,,41.71,2.126,12.5,11.81,0.69,36.7,0,NOMINAL
VEH_5024,10,2026-08-30T10:38:26.606177,64.91,,43.2,2.295,13.23,12.3,0.93,37.0,0,NOMINAL
VEH_5024,11,2026-08-30T10:39:31.606177,67.15,,43.96,2.732,13.38,12.78,0.6,48.0,0,NOMINAL
VEH_5024,12,2026-08-30T10:40:36.606177,70.83,,43.83,2.25,10.81,10.16,0.65,48.0,0,NOMINAL
VEH_5024,13,2026-08-30T10:41:41.606177,72.48,,42.97,2.597,11.88,11.14,0.74,38.0,0,NOMINAL
VEH_5024,14,2026-08-30T10:42:46.606177,77.07,38.07,43.35,2.27,18.63,18.24,0.39,38.2,0,NOMINAL
VEH_5024,15,2026-08-30T10:43:51.606177,64.14,,44.65,2.456,13.68,12.7,0.98,38.0,0,NOMINAL
VEH_5024,16,2026-08-30T10:44:56.606177,67.02,,46.07,2.448,11.28,10.08,1.2,38.0,0,NOMINAL
VEH_5024,17,2026-08-30T10:46:01.606177,71.19,,46.06,2.636,13.19,11.06,2.13,60.0,0,NOMINAL
VEH_5024,18,2026-08-30T10:47:06.606177,71.48,,47.42,2.969,13.42,12.04,1.38,38.0,0,NOMINAL
VEH_5024,19,2026-08-30T10:48:11.606177,74.83,,47.67,2.792,11.93,9.21,2.72,29.5,0,NOMINAL
VEH_5024,20,2026-08-30T10:49:16.606177,65.73,,46.19,2.623,9.1,6.8,2.3,31.0,0,NOMINAL
VEH_5024,21,2026-08-30T10:50:21.606177,65.62,,46.37,2.741,10.28,7.58,2.7,28.0,0,NOMINAL
VEH_5024,22,2026-08-30T10:51:26.606177,71.34,,48.25,2.866,11.21,8.36,2.85,29.5,0,NOMINAL
VEH_5024,23,2026-08-30T10:52:31.606177,71.79,,47.56,3.03,11.6,9.14,2.46,31.0,0,NOMINAL
VEH_5024,24,2026-08-30T10:53:36.606177,74.64,,48.46,2.638,10.17,7.11,3.06,28.0,0,NOMINAL
VEH_5024,25,2026-08-30T10:54:41.606177,64.22,,48.74,2.914,10.37,7.5,2.87,29.5,0,NOMINAL
VEH_5024,26,2026-08-30T10:55:46.606177,69.83,41.93,48.34,2.72,15.78,13.11,2.67,31.0,0,NOMINAL
VEH_5024,27,2026-08-30T10:56:51.606177,71.06,41.68,48.99,2.954,17.03,13.89,3.14,28.0,0,NOMINAL
VEH_5024,28,2026-08-30T10:57:56.606177,73.14,,49.66,2.844,10.08,7.04,3.04,29.5,0,NOMINAL
VEH_5024,29,2026-08-30T10:59:01.606177,75.2,,49.69,2.708,10.62,7.81,2.81,31.0,0,NOMINAL
VEH_5024,30,2026-08-30T11:00:06.606177,64.39,,50.14,3.179,11.51,8.2,3.31,28.0,0,NOMINAL
VEH_5025,1,2026-08-30T10:29:56.606177,66.42,44.16,37.74,2.21,17.94,17.21,0.73,34.3,0,NOMINAL
VEH_5025,2,2026-08-30T10:31:01.606177,70.75,44.27,41.72,2.312,19.44,18.09,1.35,34.6,0,NOMINAL
VEH_5025,3,2026-08-30T10:32:06.606177,73.37,,41.82,2.301,12.8,11.74,1.06,34.9,0,NOMINAL
VEH_5025,4,2026-08-30T10:33:11.606177,74.62,,39.09,2.415,13.18,12.61,0.57,35.2,0,NOMINAL
VEH_5025,5,2026-08-30T10:34:16.606177,65.26,,39.89,2.146,13.77,13.1,0.67,35.5,0,NOMINAL
VEH_5025,6,2026-08-30T10:35:21.606177,68.29,,39.67,2.37,12.19,11.58,0.61,35.8,0,NOMINAL
VEH_5025,7,2026-08-30T10:36:26.606177,71.01,42.97,41.5,2.467,18.24,17.29,0.95,36.1,0,NOMINAL
VEH_5025,8,2026-08-30T10:37:31.606177,71.03,44.04,42.38,2.692,19.25,18.17,1.08,36.4,0,NOMINAL
VEH_5025,9,2026-08-30T10:38:36.606177,74.52,,42.41,2.535,12.65,11.81,0.84,36.7,0,NOMINAL
VEH_5025,10,2026-08-30T10:39:41.606177,64.51,,42.24,2.334,13.08,12.3,0.78,37.0,0,NOMINAL
VEH_5025,11,2026-08-30T10:40:46.606177,66.93,,44.52,2.846,13.29,12.78,0.51,48.0,0,NOMINAL
VEH_5025,12,2026-08-30T10:41:51.606177,70.56,,42.13,2.462,11.06,10.16,0.9,48.0,0,NOMINAL
VEH_5025,13,2026-08-30T10:42:56.606177,75.09,,43.11,2.557,11.98,11.14,0.84,38.0,0,NOMINAL
VEH_5025,14,2026-08-30T10:44:01.606177,75.07,45.11,42.19,2.722,19.2,18.24,0.96,38.2,0,NOMINAL
VEH_5025,15,2026-08-30T10:45:06.606177,65.57,,44.51,2.528,13.7,12.7,1.0,38.0,0,NOMINAL
VEH_5025,16,2026-08-30T10:46:11.606177,69.06,,45.54,2.823,11.26,10.08,1.18,38.0,0,NOMINAL
VEH_5025,17,2026-08-30T10:47:16.606177,70.44,,46.72,2.624,13.06,11.06,2.0,60.0,0,NOMINAL
VEH_5025,18,2026-08-30T10:48:21.606177,71.42,,46.22,2.778,13.23,12.04,1.19,38.0,0,NOMINAL
VEH_5025,19,2026-08-30T10:49:26.606177,75.46,,47.24,2.857,11.89,9.21,2.68,29.5,0,NOMINAL
VEH_5025,20,2026-08-30T10:50:31.606177,64.41,,45.82,2.57,9.01,6.8,2.21,31.0,0,NOMINAL
VEH_5025,21,2026-08-30T10:51:36.606177,67.54,,48.25,3.023,10.62,7.58,3.04,28.0,0,NOMINAL
VEH_5025,22,2026-08-30T10:52:41.606177,70.18,,47.76,2.891,11.1,8.36,2.74,29.5,0,NOMINAL
VEH_5025,23,2026-08-30T10:53:46.606177,71.93,,47.58,3.007,11.6,9.14,2.46,31.0,0,NOMINAL
VEH_5025,24,2026-08-30T10:54:51.606177,77.04,,47.55,2.882,10.11,7.11,3.0,28.0,0,NOMINAL
VEH_5025,25,2026-08-30T10:55:56.606177,65.78,,49.93,3.012,10.59,7.5,3.09,29.5,0,NOMINAL
VEH_5025,26,2026-08-30T10:57:01.606177,70.66,44.58,49.33,2.754,16.25,13.11,3.14,31.0,0,NOMINAL
VEH_5025,27,2026-08-30T10:58:06.606177,70.14,42.47,50.53,3.095,17.33,13.89,3.44,28.0,0,NOMINAL
VEH_5025,28,2026-08-30T10:59:11.606177,73.24,,49.7,2.889,10.09,7.04,3.05,29.5,0,NOMINAL
VEH_5025,29,2026-08-30T11:00:16.606177,76.06,,50.87,3.162,10.83,7.81,3.02,31.0,0,NOMINAL
VEH_5025,30,2026-08-30T11:01:21.606177,65.06,,50.42,2.948,11.57,8.2,3.37,28.0,0,NOMINAL
VEH_5026,1,2026-08-30T10:31:11.606177,66.93,42.76,39.29,1.928,18.03,17.21,0.82,34.3,0,NOMINAL
VEH_5026,2,2026-08-30T10:32:16.606177,69.16,43.55,39.47,2.184,18.97,18.09,0.88,34.6,0,NOMINAL
VEH_5026,3,2026-08-30T10:33:21.606177,71.68,,39.49,2.051,12.4,11.74,0.66,34.9,0,NOMINAL
VEH_5026,4,2026-08-30T10:34:26.606177,75.37,,40.8,2.211,13.46,12.61,0.85,35.2,0,NOMINAL
VEH_5026,5,2026-08-30T10:35:31.606177,65.33,,40.9,2.041,13.92,13.1,0.82,35.5,0,NOMINAL
VEH_5026,6,2026-08-30T10:36:36.606177,65.85,,41.12,2.222,12.33,11.58,0.75,35.8,0,NOMINAL
VEH_5026,7,2026-08-30T10:37:41.606177,70.15,42.39,42.04,2.218,18.23,17.29,0.94,36.1,0,NOMINAL
VEH_5026,8,2026-08-30T10:38:46.606177,70.48,43.28,42.13,2.294,19.11,18.17,0.94,36.4,0,NOMINAL
VEH_5026,9,2026-08-30T10:39:51.606177,73.85,,42.42,2.298,12.64,11.81,0.83,36.7,0,NOMINAL
VEH_5026,10,2026-08-30T10:40:56.606177,65.01,,41.69,2.377,13.01,12.3,0.71,37.0,0,NOMINAL
VEH_5026,11,2026-08-30T10:42:01.606177,68.45,,42.55,2.535,13.63,12.78,0.85,48.0,0,NOMINAL
VEH_5026,12,2026-08-30T10:43:06.606177,70.35,,43.9,2.556,10.78,10.16,0.62,48.0,0,NOMINAL
VEH_5026,13,2026-08-30T10:44:11.606177,74.19,,41.74,2.873,11.75,11.14,0.61,38.0,0,NOMINAL
VEH_5026,14,2026-08-30T10:45:16.606177,76.24,43.18,44.13,2.535,19.31,18.24,1.07,38.2,0,NOMINAL
VEH_5026,15,2026-08-30T10:46:21.606177,64.93,,44.83,2.549,13.73,12.7,1.03,38.0,0,NOMINAL
VEH_5026,16,2026-08-30T10:47:26.606177,67.34,,44.87,2.618,11.11,10.08,1.03,38.0,0,NOMINAL
VEH_5026,17,2026-08-30T10:48:31.606177,70.95,,45.37,2.622,13.28,11.06,2.22,60.0,0,NOMINAL
VEH_5026,18,2026-08-30T10:49:36.606177,72.2,,46.0,2.407,13.23,12.04,1.19,38.0,0,NOMINAL
VEH_5026,19,2026-08-30T10:50:41.606177,73.46,,47.17,2.698,11.82,9.21,2.61,29.5,0,NOMINAL
VEH_5026,20,2026-08-30T10:51:46.606177,63.53,,45.52,2.856,8.94,6.8,2.14,31.0,0,NOMINAL
VEH_5026,21,2026-08-30T10:52:51.606177,67.66,,46.54,2.633,10.37,7.58,2.79,28.0,0,NOMINAL
VEH_5026,22,2026-08-30T10:53:56.606177,70.63,,48.98,3.06,11.3,8.36,2.94,29.5,0,NOMINAL
VEH_5026,23,2026-08-30T10:55:01.606177,72.82,,48.35,2.634,11.75,9.14,2.61,31.0,0,NOMINAL
VEH_5026,24,2026-08-30T10:56:06.606177,74.26,,48.92,2.82,10.23,7.11,3.12,28.0,0,NOMINAL
VEH_5026,25,2026-08-30T10:57:11.606177,65.62,,48.78,2.967,10.41,7.5,2.91,29.5,0,NOMINAL
VEH_5026,26,2026-08-30T10:58:16.606177,66.52,43.41,49.46,3.084,16.01,13.11,2.9,31.0,0,NOMINAL
VEH_5026,27,2026-08-30T10:59:21.606177,68.95,44.57,48.32,3.038,17.2,13.89,3.31,28.0,0,NOMINAL
VEH_5026,28,2026-08-30T11:00:26.606177,73.32,,50.12,3.158,10.15,7.04,3.11,29.5,0,NOMINAL
VEH_5026,29,2026-08-30T11:01:31.606177,73.99,,49.71,3.156,10.59,7.81,2.78,31.0,0,NOMINAL
VEH_5026,30,2026-08-30T11:02:36.606177,67.16,,50.02,2.882,11.57,8.2,3.37,28.0,0,NOMINAL
VEH_5027,1,2026-08-30T10:32:26.606177,67.49,43.5,41.47,2.204,18.46,17.21,1.25,34.3,0,NOMINAL
VEH_5027,2,2026-08-30T10:33:31.606177,68.94,42.09,39.06,2.443,18.74,18.09,0.65,34.6,0,NOMINAL
VEH_5027,3,2026-08-30T10:34:36.606177,73.43,,40.12,2.336,12.55,11.74,0.81,34.9,0,NOMINAL
VEH_5027,4,2026-08-30T10:35:41.606177,74.47,,39.76,2.497,13.28,12.61,0.67,35.2,0,NOMINAL
VEH_5027,5,2026-08-30T10:36:46.606177,65.66,,40.1,2.259,13.81,13.1,0.71,35.5,0,NOMINAL
VEH_5027,6,2026-08-30T10:37:51.606177,68.41,,41.0,2.074,12.39,11.58,0.81,35.8,0,NOMINAL
VEH_5027,7,2026-08-30T10:38:56.606177,67.44,42.01,40.32,2.389,17.84,17.29,0.55,36.1,0,NOMINAL
VEH_5027,8,2026-08-30T10:40:01.606177,71.98,44.72,42.1,2.357,19.32,18.17,1.15,36.4,0,NOMINAL
VEH_5027,9,2026-08-30T10:41:06.606177,76.14,,42.06,2.517,12.65,11.81,0.84,36.7,0,NOMINAL
VEH_5027,10,2026-08-30T10:42:11.606177,66.76,,42.48,2.195,13.18,12.3,0.88,37.0,0,NOMINAL
VEH_5027,11,2026-08-30T10:43:16.606177,65.1,,43.48,2.404,13.39,12.78,0.61,48.0,0,NOMINAL
VEH_5027,12,2026-08-30T10:44:21.606177,70.65,,44.49,2.206,10.7,10.16,0.54,48.0,0,NOMINAL
VEH_5027,13,2026-08-30T10:45:26.606177,72.07,,44.92,2.48,12.16,11.14,1.02,38.0,0,NOMINAL
VEH_5027,14,2026-08-30T10:46:31.606177,74.17,44.05,43.44,2.416,19.24,18.24,1.0,38.2,0,NOMINAL
VEH_5027,15,2026-08-30T10:47:36.606177,64.35,,43.93,2.482,13.57,12.7,0.87,38.0,0,NOMINAL
VEH_5027,16,2026-08-30T10:48:41.606177,66.86,,44.04,2.475,10.97,10.08,0.89,38.0,0,NOMINAL
VEH_5027,17,2026-08-30T10:49:46.606177,70.92,,45.46,2.553,13.27,11.06,2.21,60.0,0,NOMINAL
VEH_5027,18,2026-08-30T10:50:51.606177,70.57,,48.07,2.981,13.49,12.04,1.45,38.0,0,NOMINAL
VEH_5027,19,2026-08-30T10:51:56.606177,74.98,,47.57,2.654,11.92,9.21,2.71,29.5,0,NOMINAL
VEH_5027,20,2026-08-30T10:53:01.606177,65.92,,47.15,2.738,9.26,6.8,2.46,31.0,0,NOMINAL
VEH_5027,21,2026-08-30T10:54:06.606177,67.76,,47.51,2.666,10.52,7.58,2.94,28.0,0,NOMINAL
VEH_5027,22,2026-08-30T10:55:11.606177,70.09,,47.71,2.895,11.09,8.36,2.73,29.5,0,NOMINAL
VEH_5027,23,2026-08-30T10:56:16.606177,74.34,,46.82,2.756,11.56,9.14,2.42,31.0,0,NOMINAL
VEH_5027,24,2026-08-30T10:57:21.606177,74.05,,48.69,2.955,10.19,7.11,3.08,28.0,0,NOMINAL
VEH_5027,25,2026-08-30T10:58:26.606177,67.07,,48.62,2.825,10.44,7.5,2.94,29.5,0,NOMINAL
VEH_5027,26,2026-08-30T10:59:31.606177,67.22,43.64,48.86,2.784,15.97,13.11,2.86,31.0,0,NOMINAL
VEH_5027,27,2026-08-30T11:00:36.606177,68.08,44.01,49.78,3.307,17.33,13.89,3.44,28.0,0,NOMINAL
VEH_5027,28,2026-08-30T11:01:41.606177,73.95,,48.47,2.785,9.93,7.04,2.89,29.5,0,NOMINAL
VEH_5027,29,2026-08-30T11:02:46.606177,75.02,,48.7,2.897,10.47,7.81,2.66,31.0,0,NOMINAL
VEH_5027,30,2026-08-30T11:03:51.606177,65.95,,50.41,3.047,11.59,8.2,3.39,28.0,0,NOMINAL
VEH_5028,1,2026-08-30T10:33:41.606177,66.52,40.03,39.41,2.033,17.72,17.21,0.51,34.3,0,NOMINAL
VEH_5028,2,2026-08-30T10:34:46.606177,70.0,40.11,40.57,2.054,18.77,18.09,0.68,34.6,0,NOMINAL
VEH_5028,3,2026-08-30T10:35:51.606177,73.99,,38.75,2.252,12.36,11.74,0.62,34.9,0,NOMINAL
VEH_5028,4,2026-08-30T10:36:56.606177,74.5,,40.61,2.45,13.41,12.61,0.8,35.2,0,NOMINAL
VEH_5028,5,2026-08-30T10:38:01.606177,64.9,,41.37,2.351,13.98,13.1,0.88,35.5,0,NOMINAL
VEH_5028,6,2026-08-30T10:39:06.606177,66.6,,39.82,2.111,12.16,11.58,0.58,35.8,0,NOMINAL
VEH_5028,7,2026-08-30T10:40:11.606177,70.2,42.11,41.97,1.86,18.19,17.29,0.9,36.1,0,NOMINAL
VEH_5028,8,2026-08-30T10:41:16.606177,72.36,40.04,41.81,2.43,18.75,18.17,0.58,36.4,0,NOMINAL
VEH_5028,9,2026-08-30T10:42:21.606177,75.01,,41.61,2.337,12.55,11.81,0.74,36.7,0,NOMINAL
VEH_5028,10,2026-08-30T10:43:26.606177,64.03,,42.61,2.033,13.12,12.3,0.82,37.0,0,NOMINAL
VEH_5028,11,2026-08-30T10:44:31.606177,67.87,,43.85,2.604,13.41,12.78,0.63,48.0,0,NOMINAL
VEH_5028,12,2026-08-30T10:45:36.606177,71.77,,43.65,2.245,10.87,10.16,0.71,48.0,0,NOMINAL
VEH_5028,13,2026-08-30T10:46:41.606177,73.2,,43.1,2.376,11.92,11.14,0.78,38.0,0,NOMINAL
VEH_5028,14,2026-08-30T10:47:46.606177,75.54,40.81,44.02,2.199,19.0,18.24,0.76,38.2,0,NOMINAL
VEH_5028,15,2026-08-30T10:48:51.606177,64.05,,45.57,2.341,13.81,12.7,1.11,38.0,0,NOMINAL
VEH_5028,16,2026-08-30T10:49:56.606177,67.43,,44.7,2.325,11.08,10.08,1.0,38.0,0,NOMINAL
VEH_5028,17,2026-08-30T10:51:01.606177,71.26,,47.08,2.517,13.04,11.06,1.98,60.0,0,NOMINAL
VEH_5028,18,2026-08-30T10:52:06.606177,72.44,,46.52,2.74,13.31,12.04,1.27,38.0,0,NOMINAL
VEH_5028,19,2026-08-30T10:53:11.606177,74.55,,46.06,2.42,11.68,9.21,2.47,29.5,0,NOMINAL
VEH_5028,20,2026-08-30T10:54:16.606177,65.28,,45.46,2.537,8.98,6.8,2.18,31.0,0,NOMINAL
VEH_5028,21,2026-08-30T10:55:21.606177,68.24,,47.98,2.662,10.6,7.58,3.02,28.0,0,NOMINAL
VEH_5028,22,2026-08-30T10:56:26.606177,69.48,,46.66,2.786,10.92,8.36,2.56,29.5,0,NOMINAL
VEH_5028,23,2026-08-30T10:57:31.606177,71.1,,47.14,2.891,11.51,9.14,2.37,31.0,0,NOMINAL
VEH_5028,24,2026-08-30T10:58:36.606177,74.13,,47.97,2.723,10.08,7.11,2.97,28.0,0,NOMINAL
VEH_5028,25,2026-08-30T10:59:41.606177,63.54,,48.27,3.068,10.27,7.5,2.77,29.5,0,NOMINAL
VEH_5028,26,2026-08-30T11:00:46.606177,68.29,39.2,50.03,2.748,15.67,13.11,2.56,31.0,0,NOMINAL
VEH_5028,27,2026-08-30T11:01:51.606177,69.9,40.29,51.48,3.038,17.21,13.89,3.32,28.0,0,NOMINAL
VEH_5028,28,2026-08-30T11:02:56.606177,73.34,,49.33,2.892,10.04,7.04,3.0,29.5,0,NOMINAL
VEH_5028,29,2026-08-30T11:04:01.606177,74.21,,49.33,2.741,10.54,7.81,2.73,31.0,0,NOMINAL
VEH_5028,30,2026-08-30T11:05:06.606177,67.15,,50.42,3.101,11.63,8.2,3.43,28.0,0,NOMINAL
VEH_5029,1,2026-08-30T10:34:56.606177,67.93,42.2,37.71,1.88,17.76,17.21,0.55,34.3,0,NOMINAL
VEH_5029,2,2026-08-30T10:36:01.606177,68.98,44.08,38.96,2.431,18.95,18.09,0.86,34.6,0,NOMINAL
VEH_5029,3,2026-08-30T10:37:06.606177,72.28,,40.69,2.167,12.6,11.74,0.86,34.9,0,NOMINAL
VEH_5029,4,2026-08-30T10:38:11.606177,74.4,,40.6,2.383,13.4,12.61,0.79,35.2,0,NOMINAL
VEH_5029,5,2026-08-30T10:39:16.606177,67.28,,41.2,2.682,14.03,13.1,0.93,35.5,0,NOMINAL
VEH_5029,6,2026-08-30T10:40:21.606177,64.49,,40.77,2.531,12.23,11.58,0.65,35.8,0,NOMINAL
VEH_5029,7,2026-08-30T10:41:26.606177,69.13,44.71,42.14,2.444,18.48,17.29,1.19,36.1,0,NOMINAL
VEH_5029,8,2026-08-30T10:42:31.606177,72.96,44.8,41.17,2.53,19.22,18.17,1.05,36.4,0,NOMINAL
VEH_5029,9,2026-08-30T10:43:36.606177,73.98,,40.78,2.443,12.39,11.81,0.58,36.7,0,NOMINAL
VEH_5029,10,2026-08-30T10:44:41.606177,64.59,,42.35,2.657,13.09,12.3,0.79,37.0,0,NOMINAL
VEH_5029,11,2026-08-30T10:45:46.606177,67.67,,42.91,2.747,13.55,12.78,0.77,48.0,0,NOMINAL
VEH_5029,12,2026-08-30T10:46:51.606177,71.23,,43.05,2.263,10.94,10.16,0.78,48.0,0,NOMINAL
VEH_5029,13,2026-08-30T10:47:56.606177,72.24,,43.34,2.654,11.93,11.14,0.79,38.0,0,NOMINAL
VEH_5029,14,2026-08-30T10:49:01.606177,73.94,46.39,43.45,2.807,19.5,18.24,1.26,38.2,0,NOMINAL
VEH_5029,15,2026-08-30T10:50:06.606177,65.75,,44.35,2.685,13.68,12.7,0.98,38.0,0,NOMINAL
VEH_5029,16,2026-08-30T10:51:11.606177,66.93,,44.91,2.762,11.1,10.08,1.02,38.0,0,NOMINAL
VEH_5029,17,2026-08-30T10:52:16.606177,70.0,,45.18,2.993,13.28,11.06,2.22,60.0,0,NOMINAL
VEH_5029,18,2026-08-30T10:53:21.606177,73.31,,45.65,2.705,13.21,12.04,1.17,38.0,0,NOMINAL
VEH_5029,19,2026-08-30T10:54:26.606177,75.3,,46.56,2.927,11.78,9.21,2.57,29.5,0,NOMINAL
VEH_5029,20,2026-08-30T10:55:31.606177,64.83,,47.28,2.741,9.24,6.8,2.44,31.0,0,NOMINAL
VEH_5029,21,2026-08-30T10:56:36.606177,68.38,,46.62,2.958,10.4,7.58,2.82,28.0,0,NOMINAL
VEH_5029,22,2026-08-30T10:57:41.606177,69.66,,47.56,3.082,11.06,8.36,2.7,29.5,0,NOMINAL
VEH_5029,23,2026-08-30T10:58:46.606177,75.2,,47.49,2.922,11.69,9.14,2.55,31.0,0,NOMINAL
VEH_5029,24,2026-08-30T10:59:51.606177,75.26,,46.63,2.96,9.91,7.11,2.8,28.0,0,NOMINAL
VEH_5029,25,2026-08-30T11:00:56.606177,64.8,,50.34,3.022,10.62,7.5,3.12,29.5,0,NOMINAL
VEH_5029,26,2026-08-30T11:02:01.606177,69.46,43.35,50.91,3.164,16.31,13.11,3.2,31.0,0,NOMINAL
VEH_5029,27,2026-08-30T11:03:06.606177,70.03,44.55,48.62,3.204,17.28,13.89,3.39,28.0,0,NOMINAL
VEH_5029,28,2026-08-30T11:04:11.606177,74.5,,49.58,3.022,10.11,7.04,3.07,29.5,0,NOMINAL
VEH_5029,29,2026-08-30T11:05:16.606177,75.39,,50.18,3.005,10.7,7.81,2.89,31.0,0,NOMINAL
VEH_5029,30,2026-08-30T11:06:21.606177,65.74,,51.73,3.257,11.79,8.2,3.59,28.0,0,NOMINAL
VEH_5030,1,2026-08-30T10:36:11.606177,65.16,39.72,38.07,2.039,17.44,17.21,0.23,34.3,0,NOMINAL
VEH_5030,2,2026-08-30T10:37:16.606177,69.15,41.52,39.54,2.046,18.75,18.09,0.66,34.6,0,NOMINAL
VEH_5030,3,2026-08-30T10:38:21.606177,73.0,,40.58,2.472,12.6,11.74,0.86,34.9,0,NOMINAL
VEH_5030,4,2026-08-30T10:39:26.606177,75.63,,40.92,2.323,13.49,12.61,0.88,35.2,0,NOMINAL
VEH_5030,5,2026-08-30T10:40:31.606177,64.01,,39.89,2.207,13.73,13.1,0.63,35.5,0,NOMINAL
VEH_5030,6,2026-08-30T10:41:36.606177,68.0,,39.79,2.291,12.2,11.58,0.62,35.8,0,NOMINAL
VEH_5030,7,2026-08-30T10:42:41.606177,69.06,40.56,40.97,2.151,17.82,17.29,0.53,36.1,0,NOMINAL
VEH_5030,8,2026-08-30T10:43:46.606177,71.3,40.26,41.12,2.552,18.64,18.17,0.47,36.4,0,NOMINAL
VEH_5030,9,2026-08-30T10:44:51.606177,74.84,,42.68,2.183,12.7,11.81,0.89,36.7,0,NOMINAL
VEH_5030,10,2026-08-30T10:45:56.606177,64.3,,42.5,2.336,13.11,12.3,0.81,37.0,0,NOMINAL
VEH_5030,11,2026-08-30T10:47:01.606177,69.14,,42.76,2.636,13.62,12.78,0.84,48.0,0,NOMINAL
VEH_5030,12,2026-08-30T10:48:06.606177,72.7,,43.15,2.368,10.97,10.16,0.81,48.0,0,NOMINAL
VEH_5030,13,2026-08-30T10:49:11.606177,73.14,,44.0,2.491,12.05,11.14,0.91,38.0,0,NOMINAL
VEH_5030,14,2026-08-30T10:50:16.606177,73.91,40.6,45.06,2.617,19.08,18.24,0.84,38.2,0,NOMINAL
VEH_5030,15,2026-08-30T10:51:21.606177,65.16,,45.58,2.525,13.85,12.7,1.15,38.0,0,NOMINAL
VEH_5030,16,2026-08-30T10:52:26.606177,67.9,,44.91,2.314,11.13,10.08,1.05,38.0,0,NOMINAL
VEH_5030,17,2026-08-30T10:53:31.606177,71.52,,45.08,2.534,13.34,11.06,2.28,60.0,0,NOMINAL
VEH_5030,18,2026-08-30T10:54:36.606177,73.12,,47.1,2.755,13.42,12.04,1.38,38.0,0,NOMINAL
VEH_5030,19,2026-08-30T10:55:41.606177,74.02,,45.54,2.528,11.59,9.21,2.38,29.5,0,NOMINAL
VEH_5030,20,2026-08-30T10:56:46.606177,64.36,,47.16,2.65,9.21,6.8,2.41,31.0,0,NOMINAL
VEH_5030,21,2026-08-30T10:57:51.606177,67.67,,46.41,2.727,10.35,7.58,2.77,28.0,0,NOMINAL
VEH_5030,22,2026-08-30T10:58:56.606177,70.16,,47.9,3.058,11.12,8.36,2.76,29.5,0,NOMINAL
VEH_5030,23,2026-08-30T11:00:01.606177,72.92,,47.8,2.746,11.67,9.14,2.53,31.0,0,NOMINAL
VEH_5030,24,2026-08-30T11:01:06.606177,76.05,,46.71,2.781,9.95,7.11,2.84,28.0,0,NOMINAL
VEH_5030,25,2026-08-30T11:02:11.606177,66.96,,48.69,2.877,10.44,7.5,2.94,29.5,0,NOMINAL
VEH_5030,26,2026-08-30T11:03:16.606177,68.6,41.38,49.13,2.509,15.79,13.11,2.68,31.0,0,NOMINAL
VEH_5030,27,2026-08-30T11:04:21.606177,71.13,41.9,50.35,2.915,17.26,13.89,3.37,28.0,0,NOMINAL
VEH_5030,28,2026-08-30T11:05:26.606177,74.09,,49.71,2.664,10.12,7.04,3.08,29.5,0,NOMINAL
VEH_5030,29,2026-08-30T11:06:31.606177,73.33,,49.41,2.669,10.52,7.81,2.71,31.0,0,NOMINAL
VEH_5030,30,2026-08-30T11:07:36.606177,65.59,,51.05,2.802,11.68,8.2,3.48,28.0,0,NOMINAL
VEH_5031,1,2026-08-30T10:37:26.606177,69.67,40.39,38.79,1.695,17.77,17.21,0.56,34.3,0,NOMINAL
VEH_5031,2,2026-08-30T10:38:31.606177,69.16,39.94,39.18,2.072,18.51,18.09,0.42,34.6,0,NOMINAL
VEH_5031,3,2026-08-30T10:39:36.606177,72.37,,39.96,2.17,12.49,11.74,0.75,34.9,0,NOMINAL
VEH_5031,4,2026-08-30T10:40:41.606177,76.8,,39.78,2.211,13.36,12.61,0.75,35.2,0,NOMINAL
VEH_5031,5,2026-08-30T10:41:46.606177,62.7,,42.05,1.857,14.02,13.1,0.92,35.5,0,NOMINAL
VEH_5031,6,2026-08-30T10:42:51.606177,66.74,,41.66,2.258,12.44,11.58,0.86,35.8,0,NOMINAL
VEH_5031,7,2026-08-30T10:43:56.606177,69.19,38.81,41.49,2.279,17.7,17.29,0.41,36.1,0,NOMINAL
VEH_5031,8,2026-08-30T10:45:01.606177,72.63,38.66,42.91,2.507,18.76,18.17,0.59,36.4,0,NOMINAL
VEH_5031,9,2026-08-30T10:46:06.606177,74.46,,41.57,2.428,12.53,11.81,0.72,36.7,0,NOMINAL
VEH_5031,10,2026-08-30T10:47:11.606177,63.85,,43.02,2.388,13.17,12.3,0.87,37.0,0,NOMINAL
VEH_5031,11,2026-08-30T10:48:16.606177,67.1,,43.96,2.437,13.38,12.78,0.6,48.0,0,NOMINAL
VEH_5031,12,2026-08-30T10:49:21.606177,68.69,,42.97,2.355,10.87,10.16,0.71,48.0,0,NOMINAL
VEH_5031,13,2026-08-30T10:50:26.606177,70.73,,43.92,2.368,11.97,11.14,0.83,38.0,0,NOMINAL
VEH_5031,14,2026-08-30T10:51:31.606177,73.5,40.15,44.29,2.398,18.9,18.24,0.66,38.2,0,NOMINAL
VEH_5031,15,2026-08-30T10:52:36.606177,65.32,,41.42,2.218,13.23,12.7,0.53,38.0,0,NOMINAL
VEH_5031,16,2026-08-30T10:53:41.606177,67.61,,44.27,2.571,11.03,10.08,0.95,38.0,0,NOMINAL
VEH_5031,17,2026-08-30T10:54:46.606177,68.94,,46.01,2.731,13.12,11.06,2.06,60.0,0,NOMINAL
VEH_5031,18,2026-08-30T10:55:51.606177,72.82,,44.37,2.66,13.0,12.04,0.96,38.0,0,NOMINAL
VEH_5031,19,2026-08-30T10:56:56.606177,75.12,,46.44,2.483,11.76,9.21,2.55,29.5,0,NOMINAL
VEH_5031,20,2026-08-30T10:58:01.606177,66.28,,47.28,2.427,9.28,6.8,2.48,31.0,0,NOMINAL
VEH_5031,21,2026-08-30T10:59:06.606177,69.5,,47.65,2.888,10.59,7.58,3.01,28.0,0,NOMINAL
VEH_5031,22,2026-08-30T11:00:11.606177,66.8,,48.22,2.888,11.07,8.36,2.71,29.5,0,NOMINAL
VEH_5031,23,2026-08-30T11:01:16.606177,73.14,,48.48,2.645,11.78,9.14,2.64,31.0,0,NOMINAL
VEH_5031,24,2026-08-30T11:02:21.606177,75.91,,47.16,3.046,10.01,7.11,2.9,28.0,0,NOMINAL
VEH_5031,25,2026-08-30T11:03:26.606177,64.21,,47.98,2.866,10.25,7.5,2.75,29.5,0,NOMINAL
VEH_5031,26,2026-08-30T11:04:31.606177,69.4,38.58,49.59,2.758,15.56,13.11,2.45,31.0,0,NOMINAL
VEH_5031,27,2026-08-30T11:05:36.606177,69.01,38.53,49.58,2.769,16.7,13.89,2.81,28.0,0,NOMINAL
VEH_5031,28,2026-08-30T11:06:41.606177,71.98,,49.84,2.767,10.07,7.04,3.03,29.5,0,NOMINAL
VEH_5031,29,2026-08-30T11:07:46.606177,75.03,,49.06,2.999,10.52,7.81,2.71,31.0,0,NOMINAL
VEH_5031,30,2026-08-30T11:08:51.606177,65.46,,50.56,2.944,11.6,8.2,3.4,28.0,0,NOMINAL
VEH_5032,1,2026-08-30T10:38:41.606177,67.44,45.54,38.6,2.154,18.26,17.21,1.05,34.3,0,NOMINAL
VEH_5032,2,2026-08-30T10:39:46.606177,70.29,42.31,39.59,2.08,18.88,18.09,0.79,34.6,0,NOMINAL
VEH_5032,3,2026-08-30T10:40:51.606177,70.89,,40.13,2.455,12.47,11.74,0.73,34.9,0,NOMINAL
VEH_5032,4,2026-08-30T10:41:56.606177,75.76,,41.94,2.163,13.65,12.61,1.04,35.2,0,NOMINAL
VEH_5032,5,2026-08-30T10:43:01.606177,63.2,,41.22,2.322,13.91,13.1,0.81,35.5,0,NOMINAL
VEH_5032,6,2026-08-30T10:44:06.606177,68.41,,42.25,2.205,12.58,11.58,1.0,35.8,0,NOMINAL
VEH_5032,7,2026-08-30T10:45:11.606177,71.08,43.01,42.25,2.295,18.36,17.29,1.07,36.1,0,NOMINAL
VEH_5032,8,2026-08-30T10:46:16.606177,73.25,45.53,42.39,2.745,19.49,18.17,1.32,36.4,0,NOMINAL
VEH_5032,9,2026-08-30T10:47:21.606177,75.43,,42.28,2.141,12.66,11.81,0.85,36.7,0,NOMINAL
VEH_5032,10,2026-08-30T10:48:26.606177,64.54,,43.16,2.429,13.21,12.3,0.91,37.0,0,NOMINAL
VEH_5032,11,2026-08-30T10:49:31.606177,67.07,,41.51,2.434,13.74,12.78,0.96,48.0,0,NOMINAL
VEH_5032,12,2026-08-30T10:50:36.606177,70.17,,43.07,2.76,10.9,10.16,0.74,48.0,0,NOMINAL
VEH_5032,13,2026-08-30T10:51:41.606177,74.71,,44.87,2.526,12.23,11.14,1.09,38.0,0,NOMINAL
VEH_5032,14,2026-08-30T10:52:46.606177,74.9,44.18,43.44,2.634,19.28,18.24,1.04,38.2,0,NOMINAL
VEH_5032,15,2026-08-30T10:53:51.606177,63.67,,44.83,2.636,13.69,12.7,0.99,38.0,0,NOMINAL
VEH_5032,16,2026-08-30T10:54:56.606177,67.43,,45.25,2.622,11.17,10.08,1.09,38.0,0,NOMINAL
VEH_5032,17,2026-08-30T10:56:01.606177,69.53,,45.39,2.938,13.23,11.06,2.17,60.0,0,NOMINAL
VEH_5032,18,2026-08-30T10:57:06.606177,73.42,,45.49,2.666,13.19,12.04,1.15,38.0,0,NOMINAL
VEH_5032,19,2026-08-30T10:58:11.606177,74.95,,45.54,2.839,11.62,9.21,2.41,29.5,0,NOMINAL
VEH_5032,20,2026-08-30T10:59:16.606177,64.77,,46.1,2.79,9.06,6.8,2.26,31.0,0,NOMINAL
VEH_5032,21,2026-08-30T11:00:21.606177,64.55,,47.07,2.54,10.35,7.58,2.77,28.0,0,NOMINAL
VEH_5032,22,2026-08-30T11:01:26.606177,70.29,,46.68,3.158,10.94,8.36,2.58,29.5,0,NOMINAL
VEH_5032,23,2026-08-30T11:02:31.606177,72.58,,47.72,2.877,11.65,9.14,2.51,31.0,0,NOMINAL
VEH_5032,24,2026-08-30T11:03:36.606177,74.56,,47.57,2.845,10.03,7.11,2.92,28.0,0,NOMINAL
VEH_5032,25,2026-08-30T11:04:41.606177,64.16,,48.26,3.246,10.29,7.5,2.79,29.5,0,NOMINAL
VEH_5032,26,2026-08-30T11:05:46.606177,68.35,43.02,46.96,2.853,15.65,13.11,2.54,31.0,0,NOMINAL
VEH_5032,27,2026-08-30T11:06:51.606177,70.68,42.56,48.97,3.352,17.12,13.89,3.23,28.0,0,NOMINAL
VEH_5032,28,2026-08-30T11:07:56.606177,73.54,,49.55,3.137,10.07,7.04,3.03,29.5,0,NOMINAL
VEH_5032,29,2026-08-30T11:09:01.606177,74.9,,49.81,3.205,10.63,7.81,2.82,31.0,0,NOMINAL
VEH_5032,30,2026-08-30T11:10:06.606177,65.42,,49.99,3.091,11.52,8.2,3.32,28.0,0,NOMINAL
VEH_5033,1,2026-08-30T10:39:56.606177,68.16,40.18,39.08,1.807,17.74,17.21,0.53,34.3,0,NOMINAL
VEH_5033,2,2026-08-30T10:41:01.606177,67.99,40.15,38.13,2.141,18.34,18.09,0.25,34.6,0,NOMINAL
VEH_5033,3,2026-08-30T10:42:06.606177,72.98,,39.96,2.453,12.51,11.74,0.77,34.9,0,NOMINAL
VEH_5033,4,2026-08-30T10:43:11.606177,77.41,,40.44,2.067,13.47,12.61,0.86,35.2,0,NOMINAL
VEH_5033,5,2026-08-30T10:44:16.606177,64.9,,39.85,2.103,13.75,13.1,0.65,35.5,0,NOMINAL
VEH_5033,6,2026-08-30T10:45:21.606177,67.04,,40.12,2.345,12.22,11.58,0.64,35.8,0,NOMINAL
VEH_5033,7,2026-08-30T10:46:26.606177,70.7,38.22,40.86,2.096,17.59,17.29,0.3,36.1,0,NOMINAL
VEH_5033,8,2026-08-30T10:47:31.606177,71.18,39.15,42.03,2.269,18.64,18.17,0.47,36.4,0,NOMINAL
VEH_5033,9,2026-08-30T10:48:36.606177,74.53,,41.18,2.511,12.47,11.81,0.66,36.7,0,NOMINAL
VEH_5033,10,2026-08-30T10:49:41.606177,66.92,,42.92,2.259,13.25,12.3,0.95,37.0,0,NOMINAL
VEH_5033,11,2026-08-30T10:50:46.606177,67.61,,43.38,2.421,13.48,12.78,0.7,48.0,0,NOMINAL
VEH_5033,12,2026-08-30T10:51:51.606177,70.52,,43.86,2.31,10.79,10.16,0.63,48.0,0,NOMINAL
VEH_5033,13,2026-08-30T10:52:56.606177,75.78,,45.76,2.401,12.4,11.14,1.26,38.0,0,NOMINAL
VEH_5033,14,2026-08-30T10:54:01.606177,75.28,41.86,44.11,2.565,19.12,18.24,0.88,38.2,0,NOMINAL
VEH_5033,15,2026-08-30T10:55:06.606177,65.26,,47.16,2.089,14.09,12.7,1.39,38.0,0,NOMINAL
VEH_5033,16,2026-08-30T10:56:11.606177,65.56,,44.8,2.484,11.04,10.08,0.96,38.0,0,NOMINAL
VEH_5033,17,2026-08-30T10:57:16.606177,70.82,,44.95,2.502,13.34,11.06,2.28,60.0,0,NOMINAL
VEH_5033,18,2026-08-30T10:58:21.606177,73.7,,46.7,2.857,13.38,12.04,1.34,38.0,0,NOMINAL
VEH_5033,19,2026-08-30T10:59:26.606177,73.87,,47.5,2.707,11.88,9.21,2.67,29.5,0,NOMINAL
VEH_5033,20,2026-08-30T11:00:31.606177,64.77,,45.14,2.961,8.92,6.8,2.12,31.0,0,NOMINAL
VEH_5033,21,2026-08-30T11:01:36.606177,67.7,,46.94,2.716,10.43,7.58,2.85,28.0,0,NOMINAL
VEH_5033,22,2026-08-30T11:02:41.606177,71.92,,48.43,2.607,11.26,8.36,2.9,29.5,0,NOMINAL
VEH_5033,23,2026-08-30T11:03:46.606177,74.36,,46.41,2.685,11.5,9.14,2.36,31.0,0,NOMINAL
VEH_5033,24,2026-08-30T11:04:51.606177,73.29,,47.89,2.817,10.04,7.11,2.93,28.0,0,NOMINAL
VEH_5033,25,2026-08-30T11:05:56.606177,64.4,,48.17,2.847,10.29,7.5,2.79,29.5,0,NOMINAL
VEH_5033,26,2026-08-30T11:07:01.606177,69.93,38.95,48.81,2.674,15.51,13.11,2.4,31.0,0,NOMINAL
VEH_5033,27,2026-08-30T11:08:06.606177,69.11,38.82,50.27,2.888,16.83,13.89,2.94,28.0,0,NOMINAL
VEH_5033,28,2026-08-30T11:09:11.606177,71.93,,49.62,2.874,10.04,7.04,3.0,29.5,0,NOMINAL
VEH_5033,29,2026-08-30T11:10:16.606177,73.83,,50.45,2.956,10.69,7.81,2.88,31.0,0,NOMINAL
VEH_5033,30,2026-08-30T11:11:21.606177,61.82,,50.74,2.884,11.52,8.2,3.32,28.0,0,NOMINAL
VEH_5034,1,2026-08-30T10:41:11.606177,67.54,44.01,39.24,2.088,18.18,17.21,0.97,34.3,0,NOMINAL
VEH_5034,2,2026-08-30T10:42:16.606177,70.49,43.79,40.23,2.36,19.15,18.09,1.06,34.6,0,NOMINAL
VEH_5034,3,2026-08-30T10:43:21.606177,73.27,,39.4,2.478,12.43,11.74,0.69,34.9,0,NOMINAL
VEH_5034,4,2026-08-30T10:44:26.606177,73.72,,39.78,2.176,13.26,12.61,0.65,35.2,0,NOMINAL
VEH_5034,5,2026-08-30T10:45:31.606177,64.8,,40.01,2.253,13.78,13.1,0.68,35.5,0,NOMINAL
VEH_5034,6,2026-08-30T10:46:36.606177,66.39,,41.12,2.347,12.35,11.58,0.77,35.8,0,NOMINAL
VEH_5034,7,2026-08-30T10:47:41.606177,70.05,42.73,41.5,2.446,18.18,17.29,0.89,36.1,0,NOMINAL
VEH_5034,8,2026-08-30T10:48:46.606177,72.23,43.34,40.53,2.458,18.93,18.17,0.76,36.4,0,NOMINAL
VEH_5034,9,2026-08-30T10:49:51.606177,72.93,,42.05,2.169,12.55,11.81,0.74,36.7,0,NOMINAL
VEH_5034,10,2026-08-30T10:50:56.606177,66.35,,42.62,2.487,13.19,12.3,0.89,37.0,0,NOMINAL
VEH_5034,11,2026-08-30T10:52:01.606177,65.97,,42.17,2.579,13.61,12.78,0.83,48.0,0,NOMINAL
VEH_5034,12,2026-08-30T10:53:06.606177,71.25,,42.36,2.604,11.04,10.16,0.88,48.0,0,NOMINAL
VEH_5034,13,2026-08-30T10:54:11.606177,72.2,,43.96,2.706,12.02,11.14,0.88,38.0,0,NOMINAL
VEH_5034,14,2026-08-30T10:55:16.606177,76.52,45.45,43.83,2.89,19.53,18.24,1.29,38.2,0,NOMINAL
VEH_5034,15,2026-08-30T10:56:21.606177,65.85,,44.72,2.509,13.74,12.7,1.04,38.0,0,NOMINAL
VEH_5034,16,2026-08-30T10:57:26.606177,68.87,,45.71,2.821,11.28,10.08,1.2,38.0,0,NOMINAL
VEH_5034,17,2026-08-30T10:58:31.606177,68.61,,46.34,2.879,13.06,11.06,2.0,60.0,0,NOMINAL
VEH_5034,18,2026-08-30T10:59:36.606177,72.09,,46.2,3.147,13.25,12.04,1.21,38.0,0,NOMINAL
VEH_5034,19,2026-08-30T11:00:41.606177,73.86,,46.09,2.972,11.67,9.21,2.46,29.5,0,NOMINAL
VEH_5034,20,2026-08-30T11:01:46.606177,66.19,,47.55,2.925,9.32,6.8,2.52,31.0,0,NOMINAL
VEH_5034,21,2026-08-30T11:02:51.606177,65.13,,47.51,2.932,10.43,7.58,2.85,28.0,0,NOMINAL
VEH_5034,22,2026-08-30T11:03:56.606177,71.14,,48.3,3.082,11.21,8.36,2.85,29.5,0,NOMINAL
VEH_5034,23,2026-08-30T11:05:01.606177,71.92,,48.08,3.141,11.68,9.14,2.54,31.0,0,NOMINAL
VEH_5034,24,2026-08-30T11:06:06.606177,74.92,,46.73,3.03,9.92,7.11,2.81,28.0,0,NOMINAL
VEH_5034,25,2026-08-30T11:07:11.606177,64.38,,49.03,3.203,10.41,7.5,2.91,29.5,0,NOMINAL
VEH_5034,26,2026-08-30T11:08:16.606177,66.3,43.69,47.97,3.168,15.81,13.11,2.7,31.0,0,NOMINAL
VEH_5034,27,2026-08-30T11:09:21.606177,69.76,43.71,50.06,2.967,17.39,13.89,3.5,28.0,0,NOMINAL
VEH_5034,28,2026-08-30T11:10:26.606177,73.61,,49.42,3.262,10.06,7.04,3.02,29.5,0,NOMINAL
VEH_5034,29,2026-08-30T11:11:31.606177,74.12,,49.86,3.024,10.61,7.81,2.8,31.0,0,NOMINAL
VEH_5034,30,2026-08-30T11:12:36.606177,67.32,,51.07,3.044,11.74,8.2,3.54,28.0,0,NOMINAL
VEH_5035,1,2026-08-30T10:42:26.606177,68.69,39.08,39.85,1.919,17.74,17.21,0.53,34.3,0,NOMINAL
VEH_5035,2,2026-08-30T10:43:31.606177,71.05,39.69,39.31,1.92,18.56,18.09,0.47,34.6,0,NOMINAL
VEH_5035,3,2026-08-30T10:44:36.606177,73.43,,39.99,2.067,12.53,11.74,0.79,34.9,0,NOMINAL
VEH_5035,4,2026-08-30T10:45:41.606177,74.32,,39.38,2.312,13.22,12.61,0.61,35.2,0,NOMINAL
VEH_5035,5,2026-08-30T10:46:46.606177,66.02,,40.3,2.092,13.86,13.1,0.76,35.5,0,NOMINAL
VEH_5035,6,2026-08-30T10:47:51.606177,65.82,,42.1,2.08,12.48,11.58,0.9,35.8,0,NOMINAL
VEH_5035,7,2026-08-30T10:48:56.606177,71.51,40.26,40.7,2.101,17.82,17.29,0.53,36.1,0,NOMINAL
VEH_5035,8,2026-08-30T10:50:01.606177,71.6,43.96,42.58,2.431,19.29,18.17,1.12,36.4,0,NOMINAL
VEH_5035,9,2026-08-30T10:51:06.606177,73.71,,41.91,2.257,12.55,11.81,0.74,36.7,0,NOMINAL
VEH_5035,10,2026-08-30T10:52:11.606177,66.15,,42.47,2.221,13.16,12.3,0.86,37.0,0,NOMINAL
VEH_5035,11,2026-08-30T10:53:16.606177,68.37,,43.68,2.615,13.46,12.78,0.68,48.0,0,NOMINAL
VEH_5035,12,2026-08-30T10:54:21.606177,69.57,,42.74,2.51,10.93,10.16,0.77,48.0,0,NOMINAL
VEH_5035,13,2026-08-30T10:55:26.606177,72.07,,43.26,2.415,11.91,11.14,0.77,38.0,0,NOMINAL
VEH_5035,14,2026-08-30T10:56:31.606177,72.58,40.19,43.54,2.492,18.76,18.24,0.52,38.2,0,NOMINAL
VEH_5035,15,2026-08-30T10:57:36.606177,64.68,,45.32,2.631,13.79,12.7,1.09,38.0,0,NOMINAL
VEH_5035,16,2026-08-30T10:58:41.606177,66.08,,45.94,2.7,11.23,10.08,1.15,38.0,0,NOMINAL
VEH_5035,17,2026-08-30T10:59:46.606177,69.05,,45.98,2.949,13.13,11.06,2.07,60.0,0,NOMINAL
VEH_5035,18,2026-08-30T11:00:51.606177,72.78,,47.16,2.693,13.42,12.04,1.38,38.0,0,NOMINAL
VEH_5035,19,2026-08-30T11:01:56.606177,74.15,,46.91,2.624,11.8,9.21,2.59,29.5,0,NOMINAL
VEH_5035,20,2026-08-30T11:03:01.606177,64.52,,47.63,2.693,9.28,6.8,2.48,31.0,0,NOMINAL
VEH_5035,21,2026-08-30T11:04:06.606177,67.28,,47.42,2.739,10.49,7.58,2.91,28.0,0,NOMINAL
VEH_5035,22,2026-08-30T11:05:11.606177,72.3,,48.69,3.114,11.31,8.36,2.95,29.5,0,NOMINAL
VEH_5035,23,2026-08-30T11:06:16.606177,74.01,,48.61,2.922,11.82,9.14,2.68,31.0,0,NOMINAL
VEH_5035,24,2026-08-30T11:07:21.606177,73.64,,48.54,2.788,10.15,7.11,3.04,28.0,0,NOMINAL
VEH_5035,25,2026-08-30T11:08:26.606177,64.32,,47.83,2.811,10.23,7.5,2.73,29.5,0,NOMINAL
VEH_5035,26,2026-08-30T11:09:31.606177,67.65,40.63,50.02,3.045,15.81,13.11,2.7,31.0,0,NOMINAL
VEH_5035,27,2026-08-30T11:10:36.606177,69.32,41.34,49.74,2.835,17.05,13.89,3.16,28.0,0,NOMINAL
VEH_5035,28,2026-08-30T11:11:41.606177,73.96,,50.06,2.742,10.16,7.04,3.12,29.5,0,NOMINAL
VEH_5035,29,2026-08-30T11:12:46.606177,75.82,,50.38,2.975,10.75,7.81,2.94,31.0,0,NOMINAL
VEH_5035,30,2026-08-30T11:13:51.606177,65.33,,50.47,3.056,11.59,8.2,3.39,28.0,0,NOMINAL
VEH_5036,1,2026-08-30T10:43:41.606177,66.93,42.1,37.72,1.995,17.72,17.21,0.51,34.3,0,NOMINAL
VEH_5036,2,2026-08-30T10:44:46.606177,68.38,41.79,37.7,2.116,18.48,18.09,0.39,34.6,0,NOMINAL
VEH_5036,3,2026-08-30T10:45:51.606177,71.01,,39.4,2.215,12.36,11.74,0.62,34.9,0,NOMINAL
VEH_5036,4,2026-08-30T10:46:56.606177,74.16,,40.11,2.389,13.32,12.61,0.71,35.2,0,NOMINAL
VEH_5036,5,2026-08-30T10:48:01.606177,65.08,,41.29,2.105,13.97,13.1,0.87,35.5,0,NOMINAL
VEH_5036,6,2026-08-30T10:49:06.606177,67.5,,40.19,2.398,12.24,11.58,0.66,35.8,0,NOMINAL
VEH_5036,7,2026-08-30T10:50:11.606177,69.25,40.56,42.91,2.027,18.12,17.29,0.83,36.1,0,NOMINAL
VEH_5036,8,2026-08-30T10:51:16.606177,73.4,41.83,42.13,2.407,19.03,18.17,0.86,36.4,0,NOMINAL
VEH_5036,9,2026-08-30T10:52:21.606177,74.03,,42.94,2.447,12.72,11.81,0.91,36.7,0,NOMINAL
VEH_5036,10,2026-08-30T10:53:26.606177,65.57,,42.45,2.355,13.14,12.3,0.84,37.0,0,NOMINAL
VEH_5036,11,2026-08-30T10:54:31.606177,67.96,,43.5,2.58,13.47,12.78,0.69,48.0,0,NOMINAL
VEH_5036,12,2026-08-30T10:55:36.606177,68.05,,44.35,2.549,10.64,10.16,0.48,48.0,0,NOMINAL
VEH_5036,13,2026-08-30T10:56:41.606177,74.84,,43.02,2.628,11.96,11.14,0.82,38.0,0,NOMINAL
VEH_5036,14,2026-08-30T10:57:46.606177,73.72,42.02,43.77,2.595,19.04,18.24,0.8,38.2,0,NOMINAL
VEH_5036,15,2026-08-30T10:58:51.606177,66.84,,44.83,2.697,13.78,12.7,1.08,38.0,0,NOMINAL
VEH_5036,16,2026-08-30T10:59:56.606177,66.48,,45.83,2.694,11.22,10.08,1.14,38.0,0,NOMINAL
VEH_5036,17,2026-08-30T11:01:01.606177,70.79,,45.39,2.709,13.27,11.06,2.21,60.0,0,NOMINAL
VEH_5036,18,2026-08-30T11:02:06.606177,74.41,,48.65,2.717,13.69,12.04,1.65,38.0,0,NOMINAL
VEH_5036,19,2026-08-30T11:03:11.606177,73.17,,47.29,2.798,11.82,9.21,2.61,29.5,0,NOMINAL
VEH_5036,20,2026-08-30T11:04:16.606177,64.88,,46.07,2.506,9.06,6.8,2.26,31.0,0,NOMINAL
VEH_5036,21,2026-08-30T11:05:21.606177,70.15,,48.46,2.706,10.73,7.58,3.15,28.0,0,NOMINAL
VEH_5036,22,2026-08-30T11:06:26.606177,70.32,,48.34,3.046,11.19,8.36,2.83,29.5,0,NOMINAL
VEH_5036,23,2026-08-30T11:07:31.606177,73.52,,47.41,3.153,11.63,9.14,2.49,31.0,0,NOMINAL
VEH_5036,24,2026-08-30T11:08:36.606177,76.83,,49.34,2.937,10.37,7.11,3.26,28.0,0,NOMINAL
VEH_5036,25,2026-08-30T11:09:41.606177,65.62,,50.28,2.928,10.64,7.5,3.14,29.5,0,NOMINAL
VEH_5036,26,2026-08-30T11:10:46.606177,69.96,42.12,49.36,3.107,15.96,13.11,2.85,31.0,0,NOMINAL
VEH_5036,27,2026-08-30T11:11:51.606177,70.02,42.73,49.54,3.053,17.2,13.89,3.31,28.0,0,NOMINAL
VEH_5036,28,2026-08-30T11:12:56.606177,72.32,,50.2,3.319,10.13,7.04,3.09,29.5,0,NOMINAL
VEH_5036,29,2026-08-30T11:14:01.606177,75.17,,50.68,2.893,10.77,7.81,2.96,31.0,0,NOMINAL
VEH_5036,30,2026-08-30T11:15:06.606177,63.39,,51.44,3.019,11.67,8.2,3.47,28.0,0,NOMINAL
VEH_5037,1,2026-08-30T10:44:56.606177,66.62,41.94,38.8,2.042,17.85,17.21,0.64,34.3,0,NOMINAL
VEH_5037,2,2026-08-30T10:46:01.606177,68.27,38.6,40.59,2.388,18.54,18.09,0.45,34.6,0,NOMINAL
VEH_5037,3,2026-08-30T10:47:06.606177,72.91,,39.12,2.124,12.38,11.74,0.64,34.9,0,NOMINAL
VEH_5037,4,2026-08-30T10:48:11.606177,73.28,,40.14,2.365,13.3,12.61,0.69,35.2,0,NOMINAL
VEH_5037,5,2026-08-30T10:49:16.606177,65.31,,41.75,2.182,14.05,13.1,0.95,35.5,0,NOMINAL
VEH_5037,6,2026-08-30T10:50:21.606177,69.04,,39.78,2.132,12.23,11.58,0.65,35.8,0,NOMINAL
VEH_5037,7,2026-08-30T10:51:26.606177,70.99,42.47,42.29,2.259,18.3,17.29,1.01,36.1,0,NOMINAL
VEH_5037,8,2026-08-30T10:52:31.606177,71.7,41.48,42.94,2.448,19.06,18.17,0.89,36.4,0,NOMINAL
VEH_5037,9,2026-08-30T10:53:36.606177,75.3,,41.2,2.143,12.5,11.81,0.69,36.7,0,NOMINAL
VEH_5037,10,2026-08-30T10:54:41.606177,64.21,,43.02,2.412,13.18,12.3,0.88,37.0,0,NOMINAL
VEH_5037,11,2026-08-30T10:55:46.606177,67.87,,44.2,2.546,13.36,12.78,0.58,48.0,0,NOMINAL
VEH_5037,12,2026-08-30T10:56:51.606177,70.62,,44.38,2.676,10.72,10.16,0.56,48.0,0,NOMINAL
VEH_5037,13,2026-08-30T10:57:56.606177,73.19,,43.89,2.552,12.04,11.14,0.9,38.0,0,NOMINAL
VEH_5037,14,2026-08-30T10:59:01.606177,76.08,40.97,43.75,2.799,18.99,18.24,0.75,38.2,0,NOMINAL
VEH_5037,15,2026-08-30T11:00:06.606177,63.83,,44.8,2.635,13.69,12.7,0.99,38.0,0,NOMINAL
VEH_5037,16,2026-08-30T11:01:11.606177,68.43,,44.61,2.566,11.1,10.08,1.02,38.0,0,NOMINAL
VEH_5037,17,2026-08-30T11:02:16.606177,70.76,,46.83,2.543,13.06,11.06,2.0,60.0,0,NOMINAL
VEH_5037,18,2026-08-30T11:03:21.606177,71.87,,46.54,2.627,13.3,12.04,1.26,38.0,0,NOMINAL
VEH_5037,19,2026-08-30T11:04:26.606177,77.56,,45.49,2.881,11.69,9.21,2.48,29.5,0,NOMINAL
VEH_5037,20,2026-08-30T11:05:31.606177,66.6,,46.36,2.845,9.16,6.8,2.36,31.0,0,NOMINAL
VEH_5037,21,2026-08-30T11:06:36.606177,68.05,,47.16,2.785,10.47,7.58,2.89,28.0,0,NOMINAL
VEH_5037,22,2026-08-30T11:07:41.606177,69.76,,47.47,2.781,11.05,8.36,2.69,29.5,0,NOMINAL
VEH_5037,23,2026-08-30T11:08:46.606177,73.81,,46.96,2.917,11.57,9.14,2.43,31.0,0,NOMINAL
VEH_5037,24,2026-08-30T11:09:51.606177,75.43,,47.02,2.621,9.98,7.11,2.87,28.0,0,NOMINAL
VEH_5037,25,2026-08-30T11:10:56.606177,65.58,,49.25,3.242,10.48,7.5,2.98,29.5,0,NOMINAL
VEH_5037,26,2026-08-30T11:12:01.606177,68.1,42.83,51.23,3.085,16.26,13.11,3.15,31.0,0,NOMINAL
VEH_5037,27,2026-08-30T11:13:06.606177,70.41,41.18,49.41,3.334,17.02,13.89,3.13,28.0,0,NOMINAL
VEH_5037,28,2026-08-30T11:14:11.606177,73.65,,49.96,2.857,10.14,7.04,3.1,29.5,0,NOMINAL
VEH_5037,29,2026-08-30T11:15:16.606177,72.83,,51.11,3.129,10.76,7.81,2.95,31.0,0,NOMINAL
VEH_5037,30,2026-08-30T11:16:21.606177,64.29,,52.26,2.847,11.82,8.2,3.62,28.0,0,NOMINAL
VEH_5038,1,2026-08-30T10:46:11.606177,65.72,41.91,38.87,2.013,17.83,17.21,0.62,34.3,0,NOMINAL
VEH_5038,2,2026-08-30T10:47:16.606177,69.05,42.21,40.02,2.241,18.9,18.09,0.81,34.6,0,NOMINAL
VEH_5038,3,2026-08-30T10:48:21.606177,71.16,,39.91,2.395,12.45,11.74,0.71,34.9,0,NOMINAL
VEH_5038,4,2026-08-30T10:49:26.606177,75.64,,40.45,2.398,13.42,12.61,0.81,35.2,0,NOMINAL
VEH_5038,5,2026-08-30T10:50:31.606177,64.1,,41.2,2.044,13.93,13.1,0.83,35.5,0,NOMINAL
VEH_5038,6,2026-08-30T10:51:36.606177,67.1,,40.14,2.073,12.22,11.58,0.64,35.8,0,NOMINAL
VEH_5038,7,2026-08-30T10:52:41.606177,68.47,43.14,42.33,2.195,18.31,17.29,1.02,36.1,0,NOMINAL
VEH_5038,8,2026-08-30T10:53:46.606177,70.48,41.73,41.19,2.199,18.79,18.17,0.62,36.4,0,NOMINAL
VEH_5038,9,2026-08-30T10:54:51.606177,75.81,,41.6,2.368,12.57,11.81,0.76,36.7,0,NOMINAL
VEH_5038,10,2026-08-30T10:55:56.606177,64.79,,42.95,2.344,13.19,12.3,0.89,37.0,0,NOMINAL
VEH_5038,11,2026-08-30T10:57:01.606177,69.05,,43.6,2.34,13.49,12.78,0.71,48.0,0,NOMINAL
VEH_5038,12,2026-08-30T10:58:06.606177,68.07,,43.66,2.738,10.75,10.16,0.59,48.0,0,NOMINAL
VEH_5038,13,2026-08-30T10:59:11.606177,71.83,,44.96,2.48,12.16,11.14,1.02,38.0,0,NOMINAL
VEH_5038,14,2026-08-30T11:00:16.606177,75.47,41.42,45.23,2.28,19.25,18.24,1.01,38.2,0,NOMINAL
VEH_5038,15,2026-08-30T11:01:21.606177,64.42,,45.71,2.619,13.84,12.7,1.14,38.0,0,NOMINAL
VEH_5038,16,2026-08-30T11:02:26.606177,66.81,,45.89,2.655,11.24,10.08,1.16,38.0,0,NOMINAL
VEH_5038,17,2026-08-30T11:03:31.606177,68.42,,44.86,2.815,13.28,11.06,2.22,60.0,0,NOMINAL
VEH_5038,18,2026-08-30T11:04:36.606177,74.58,,46.65,3.009,13.4,12.04,1.36,38.0,0,NOMINAL
VEH_5038,19,2026-08-30T11:05:41.606177,76.32,,46.75,2.736,11.84,9.21,2.63,29.5,0,NOMINAL
VEH_5038,20,2026-08-30T11:06:46.606177,64.16,,44.37,2.614,8.78,6.8,1.98,31.0,0,NOMINAL
VEH_5038,21,2026-08-30T11:07:51.606177,67.02,,45.91,2.722,10.25,7.58,2.67,28.0,0,NOMINAL
VEH_5038,22,2026-08-30T11:08:56.606177,69.07,,47.77,2.823,11.07,8.36,2.71,29.5,0,NOMINAL
VEH_5038,23,2026-08-30T11:10:01.606177,70.94,,47.07,3.1,11.5,9.14,2.36,31.0,0,NOMINAL
VEH_5038,24,2026-08-30T11:11:06.606177,76.79,,48.23,2.881,10.2,7.11,3.09,28.0,0,NOMINAL
VEH_5038,25,2026-08-30T11:12:11.606177,65.15,,49.08,2.973,10.45,7.5,2.95,29.5,0,NOMINAL
VEH_5038,26,2026-08-30T11:13:16.606177,68.39,42.25,49.14,2.815,15.89,13.11,2.78,31.0,0,NOMINAL
VEH_5038,27,2026-08-30T11:14:21.606177,70.35,40.72,49.34,3.051,16.95,13.89,3.06,28.0,0,NOMINAL
VEH_5038,28,2026-08-30T11:15:26.606177,74.9,,50.41,2.621,10.25,7.04,3.21,29.5,0,NOMINAL
VEH_5038,29,2026-08-30T11:16:31.606177,73.63,,50.44,2.709,10.69,7.81,2.88,31.0,0,NOMINAL
VEH_5038,30,2026-08-30T11:17:36.606177,63.38,,51.34,3.081,11.66,8.2,3.46,28.0,0,NOMINAL
VEH_5039,1,2026-08-30T10:47:26.606177,68.73,39.36,39.38,1.903,17.71,17.21,0.5,34.3,0,NOMINAL
VEH_5039,2,2026-08-30T10:48:31.606177,69.72,40.32,40.18,2.22,18.72,18.09,0.63,34.6,0,NOMINAL
VEH_5039,3,2026-08-30T10:49:36.606177,72.01,,40.51,2.294,12.56,11.74,0.82,34.9,0,NOMINAL
VEH_5039,4,2026-08-30T10:50:41.606177,75.39,,39.91,2.02,13.33,12.61,0.72,35.2,0,NOMINAL
VEH_5039,5,2026-08-30T10:51:46.606177,66.35,,42.31,2.416,14.17,13.1,1.07,35.5,0,NOMINAL
VEH_5039,6,2026-08-30T10:52:51.606177,67.19,,40.82,2.1,12.32,11.58,0.74,35.8,0,NOMINAL
VEH_5039,7,2026-08-30T10:53:56.606177,71.08,40.91,41.86,2.239,18.06,17.29,0.77,36.1,0,NOMINAL
VEH_5039,8,2026-08-30T10:55:01.606177,73.02,39.27,42.32,2.497,18.76,18.17,0.59,36.4,0,NOMINAL
VEH_5039,9,2026-08-30T10:56:06.606177,72.29,,42.29,2.28,12.57,11.81,0.76,36.7,0,NOMINAL
VEH_5039,10,2026-08-30T10:57:11.606177,62.66,,42.55,2.202,13.06,12.3,0.76,37.0,0,NOMINAL
VEH_5039,11,2026-08-30T10:58:16.606177,66.05,,42.76,2.443,13.52,12.78,0.74,48.0,0,NOMINAL
VEH_5039,12,2026-08-30T10:59:21.606177,69.83,,44.24,2.474,10.72,10.16,0.56,48.0,0,NOMINAL
VEH_5039,13,2026-08-30T11:00:26.606177,71.84,,42.76,2.378,11.83,11.14,0.69,38.0,0,NOMINAL
VEH_5039,14,2026-08-30T11:01:31.606177,77.48,41.46,43.85,2.655,19.1,18.24,0.86,38.2,0,NOMINAL
VEH_5039,15,2026-08-30T11:02:36.606177,64.84,,45.18,2.512,13.78,12.7,1.08,38.0,0,NOMINAL
VEH_5039,16,2026-08-30T11:03:41.606177,65.75,,45.59,2.8,11.17,10.08,1.09,38.0,0,NOMINAL
VEH_5039,17,2026-08-30T11:04:46.606177,68.12,,46.61,2.529,13.01,11.06,1.95,60.0,0,NOMINAL
VEH_5039,18,2026-08-30T11:05:51.606177,72.59,,45.75,2.647,13.2,12.04,1.16,38.0,0,NOMINAL
VEH_5039,19,2026-08-30T11:06:56.606177,75.43,,46.46,2.633,11.77,9.21,2.56,29.5,0,NOMINAL
VEH_5039,20,2026-08-30T11:08:01.606177,65.15,,45.0,2.665,8.91,6.8,2.11,31.0,0,NOMINAL
VEH_5039,21,2026-08-30T11:09:06.606177,67.5,,48.14,2.513,10.6,7.58,3.02,28.0,0,NOMINAL
VEH_5039,22,2026-08-30T11:10:11.606177,70.44,,47.52,2.73,11.07,8.36,2.71,29.5,0,NOMINAL
VEH_5039,23,2026-08-30T11:11:16.606177,70.58,,49.87,3.074,11.91,9.14,2.77,31.0,0,NOMINAL
VEH_5039,24,2026-08-30T11:12:21.606177,73.71,,48.12,2.682,10.09,7.11,2.98,28.0,0,NOMINAL
VEH_5039,25,2026-08-30T11:13:26.606177,65.34,,50.58,3.03,10.68,7.5,3.18,29.5,0,NOMINAL
VEH_5039,26,2026-08-30T11:14:31.606177,67.12,40.46,48.71,2.85,15.58,13.11,2.47,31.0,0,NOMINAL
VEH_5039,27,2026-08-30T11:15:36.606177,71.28,39.12,50.19,2.985,16.93,13.89,3.04,28.0,0,NOMINAL
VEH_5039,28,2026-08-30T11:16:41.606177,73.66,,48.06,2.899,9.86,7.04,2.82,29.5,0,NOMINAL
VEH_5039,29,2026-08-30T11:17:46.606177,73.93,,49.94,2.804,10.62,7.81,2.81,31.0,0,NOMINAL
VEH_5039,30,2026-08-30T11:18:51.606177,65.15,,50.44,3.077,11.57,8.2,3.37,28.0,0,NOMINAL
VEH_5040,1,2026-08-30T10:48:41.606177,68.84,47.7,40.27,2.009,18.8,17.21,1.59,34.3,0,NOMINAL
VEH_5040,2,2026-08-30T10:49:46.606177,70.92,44.87,40.29,2.554,19.3,18.09,1.21,34.6,0,NOMINAL
VEH_5040,3,2026-08-30T10:50:51.606177,72.43,,40.52,2.578,12.58,11.74,0.84,34.9,0,NOMINAL
VEH_5040,4,2026-08-30T10:51:56.606177,74.31,,40.55,2.147,13.39,12.61,0.78,35.2,0,NOMINAL
VEH_5040,5,2026-08-30T10:53:01.606177,65.54,,41.87,2.376,14.08,13.1,0.98,35.5,0,NOMINAL
VEH_5040,6,2026-08-30T10:54:06.606177,65.22,,40.91,2.193,12.28,11.58,0.7,35.8,0,NOMINAL
VEH_5040,7,2026-08-30T10:55:11.606177,70.31,46.04,40.8,2.665,18.47,17.29,1.18,36.1,0,NOMINAL
VEH_5040,8,2026-08-30T10:56:16.606177,71.99,45.34,41.83,2.862,19.35,18.17,1.18,36.4,0,NOMINAL
VEH_5040,9,2026-08-30T10:57:21.606177,74.53,,43.8,2.544,12.86,11.81,1.05,36.7,0,NOMINAL
VEH_5040,10,2026-08-30T10:58:26.606177,63.57,,41.94,2.518,13.0,12.3,0.7,37.0,0,NOMINAL
VEH_5040,11,2026-08-30T10:59:31.606177,68.06,,43.57,2.63,13.46,12.78,0.68,48.0,0,NOMINAL
VEH_5040,12,2026-08-30T11:00:36.606177,68.44,,42.48,2.571,10.94,10.16,0.78,48.0,0,NOMINAL
VEH_5040,13,2026-08-30T11:01:41.606177,73.23,,45.38,2.888,12.27,11.14,1.13,38.0,0,NOMINAL
VEH_5040,14,2026-08-30T11:02:46.606177,76.64,43.63,44.95,2.846,19.49,18.24,1.25,38.2,0,NOMINAL
VEH_5040,15,2026-08-30T11:03:51.606177,63.72,,43.97,3.043,13.56,12.7,0.86,38.0,0,NOMINAL
VEH_5040,16,2026-08-30T11:04:56.606177,68.36,,44.25,2.8,11.05,10.08,0.97,38.0,0,NOMINAL
VEH_5040,17,2026-08-30T11:06:01.606177,72.13,,44.62,2.782,13.43,11.06,2.37,60.0,0,NOMINAL
VEH_5040,18,2026-08-30T11:07:06.606177,71.4,,47.32,3.048,13.4,12.04,1.36,38.0,0,NOMINAL
VEH_5040,19,2026-08-30T11:08:11.606177,75.11,,46.89,3.08,11.82,9.21,2.61,29.5,0,NOMINAL
VEH_5040,20,2026-08-30T11:09:16.606177,65.51,,46.85,3.261,9.2,6.8,2.4,31.0,0,NOMINAL
VEH_5040,21,2026-08-30T11:10:21.606177,67.87,,47.82,3.028,10.56,7.58,2.98,28.0,0,NOMINAL
VEH_5040,22,2026-08-30T11:11:26.606177,70.19,,48.84,3.049,11.27,8.36,2.91,29.5,0,NOMINAL
VEH_5040,23,2026-08-30T11:12:31.606177,73.68,,47.24,3.06,11.61,9.14,2.47,31.0,0,NOMINAL
VEH_5040,24,2026-08-30T11:13:36.606177,74.1,,48.66,3.111,10.18,7.11,3.07,28.0,0,NOMINAL
VEH_5040,25,2026-08-30T11:14:41.606177,67.59,,49.37,3.116,10.56,7.5,3.06,29.5,0,NOMINAL
VEH_5040,26,2026-08-30T11:15:46.606177,68.34,45.52,49.4,2.921,16.3,13.11,3.19,31.0,0,NOMINAL
VEH_5040,27,2026-08-30T11:16:51.606177,70.3,45.74,50.05,3.279,17.64,13.89,3.75,28.0,0,NOMINAL
VEH_5040,28,2026-08-30T11:17:56.606177,72.88,,49.8,3.315,10.09,7.04,3.05,29.5,0,NOMINAL
VEH_5040,29,2026-08-30T11:19:01.606177,77.56,,50.01,2.979,10.74,7.81,2.93,31.0,0,NOMINAL
VEH_5040,30,2026-08-30T11:20:06.606177,65.81,,51.48,3.587,11.75,8.2,3.55,28.0,0,NOMINAL
VEH_5041,1,2026-08-30T10:49:56.606177,68.52,38.47,37.98,1.971,17.39,17.21,0.18,34.3,0,NOMINAL
VEH_5041,2,2026-08-30T10:51:01.606177,70.41,39.15,39.45,2.202,18.5,18.09,0.41,34.6,0,NOMINAL
VEH_5041,3,2026-08-30T10:52:06.606177,70.14,,38.94,2.143,12.27,11.74,0.53,34.9,0,NOMINAL
VEH_5041,4,2026-08-30T10:53:11.606177,76.78,,40.44,2.219,13.45,12.61,0.84,35.2,0,NOMINAL
VEH_5041,5,2026-08-30T10:54:16.606177,62.62,,40.69,2.296,13.81,13.1,0.71,35.5,0,NOMINAL
VEH_5041,6,2026-08-30T10:55:21.606177,67.02,,40.94,2.236,12.34,11.58,0.76,35.8,0,NOMINAL
VEH_5041,7,2026-08-30T10:56:26.606177,69.43,40.66,40.89,2.379,17.83,17.29,0.54,36.1,0,NOMINAL
VEH_5041,8,2026-08-30T10:57:31.606177,73.92,39.63,43.18,2.552,18.95,18.17,0.78,36.4,0,NOMINAL
VEH_5041,9,2026-08-30T10:58:36.606177,75.35,,43.84,2.392,12.89,11.81,1.08,36.7,0,NOMINAL
VEH_5041,10,2026-08-30T10:59:41.606177,65.09,,43.17,2.45,13.23,12.3,0.93,37.0,0,NOMINAL
VEH_5041,11,2026-08-30T11:00:46.606177,67.61,,43.15,2.281,13.51,12.78,0.73,48.0,0,NOMINAL
VEH_5041,12,2026-08-30T11:01:51.606177,68.84,,44.05,2.442,10.72,10.16,0.56,48.0,0,NOMINAL
VEH_5041,13,2026-08-30T11:02:56.606177,72.82,,44.63,2.397,12.14,11.14,1.0,38.0,0,NOMINAL
VEH_5041,14,2026-08-30T11:04:01.606177,75.03,40.81,44.22,2.632,19.01,18.24,0.77,38.2,0,NOMINAL
VEH_5041,15,2026-08-30T11:05:06.606177,67.56,,45.08,2.494,13.85,12.7,1.15,38.0,0,NOMINAL
VEH_5041,16,2026-08-30T11:06:11.606177,69.8,,45.22,2.77,11.23,10.08,1.15,38.0,0,NOMINAL
VEH_5041,17,2026-08-30T11:07:16.606177,69.9,,44.58,2.216,13.37,11.06,2.31,60.0,0,NOMINAL
VEH_5041,18,2026-08-30T11:08:21.606177,71.78,,45.9,2.809,13.2,12.04,1.16,38.0,0,NOMINAL
VEH_5041,19,2026-08-30T11:09:26.606177,74.85,,45.7,2.87,11.64,9.21,2.43,29.5,0,NOMINAL
VEH_5041,20,2026-08-30T11:10:31.606177,64.82,,46.69,2.6,9.15,6.8,2.35,31.0,0,NOMINAL
VEH_5041,21,2026-08-30T11:11:36.606177,67.51,,47.53,2.735,10.51,7.58,2.93,28.0,0,NOMINAL
VEH_5041,22,2026-08-30T11:12:41.606177,71.19,,48.3,2.761,11.22,8.36,2.86,29.5,0,NOMINAL
VEH_5041,23,2026-08-30T11:13:46.606177,71.75,,48.78,2.669,11.78,9.14,2.64,31.0,0,NOMINAL
VEH_5041,24,2026-08-30T11:14:51.606177,76.98,,49.37,2.445,10.38,7.11,3.27,28.0,0,NOMINAL
VEH_5041,25,2026-08-30T11:15:56.606177,64.82,,47.98,2.761,10.27,7.5,2.77,29.5,0,NOMINAL
VEH_5041,26,2026-08-30T11:17:01.606177,65.15,39.86,49.13,2.823,15.51,13.11,2.4,31.0,0,NOMINAL
VEH_5041,27,2026-08-30T11:18:06.606177,70.3,39.9,50.33,2.948,17.01,13.89,3.12,28.0,0,NOMINAL
VEH_5041,28,2026-08-30T11:19:11.606177,72.5,,48.42,2.703,9.87,7.04,2.83,29.5,0,NOMINAL
VEH_5041,29,2026-08-30T11:20:16.606177,74.73,,50.87,3.107,10.78,7.81,2.97,31.0,0,NOMINAL
VEH_5041,30,2026-08-30T11:21:21.606177,64.45,,51.15,2.914,11.66,8.2,3.46,28.0,0,NOMINAL
VEH_5042,1,2026-08-30T10:51:11.606177,67.44,41.46,37.85,1.926,17.68,17.21,0.47,34.3,0,NOMINAL
VEH_5042,2,2026-08-30T10:52:16.606177,67.78,40.15,40.96,2.296,18.76,18.09,0.67,34.6,0,NOMINAL
VEH_5042,3,2026-08-30T10:53:21.606177,70.5,,39.8,2.104,12.41,11.74,0.67,34.9,0,NOMINAL
VEH_5042,4,2026-08-30T10:54:26.606177,73.84,,39.03,2.095,13.15,12.61,0.54,35.2,0,NOMINAL
VEH_5042,5,2026-08-30T10:55:31.606177,64.77,,41.28,2.329,13.96,13.1,0.86,35.5,0,NOMINAL
VEH_5042,6,2026-08-30T10:56:36.606177,69.41,,40.61,2.336,12.36,11.58,0.78,35.8,0,NOMINAL
VEH_5042,7,2026-08-30T10:57:41.606177,68.83,40.11,41.24,2.086,17.81,17.29,0.52,36.1,0,NOMINAL
VEH_5042,8,2026-08-30T10:58:46.606177,72.15,40.57,41.57,2.407,18.77,18.17,0.6,36.4,0,NOMINAL
VEH_5042,9,2026-08-30T10:59:51.606177,73.59,,42.26,2.233,12.6,11.81,0.79,36.7,0,NOMINAL
VEH_5042,10,2026-08-30T11:00:56.606177,64.83,,42.2,2.448,13.08,12.3,0.78,37.0,0,NOMINAL
VEH_5042,11,2026-08-30T11:02:01.606177,67.19,,44.08,2.45,13.36,12.78,0.58,48.0,0,NOMINAL
VEH_5042,12,2026-08-30T11:03:06.606177,69.38,,43.54,2.325,10.81,10.16,0.65,48.0,0,NOMINAL
VEH_5042,13,2026-08-30T11:04:11.606177,72.7,,42.69,2.538,11.84,11.14,0.7,38.0,0,NOMINAL
VEH_5042,14,2026-08-30T11:05:16.606177,76.36,38.4,44.85,2.621,18.87,18.24,0.63,38.2,0,NOMINAL
VEH_5042,15,2026-08-30T11:06:21.606177,66.54,,44.74,2.563,13.76,12.7,1.06,38.0,0,NOMINAL
VEH_5042,16,2026-08-30T11:07:26.606177,66.75,,44.71,2.45,11.06,10.08,0.98,38.0,0,NOMINAL
VEH_5042,17,2026-08-30T11:08:31.606177,70.91,,47.34,2.305,12.98,11.06,1.92,60.0,0,NOMINAL
VEH_5042,18,2026-08-30T11:09:36.606177,74.87,,47.85,2.583,13.59,12.04,1.55,38.0,0,NOMINAL
VEH_5042,19,2026-08-30T11:10:41.606177,74.13,,46.38,2.664,11.72,9.21,2.51,29.5,0,NOMINAL
VEH_5042,20,2026-08-30T11:11:46.606177,64.57,,46.63,2.857,9.13,6.8,2.33,31.0,0,NOMINAL
VEH_5042,21,2026-08-30T11:12:51.606177,65.61,,47.31,2.86,10.42,7.58,2.84,28.0,0,NOMINAL
VEH_5042,22,2026-08-30T11:13:56.606177,69.21,,47.45,2.822,11.03,8.36,2.67,29.5,0,NOMINAL
VEH_5042,23,2026-08-30T11:15:01.606177,73.47,,49.96,2.803,12.01,9.14,2.87,31.0,0,NOMINAL
VEH_5042,24,2026-08-30T11:16:06.606177,75.88,,47.9,2.706,10.13,7.11,3.02,28.0,0,NOMINAL
VEH_5042,25,2026-08-30T11:17:11.606177,64.36,,48.97,2.797,10.4,7.5,2.9,29.5,0,NOMINAL
VEH_5042,26,2026-08-30T11:18:16.606177,70.62,39.08,47.54,3.006,15.35,13.11,2.24,31.0,0,NOMINAL
VEH_5042,27,2026-08-30T11:19:21.606177,70.13,40.48,49.63,3.013,16.96,13.89,3.07,28.0,0,NOMINAL
VEH_5042,28,2026-08-30T11:20:26.606177,72.8,,50.9,2.804,10.26,7.04,3.22,29.5,0,NOMINAL
VEH_5042,29,2026-08-30T11:21:31.606177,72.78,,50.85,2.966,10.72,7.81,2.91,31.0,0,NOMINAL
VEH_5042,30,2026-08-30T11:22:36.606177,64.19,,51.8,3.019,11.75,8.2,3.55,28.0,0,NOMINAL
VEH_5043,1,2026-08-30T10:52:26.606177,66.15,39.33,38.6,2.208,17.51,17.21,0.3,34.3,0,NOMINAL
VEH_5043,2,2026-08-30T10:53:31.606177,70.51,42.4,41.62,2.056,19.2,18.09,1.11,34.6,0,NOMINAL
VEH_5043,3,2026-08-30T10:54:36.606177,72.42,,39.94,2.318,12.49,11.74,0.75,34.9,0,NOMINAL
VEH_5043,4,2026-08-30T10:55:41.606177,75.84,,40.49,2.337,13.43,12.61,0.82,35.2,0,NOMINAL
VEH_5043,5,2026-08-30T10:56:46.606177,65.01,,41.63,2.135,14.02,13.1,0.92,35.5,0,NOMINAL
VEH_5043,6,2026-08-30T10:57:51.606177,68.29,,41.51,2.413,12.46,11.58,0.88,35.8,0,NOMINAL
VEH_5043,7,2026-08-30T10:58:56.606177,71.69,39.43,39.49,2.14,17.55,17.29,0.26,36.1,0,NOMINAL
VEH_5043,8,2026-08-30T11:00:01.606177,74.57,39.85,40.89,2.345,18.66,18.17,0.49,36.4,0,NOMINAL
VEH_5043,9,2026-08-30T11:01:06.606177,74.72,,42.73,2.432,12.71,11.81,0.9,36.7,0,NOMINAL
VEH_5043,10,2026-08-30T11:02:11.606177,66.25,,44.05,2.359,13.4,12.3,1.1,37.0,0,NOMINAL
VEH_5043,11,2026-08-30T11:03:16.606177,69.69,,42.63,2.739,13.65,12.78,0.87,48.0,0,NOMINAL
VEH_5043,12,2026-08-30T11:04:21.606177,71.73,,43.11,2.16,10.94,10.16,0.78,48.0,0,NOMINAL
VEH_5043,13,2026-08-30T11:05:26.606177,72.23,,43.99,2.667,12.03,11.14,0.89,38.0,0,NOMINAL
VEH_5043,14,2026-08-30T11:06:31.606177,74.3,41.61,44.72,2.719,19.15,18.24,0.91,38.2,0,NOMINAL
VEH_5043,15,2026-08-30T11:07:36.606177,63.37,,45.42,2.208,13.77,12.7,1.07,38.0,0,NOMINAL
VEH_5043,16,2026-08-30T11:08:41.606177,66.63,,43.15,2.783,10.83,10.08,0.75,38.0,0,NOMINAL
VEH_5043,17,2026-08-30T11:09:46.606177,69.04,,45.16,2.721,13.25,11.06,2.19,60.0,0,NOMINAL
VEH_5043,18,2026-08-30T11:10:51.606177,73.59,,46.29,2.716,13.31,12.04,1.27,38.0,0,NOMINAL
VEH_5043,19,2026-08-30T11:11:56.606177,74.86,,46.07,2.482,11.69,9.21,2.48,29.5,0,NOMINAL
VEH_5043,20,2026-08-30T11:13:01.606177,65.26,,46.88,2.823,9.19,6.8,2.39,31.0,0,NOMINAL
VEH_5043,21,2026-08-30T11:14:06.606177,66.43,,48.92,2.752,10.69,7.58,3.11,28.0,0,NOMINAL
VEH_5043,22,2026-08-30T11:15:11.606177,68.06,,47.3,2.835,10.97,8.36,2.61,29.5,0,NOMINAL
VEH_5043,23,2026-08-30T11:16:16.606177,71.95,,48.78,2.839,11.79,9.14,2.65,31.0,0,NOMINAL
VEH_5043,24,2026-08-30T11:17:21.606177,77.43,,47.75,2.805,10.15,7.11,3.04,28.0,0,NOMINAL
VEH_5043,25,2026-08-30T11:18:26.606177,63.14,,49.17,2.847,10.4,7.5,2.9,29.5,0,NOMINAL
VEH_5043,26,2026-08-30T11:19:31.606177,67.68,41.21,48.92,3.157,15.71,13.11,2.6,31.0,0,NOMINAL
VEH_5043,27,2026-08-30T11:20:36.606177,71.09,42.42,50.24,2.991,17.31,13.89,3.42,28.0,0,NOMINAL
VEH_5043,28,2026-08-30T11:21:41.606177,73.26,,50.68,2.893,10.24,7.04,3.2,29.5,0,NOMINAL
VEH_5043,29,2026-08-30T11:22:46.606177,73.58,,52.04,2.964,10.93,7.81,3.12,31.0,0,NOMINAL
VEH_5043,30,2026-08-30T11:23:51.606177,63.63,,51.55,3.155,11.69,8.2,3.49,28.0,0,NOMINAL
VEH_5044,1,2026-08-30T10:53:41.606177,69.04,39.44,38.43,2.136,17.58,17.21,0.37,34.3,0,NOMINAL
VEH_5044,2,2026-08-30T10:54:46.606177,69.2,40.42,38.33,2.097,18.44,18.09,0.35,34.6,0,NOMINAL
VEH_5044,3,2026-08-30T10:55:51.606177,72.18,,40.58,2.372,12.58,11.74,0.84,34.9,0,NOMINAL
VEH_5044,4,2026-08-30T10:56:56.606177,75.44,,41.49,2.165,13.57,12.61,0.96,35.2,0,NOMINAL
VEH_5044,5,2026-08-30T10:58:01.606177,66.91,,40.57,2.163,13.92,13.1,0.82,35.5,0,NOMINAL
VEH_5044,6,2026-08-30T10:59:06.606177,67.77,,42.18,2.29,12.55,11.58,0.97,35.8,0,NOMINAL
VEH_5044,7,2026-08-30T11:00:11.606177,69.79,41.01,42.28,2.201,18.09,17.29,0.8,36.1,0,NOMINAL
VEH_5044,8,2026-08-30T11:01:16.606177,71.43,40.06,42.57,2.282,18.84,18.17,0.67,36.4,0,NOMINAL
VEH_5044,9,2026-08-30T11:02:21.606177,74.33,,43.88,2.351,12.87,11.81,1.06,36.7,0,NOMINAL
VEH_5044,10,2026-08-30T11:03:26.606177,64.97,,43.5,2.258,13.28,12.3,0.98,37.0,0,NOMINAL
VEH_5044,11,2026-08-30T11:04:31.606177,65.75,,43.9,2.685,13.34,12.78,0.56,48.0,0,NOMINAL
VEH_5044,12,2026-08-30T11:05:36.606177,69.17,,44.08,2.111,10.72,10.16,0.56,48.0,0,NOMINAL
VEH_5044,13,2026-08-30T11:06:41.606177,72.91,,43.45,2.509,11.96,11.14,0.82,38.0,0,NOMINAL
VEH_5044,14,2026-08-30T11:07:46.606177,76.02,38.12,44.76,2.734,18.81,18.24,0.57,38.2,0,NOMINAL
VEH_5044,15,2026-08-30T11:08:51.606177,65.59,,44.18,2.462,13.65,12.7,0.95,38.0,0,NOMINAL
VEH_5044,16,2026-08-30T11:09:56.606177,66.14,,46.76,2.551,11.35,10.08,1.27,38.0,0,NOMINAL
VEH_5044,17,2026-08-30T11:11:01.606177,67.41,,47.2,2.585,12.9,11.06,1.84,60.0,0,NOMINAL
VEH_5044,18,2026-08-30T11:12:06.606177,72.85,,47.33,2.672,13.45,12.04,1.41,38.0,0,NOMINAL
VEH_5044,19,2026-08-30T11:13:11.606177,76.47,,47.65,2.566,11.98,9.21,2.77,29.5,0,NOMINAL
VEH_5044,20,2026-08-30T11:14:16.606177,64.75,,47.54,2.603,9.28,6.8,2.48,31.0,0,NOMINAL
VEH_5044,21,2026-08-30T11:15:21.606177,68.84,,46.13,2.94,10.34,7.58,2.76,28.0,0,NOMINAL
VEH_5044,22,2026-08-30T11:16:26.606177,71.14,,48.82,2.756,11.29,8.36,2.93,29.5,0,NOMINAL
VEH_5044,23,2026-08-30T11:17:31.606177,72.58,,47.82,2.795,11.66,9.14,2.52,31.0,0,NOMINAL
VEH_5044,24,2026-08-30T11:18:36.606177,78.25,,48.25,2.71,10.25,7.11,3.14,28.0,0,NOMINAL
VEH_5044,25,2026-08-30T11:19:41.606177,65.98,,49.64,2.849,10.55,7.5,3.05,29.5,0,NOMINAL
VEH_5044,26,2026-08-30T11:20:46.606177,68.73,40.29,49.53,2.958,15.73,13.11,2.62,31.0,0,NOMINAL
VEH_5044,27,2026-08-30T11:21:51.606177,67.9,40.08,49.71,3.071,16.86,13.89,2.97,28.0,0,NOMINAL
VEH_5044,28,2026-08-30T11:22:56.606177,72.22,,49.89,2.779,10.09,7.04,3.05,29.5,0,NOMINAL
VEH_5044,29,2026-08-30T11:24:01.606177,75.73,,50.55,2.501,10.77,7.81,2.96,31.0,0,NOMINAL
VEH_5044,30,2026-08-30T11:25:06.606177,64.95,,51.98,2.88,11.8,8.2,3.6,28.0,0,NOMINAL
VEH_5045,1,2026-08-30T10:54:56.606177,68.58,41.73,38.7,1.852,17.87,17.21,0.66,34.3,0,NOMINAL
VEH_5045,2,2026-08-30T10:56:01.606177,70.1,45.93,39.41,2.332,19.26,18.09,1.17,34.6,0,NOMINAL
VEH_5045,3,2026-08-30T10:57:06.606177,72.11,,41.11,2.349,12.65,11.74,0.91,34.9,0,NOMINAL
VEH_5045,4,2026-08-30T10:58:11.606177,73.84,,39.73,2.238,13.26,12.61,0.65,35.2,0,NOMINAL
VEH_5045,5,2026-08-30T10:59:16.606177,64.43,,41.27,2.464,13.95,13.1,0.85,35.5,0,NOMINAL
VEH_5045,6,2026-08-30T11:00:21.606177,68.64,,39.69,2.429,12.2,11.58,0.62,35.8,0,NOMINAL
VEH_5045,7,2026-08-30T11:01:26.606177,70.28,44.25,42.16,2.351,18.47,17.29,1.18,36.1,0,NOMINAL
VEH_5045,8,2026-08-30T11:02:31.606177,72.35,45.0,42.5,2.47,19.42,18.17,1.25,36.4,0,NOMINAL
VEH_5045,9,2026-08-30T11:03:36.606177,76.29,,43.04,2.366,12.8,11.81,0.99,36.7,0,NOMINAL
VEH_5045,10,2026-08-30T11:04:41.606177,66.94,,43.52,2.468,13.34,12.3,1.04,37.0,0,NOMINAL
VEH_5045,11,2026-08-30T11:05:46.606177,66.52,,43.91,2.738,13.36,12.78,0.58,48.0,0,NOMINAL
VEH_5045,12,2026-08-30T11:06:51.606177,71.82,,43.53,2.781,10.88,10.16,0.72,48.0,0,NOMINAL
VEH_5045,13,2026-08-30T11:07:56.606177,73.42,,44.28,2.425,12.11,11.14,0.97,38.0,0,NOMINAL
VEH_5045,14,2026-08-30T11:09:01.606177,73.77,42.56,44.76,2.781,19.25,18.24,1.01,38.2,0,NOMINAL
VEH_5045,15,2026-08-30T11:10:06.606177,96.24,,50.56,2.638,15.55,12.7,2.85,38.0,1,MICRO_STOPPAGE_PRESSURE_DROP
VEH_5045,16,2026-08-30T11:11:11.606177,64.93,,45.18,2.622,11.08,10.08,1.0,38.0,0,NOMINAL
VEH_5045,17,2026-08-30T11:12:16.606177,69.33,,46.76,2.718,13.02,11.06,1.96,60.0,0,NOMINAL
VEH_5045,18,2026-08-30T11:13:21.606177,71.25,,46.2,2.923,13.23,12.04,1.19,38.0,0,NOMINAL
VEH_5045,19,2026-08-30T11:14:26.606177,73.94,,46.15,2.632,11.68,9.21,2.47,29.5,0,NOMINAL
VEH_5045,20,2026-08-30T11:15:31.606177,64.41,,46.24,2.853,9.07,6.8,2.27,31.0,0,NOMINAL
VEH_5045,21,2026-08-30T11:16:36.606177,67.09,,48.41,2.568,10.63,7.58,3.05,28.0,0,NOMINAL
VEH_5045,22,2026-08-30T11:17:41.606177,68.62,,46.93,2.859,10.93,8.36,2.57,29.5,0,NOMINAL
VEH_5045,23,2026-08-30T11:18:46.606177,73.94,,49.74,2.984,11.99,9.14,2.85,31.0,0,NOMINAL
VEH_5045,24,2026-08-30T11:19:51.606177,74.26,,48.43,3.085,10.15,7.11,3.04,28.0,0,NOMINAL
VEH_5045,25,2026-08-30T11:20:56.606177,63.11,,48.47,2.912,10.29,7.5,2.79,29.5,0,NOMINAL
VEH_5045,26,2026-08-30T11:22:01.606177,67.39,43.84,50.17,2.94,16.2,13.11,3.09,31.0,0,NOMINAL
VEH_5045,27,2026-08-30T11:23:06.606177,69.18,44.23,49.37,3.288,17.32,13.89,3.43,28.0,0,NOMINAL
VEH_5045,28,2026-08-30T11:24:11.606177,72.72,,50.59,3.156,10.21,7.04,3.17,29.5,0,NOMINAL
VEH_5045,29,2026-08-30T11:25:16.606177,75.09,,49.38,3.253,10.57,7.81,2.76,31.0,0,NOMINAL
VEH_5045,30,2026-08-30T11:26:21.606177,64.87,,50.55,3.178,11.58,8.2,3.38,28.0,0,NOMINAL
VEH_5046,1,2026-08-30T10:56:11.606177,66.95,42.17,37.81,2.005,17.74,17.21,0.53,34.3,0,NOMINAL
VEH_5046,2,2026-08-30T10:57:16.606177,70.09,42.97,40.16,2.228,19.04,18.09,0.95,34.6,0,NOMINAL
VEH_5046,3,2026-08-30T10:58:21.606177,75.34,,40.75,2.322,12.7,11.74,0.96,34.9,0,NOMINAL
VEH_5046,4,2026-08-30T10:59:26.606177,72.58,,40.54,2.073,13.34,12.61,0.73,35.2,0,NOMINAL
VEH_5046,5,2026-08-30T11:00:31.606177,65.03,,40.58,2.452,13.87,13.1,0.77,35.5,0,NOMINAL
VEH_5046,6,2026-08-30T11:01:36.606177,67.59,,41.45,2.42,12.43,11.58,0.85,35.8,0,NOMINAL
VEH_5046,7,2026-08-30T11:02:41.606177,70.18,44.17,41.89,2.316,18.41,17.29,1.12,36.1,0,NOMINAL
VEH_5046,8,2026-08-30T11:03:46.606177,71.72,44.39,40.86,2.434,19.08,18.17,0.91,36.4,0,NOMINAL
VEH_5046,9,2026-08-30T11:04:51.606177,73.49,,44.08,2.605,12.87,11.81,1.06,36.7,0,NOMINAL
VEH_5046,10,2026-08-30T11:05:56.606177,64.0,,42.98,2.275,13.17,12.3,0.87,37.0,0,NOMINAL
VEH_5046,11,2026-08-30T11:07:01.606177,65.32,,42.34,2.567,13.56,12.78,0.78,48.0,0,NOMINAL
VEH_5046,12,2026-08-30T11:08:06.606177,70.24,,42.19,2.44,11.04,10.16,0.88,48.0,0,NOMINAL
VEH_5046,13,2026-08-30T11:09:11.606177,74.34,,44.85,2.647,12.22,11.14,1.08,38.0,0,NOMINAL
VEH_5046,14,2026-08-30T11:10:16.606177,77.71,44.12,44.29,2.236,19.48,18.24,1.24,38.2,0,NOMINAL
VEH_5046,15,2026-08-30T11:11:21.606177,65.18,,45.3,2.883,13.81,12.7,1.11,38.0,0,NOMINAL
VEH_5046,16,2026-08-30T11:12:26.606177,67.06,,45.52,2.681,11.2,10.08,1.12,38.0,0,NOMINAL
VEH_5046,17,2026-08-30T11:13:31.606177,70.44,,46.09,2.74,13.16,11.06,2.1,60.0,0,NOMINAL
VEH_5046,18,2026-08-30T11:14:36.606177,73.02,,46.11,2.91,13.27,12.04,1.23,38.0,0,NOMINAL
VEH_5046,19,2026-08-30T11:15:41.606177,74.93,,46.63,2.661,11.78,9.21,2.57,29.5,0,NOMINAL
VEH_5046,20,2026-08-30T11:16:46.606177,65.07,,48.27,2.826,9.4,6.8,2.6,31.0,0,NOMINAL
VEH_5046,21,2026-08-30T11:17:51.606177,68.07,,48.34,2.781,10.65,7.58,3.07,28.0,0,NOMINAL
VEH_5046,22,2026-08-30T11:18:56.606177,67.74,,46.58,2.877,10.85,8.36,2.49,29.5,0,NOMINAL
VEH_5046,23,2026-08-30T11:20:01.606177,74.87,,47.6,3.07,11.7,9.14,2.56,31.0,0,NOMINAL
VEH_5046,24,2026-08-30T11:21:06.606177,73.82,,48.25,2.934,10.11,7.11,3.0,28.0,0,NOMINAL
VEH_5046,25,2026-08-30T11:22:11.606177,65.11,,49.22,2.8,10.47,7.5,2.97,29.5,0,NOMINAL
VEH_5046,26,2026-08-30T11:23:16.606177,66.91,42.51,48.61,3.076,15.79,13.11,2.68,31.0,0,NOMINAL
VEH_5046,27,2026-08-30T11:24:21.606177,68.84,41.99,52.03,2.841,17.46,13.89,3.57,28.0,0,NOMINAL
VEH_5046,28,2026-08-30T11:25:26.606177,73.31,,49.45,3.075,10.05,7.04,3.01,29.5,0,NOMINAL
VEH_5046,29,2026-08-30T11:26:31.606177,75.22,,50.7,2.559,10.77,7.81,2.96,31.0,0,NOMINAL
VEH_5046,30,2026-08-30T11:27:36.606177,64.78,,53.89,3.309,12.08,8.2,3.88,28.0,0,NOMINAL
VEH_5047,1,2026-08-30T10:57:26.606177,67.08,39.67,40.41,1.891,17.85,17.21,0.64,34.3,0,NOMINAL
VEH_5047,2,2026-08-30T10:58:31.606177,70.24,38.33,40.9,2.374,18.62,18.09,0.53,34.6,0,NOMINAL
VEH_5047,3,2026-08-30T10:59:36.606177,71.63,,40.16,2.248,12.5,11.74,0.76,34.9,0,NOMINAL
VEH_5047,4,2026-08-30T11:00:41.606177,75.09,,39.81,2.328,13.31,12.61,0.7,35.2,0,NOMINAL
VEH_5047,5,2026-08-30T11:01:46.606177,64.24,,40.13,2.141,13.78,13.1,0.68,35.5,0,NOMINAL
VEH_5047,6,2026-08-30T11:02:51.606177,67.22,,40.85,2.155,12.33,11.58,0.75,35.8,0,NOMINAL
VEH_5047,7,2026-08-30T11:03:56.606177,69.01,38.39,40.86,2.122,17.56,17.29,0.27,36.1,0,NOMINAL
VEH_5047,8,2026-08-30T11:05:01.606177,69.01,37.6,41.07,2.36,18.25,18.17,0.08,36.4,0,NOMINAL
VEH_5047,9,2026-08-30T11:06:06.606177,76.25,,42.54,1.92,12.73,11.81,0.92,36.7,0,NOMINAL
VEH_5047,10,2026-08-30T11:07:11.606177,65.12,,43.37,2.312,13.26,12.3,0.96,37.0,0,NOMINAL
VEH_5047,11,2026-08-30T11:08:16.606177,67.6,,44.17,2.516,13.36,12.78,0.58,48.0,0,NOMINAL
VEH_5047,12,2026-08-30T11:09:21.606177,71.2,,44.78,2.512,10.68,10.16,0.52,48.0,0,NOMINAL
VEH_5047,13,2026-08-30T11:10:26.606177,72.08,,44.57,2.328,12.11,11.14,0.97,38.0,0,NOMINAL
VEH_5047,14,2026-08-30T11:11:31.606177,76.27,39.2,43.48,2.377,18.75,18.24,0.51,38.2,0,NOMINAL
VEH_5047,15,2026-08-30T11:12:36.606177,64.6,,45.81,2.347,13.86,12.7,1.16,38.0,0,NOMINAL
VEH_5047,16,2026-08-30T11:13:41.606177,67.66,,45.5,2.79,11.21,10.08,1.13,38.0,0,NOMINAL
VEH_5047,17,2026-08-30T11:14:46.606177,71.02,,47.26,2.513,13.0,11.06,1.94,60.0,0,NOMINAL
VEH_5047,18,2026-08-30T11:15:51.606177,72.99,,46.2,2.461,13.28,12.04,1.24,38.0,0,NOMINAL
VEH_5047,19,2026-08-30T11:16:56.606177,74.4,,48.19,2.718,12.0,9.21,2.79,29.5,0,NOMINAL
VEH_5047,20,2026-08-30T11:18:01.606177,65.11,,46.15,2.525,9.08,6.8,2.28,31.0,0,NOMINAL
VEH_5047,21,2026-08-30T11:19:06.606177,67.56,,48.99,2.83,10.73,7.58,3.15,28.0,0,NOMINAL
VEH_5047,22,2026-08-30T11:20:11.606177,68.94,,47.16,2.983,10.98,8.36,2.62,29.5,0,NOMINAL
VEH_5047,23,2026-08-30T11:21:16.606177,72.32,,46.51,2.787,11.46,9.14,2.32,31.0,0,NOMINAL
VEH_5047,24,2026-08-30T11:22:21.606177,72.64,,49.11,2.767,10.21,7.11,3.1,28.0,0,NOMINAL
VEH_5047,25,2026-08-30T11:23:26.606177,65.98,,50.13,2.633,10.63,7.5,3.13,29.5,0,NOMINAL
VEH_5047,26,2026-08-30T11:24:31.606177,67.13,39.27,48.34,2.78,15.39,13.11,2.28,31.0,0,NOMINAL
VEH_5047,27,2026-08-30T11:25:36.606177,71.83,36.49,51.57,2.961,16.85,13.89,2.96,28.0,0,NOMINAL
VEH_5047,28,2026-08-30T11:26:41.606177,71.51,,50.43,2.76,10.15,7.04,3.11,29.5,0,NOMINAL
VEH_5047,29,2026-08-30T11:27:46.606177,73.94,,51.87,2.642,10.91,7.81,3.1,31.0,0,NOMINAL
VEH_5047,30,2026-08-30T11:28:51.606177,64.36,,49.2,2.972,11.36,8.2,3.16,28.0,0,NOMINAL
VEH_5048,1,2026-08-30T10:58:41.606177,67.45,39.58,38.07,1.793,17.5,17.21,0.29,34.3,0,NOMINAL
VEH_5048,2,2026-08-30T10:59:46.606177,69.76,38.65,41.43,2.186,18.72,18.09,0.63,34.6,0,NOMINAL
VEH_5048,3,2026-08-30T11:00:51.606177,72.66,,40.53,2.459,12.58,11.74,0.84,34.9,0,NOMINAL
VEH_5048,4,2026-08-30T11:01:56.606177,73.63,,40.17,2.173,13.32,12.61,0.71,35.2,0,NOMINAL
VEH_5048,5,2026-08-30T11:03:01.606177,66.33,,41.27,2.165,14.01,13.1,0.91,35.5,0,NOMINAL
VEH_5048,6,2026-08-30T11:04:06.606177,68.87,,42.63,2.271,12.65,11.58,1.07,35.8,0,NOMINAL
VEH_5048,7,2026-08-30T11:05:11.606177,71.48,39.82,41.13,2.223,17.84,17.29,0.55,36.1,0,NOMINAL
VEH_5048,8,2026-08-30T11:06:16.606177,72.92,41.2,42.52,2.257,19.0,18.17,0.83,36.4,0,NOMINAL
VEH_5048,9,2026-08-30T11:07:21.606177,75.25,,41.77,2.165,12.58,11.81,0.77,36.7,0,NOMINAL
VEH_5048,10,2026-08-30T11:08:26.606177,64.49,,42.99,2.303,13.19,12.3,0.89,37.0,0,NOMINAL
VEH_5048,11,2026-08-30T11:09:31.606177,62.96,,42.73,2.367,13.43,12.78,0.65,48.0,0,NOMINAL
VEH_5048,12,2026-08-30T11:10:36.606177,69.57,,43.65,2.528,10.8,10.16,0.64,48.0,0,NOMINAL
VEH_5048,13,2026-08-30T11:11:41.606177,71.68,,45.18,2.355,12.19,11.14,1.05,38.0,0,NOMINAL
VEH_5048,14,2026-08-30T11:12:46.606177,73.63,39.52,44.17,2.471,18.81,18.24,0.57,38.2,0,NOMINAL
VEH_5048,15,2026-08-30T11:13:51.606177,66.87,,44.29,2.51,13.71,12.7,1.01,38.0,0,NOMINAL
VEH_5048,16,2026-08-30T11:14:56.606177,68.24,,45.89,2.785,11.29,10.08,1.21,38.0,0,NOMINAL
VEH_5048,17,2026-08-30T11:16:01.606177,72.16,,43.8,2.585,13.56,11.06,2.5,60.0,0,NOMINAL
VEH_5048,18,2026-08-30T11:17:06.606177,71.71,,47.59,2.896,13.45,12.04,1.41,38.0,0,NOMINAL
VEH_5048,19,2026-08-30T11:18:11.606177,74.97,,46.43,2.745,11.75,9.21,2.54,29.5,0,NOMINAL
VEH_5048,20,2026-08-30T11:19:16.606177,64.83,,46.52,2.864,9.13,6.8,2.33,31.0,0,NOMINAL
VEH_5048,21,2026-08-30T11:20:21.606177,69.1,,47.55,2.423,10.56,7.58,2.98,28.0,0,NOMINAL
VEH_5048,22,2026-08-30T11:21:26.606177,69.04,,48.99,2.739,11.25,8.36,2.89,29.5,0,NOMINAL
VEH_5048,23,2026-08-30T11:22:31.606177,72.38,,47.64,3.023,11.63,9.14,2.49,31.0,0,NOMINAL
VEH_5048,24,2026-08-30T11:23:36.606177,76.68,,47.79,2.799,10.13,7.11,3.02,28.0,0,NOMINAL
VEH_5048,25,2026-08-30T11:24:41.606177,63.55,,48.45,2.906,10.3,7.5,2.8,29.5,0,NOMINAL
VEH_5048,26,2026-08-30T11:25:46.606177,67.32,39.43,50.89,2.603,15.79,13.11,2.68,31.0,0,NOMINAL
VEH_5048,27,2026-08-30T11:26:51.606177,70.53,39.67,49.97,3.34,16.93,13.89,3.04,28.0,0,NOMINAL
VEH_5048,28,2026-08-30T11:27:56.606177,71.63,,50.2,2.457,10.11,7.04,3.07,29.5,0,NOMINAL
VEH_5048,29,2026-08-30T11:29:01.606177,74.77,,50.79,2.697,10.77,7.81,2.96,31.0,0,NOMINAL
VEH_5048,30,2026-08-30T11:30:06.606177,63.57,,50.61,3.048,11.55,8.2,3.35,28.0,0,NOMINAL
VEH_5049,1,2026-08-30T10:59:56.606177,66.52,39.05,39.74,2.103,17.66,17.21,0.45,34.3,0,NOMINAL
VEH_5049,2,2026-08-30T11:01:01.606177,69.98,38.05,39.89,2.092,18.43,18.09,0.34,34.6,0,NOMINAL
VEH_5049,3,2026-08-30T11:02:06.606177,72.97,,40.01,2.264,12.52,11.74,0.78,34.9,0,NOMINAL
VEH_5049,4,2026-08-30T11:03:11.606177,74.54,,41.38,2.109,13.52,12.61,0.91,35.2,0,NOMINAL
VEH_5049,5,2026-08-30T11:04:16.606177,63.97,,42.19,2.148,14.08,13.1,0.98,35.5,0,NOMINAL
VEH_5049,6,2026-08-30T11:05:21.606177,66.31,,40.78,2.235,12.29,11.58,0.71,35.8,0,NOMINAL
VEH_5049,7,2026-08-30T11:06:26.606177,69.63,39.54,41.56,2.061,17.81,17.29,0.52,36.1,0,NOMINAL
VEH_5049,8,2026-08-30T11:07:31.606177,70.53,39.83,41.66,2.193,18.64,18.17,0.47,36.4,0,NOMINAL
VEH_5049,9,2026-08-30T11:08:36.606177,77.08,,41.66,2.424,12.62,11.81,0.81,36.7,0,NOMINAL
VEH_5049,10,2026-08-30T11:09:41.606177,65.33,,41.55,2.481,13.0,12.3,0.7,37.0,0,NOMINAL
VEH_5049,11,2026-08-30T11:10:46.606177,68.25,,44.11,2.464,13.39,12.78,0.61,48.0,0,NOMINAL
VEH_5049,12,2026-08-30T11:11:51.606177,71.07,,43.35,2.206,10.89,10.16,0.73,48.0,0,NOMINAL
VEH_5049,13,2026-08-30T11:12:56.606177,75.21,,43.84,2.501,12.1,11.14,0.96,38.0,0,NOMINAL
VEH_5049,14,2026-08-30T11:14:01.606177,75.53,38.23,44.48,2.341,18.77,18.24,0.53,38.2,0,NOMINAL
VEH_5049,15,2026-08-30T11:15:06.606177,66.06,,44.3,2.36,13.68,12.7,0.98,38.0,0,NOMINAL
VEH_5049,16,2026-08-30T11:16:11.606177,66.36,,45.72,2.492,11.2,10.08,1.12,38.0,0,NOMINAL
VEH_5049,17,2026-08-30T11:17:16.606177,68.62,,45.35,2.401,13.21,11.06,2.15,60.0,0,NOMINAL
VEH_5049,18,2026-08-30T11:18:21.606177,70.91,,47.44,2.62,13.4,12.04,1.36,38.0,0,NOMINAL
VEH_5049,19,2026-08-30T11:19:26.606177,73.89,,46.33,2.785,11.7,9.21,2.49,29.5,0,NOMINAL
VEH_5049,20,2026-08-30T11:20:31.606177,65.04,,47.42,2.874,9.27,6.8,2.47,31.0,0,NOMINAL
VEH_5049,21,2026-08-30T11:21:36.606177,68.37,,47.1,2.569,10.47,7.58,2.89,28.0,0,NOMINAL
VEH_5049,22,2026-08-30T11:22:41.606177,72.09,,48.08,2.891,11.21,8.36,2.85,29.5,0,NOMINAL
VEH_5049,23,2026-08-30T11:23:46.606177,72.18,,50.0,2.938,11.98,9.14,2.84,31.0,0,NOMINAL
VEH_5049,24,2026-08-30T11:24:51.606177,76.99,,49.81,2.813,10.45,7.11,3.34,28.0,0,NOMINAL
VEH_5049,25,2026-08-30T11:25:56.606177,64.26,,51.5,2.88,10.78,7.5,3.28,29.5,0,NOMINAL
VEH_5049,26,2026-08-30T11:27:01.606177,66.88,39.03,50.16,2.831,15.62,13.11,2.51,31.0,0,NOMINAL
VEH_5049,27,2026-08-30T11:28:06.606177,70.46,39.2,50.84,2.978,17.01,13.89,3.12,28.0,0,NOMINAL
VEH_5049,28,2026-08-30T11:29:11.606177,72.25,,49.79,2.772,10.07,7.04,3.03,29.5,0,NOMINAL
VEH_5049,29,2026-08-30T11:30:16.606177,73.74,,48.45,2.915,10.39,7.81,2.58,31.0,0,NOMINAL
VEH_5049,30,2026-08-30T11:31:21.606177,63.78,,51.41,2.898,11.68,8.2,3.48,28.0,0,NOMINAL
VEH_5050,1,2026-08-30T11:01:11.606177,67.27,41.26,37.6,2.199,17.61,17.21,0.4,34.3,0,NOMINAL
VEH_5050,2,2026-08-30T11:02:16.606177,68.83,41.79,39.93,2.181,18.83,18.09,0.74,34.6,0,NOMINAL
VEH_5050,3,2026-08-30T11:03:21.606177,73.52,,40.4,2.414,12.59,11.74,0.85,34.9,0,NOMINAL
VEH_5050,4,2026-08-30T11:04:26.606177,75.43,,40.77,2.163,13.46,12.61,0.85,35.2,0,NOMINAL
VEH_5050,5,2026-08-30T11:05:31.606177,65.78,,40.69,2.371,13.91,13.1,0.81,35.5,0,NOMINAL
VEH_5050,6,2026-08-30T11:06:36.606177,66.3,,41.36,2.204,12.38,11.58,0.8,35.8,0,NOMINAL
VEH_5050,7,2026-08-30T11:07:41.606177,69.46,41.88,41.14,2.342,18.01,17.29,0.72,36.1,0,NOMINAL
VEH_5050,8,2026-08-30T11:08:46.606177,72.43,42.02,42.12,2.422,19.02,18.17,0.85,36.4,0,NOMINAL
VEH_5050,9,2026-08-30T11:09:51.606177,76.06,,40.85,2.332,12.47,11.81,0.66,36.7,0,NOMINAL
VEH_5050,10,2026-08-30T11:10:56.606177,64.04,,44.8,2.696,13.44,12.3,1.14,37.0,0,NOMINAL
VEH_5050,11,2026-08-30T11:12:01.606177,66.52,,43.93,2.571,13.36,12.78,0.58,48.0,0,NOMINAL
VEH_5050,12,2026-08-30T11:13:06.606177,70.59,,43.74,2.621,10.81,10.16,0.65,48.0,0,NOMINAL
VEH_5050,13,2026-08-30T11:14:11.606177,73.03,,44.2,2.696,12.08,11.14,0.94,38.0,0,NOMINAL
VEH_5050,14,2026-08-30T11:15:16.606177,74.82,41.89,45.29,2.714,19.29,18.24,1.05,38.2,0,NOMINAL
VEH_5050,15,2026-08-30T11:16:21.606177,65.28,,44.14,2.379,13.63,12.7,0.93,38.0,0,NOMINAL
VEH_5050,16,2026-08-30T11:17:26.606177,66.13,,46.02,2.675,11.24,10.08,1.16,38.0,0,NOMINAL
VEH_5050,17,2026-08-30T11:18:31.606177,68.53,,46.33,2.426,13.06,11.06,2.0,60.0,0,NOMINAL
VEH_5050,18,2026-08-30T11:19:36.606177,71.16,,47.32,2.746,13.39,12.04,1.35,38.0,0,NOMINAL
VEH_5050,19,2026-08-30T11:20:41.606177,75.86,,45.86,2.753,11.69,9.21,2.48,29.5,0,NOMINAL
VEH_5050,20,2026-08-30T11:21:46.606177,65.55,,46.09,2.776,9.09,6.8,2.29,31.0,0,NOMINAL
VEH_5050,21,2026-08-30T11:22:51.606177,66.58,,46.82,2.772,10.38,7.58,2.8,28.0,0,NOMINAL
VEH_5050,22,2026-08-30T11:23:56.606177,70.03,,48.88,2.786,11.27,8.36,2.91,29.5,0,NOMINAL
VEH_5050,23,2026-08-30T11:25:01.606177,70.6,,47.24,2.753,11.51,9.14,2.37,31.0,0,NOMINAL
VEH_5050,24,2026-08-30T11:26:06.606177,74.03,,48.32,2.846,10.13,7.11,3.02,28.0,0,NOMINAL
VEH_5050,25,2026-08-30T11:27:11.606177,64.08,,47.89,2.849,10.23,7.5,2.73,29.5,0,NOMINAL
VEH_5050,26,2026-08-30T11:28:16.606177,67.25,42.3,50.3,2.829,16.03,13.11,2.92,31.0,0,NOMINAL
VEH_5050,27,2026-08-30T11:29:21.606177,69.3,43.18,49.49,3.041,17.23,13.89,3.34,28.0,0,NOMINAL
VEH_5050,28,2026-08-30T11:30:26.606177,73.19,,50.83,2.743,10.26,7.04,3.22,29.5,0,NOMINAL
VEH_5050,29,2026-08-30T11:31:31.606177,73.54,,50.53,3.169,10.7,7.81,2.89,31.0,0,NOMINAL
VEH_5050,30,2026-08-30T11:32:36.606177,65.32,,49.87,3.118,11.49,8.2,3.29,28.0,0,NOMINAL
VEH_5051,1,2026-08-30T11:02:26.606177,67.27,42.29,39.55,2.43,18.02,17.21,0.81,34.3,0,NOMINAL
VEH_5051,2,2026-08-30T11:03:31.606177,70.57,43.26,39.93,2.205,19.05,18.09,0.96,34.6,0,NOMINAL
VEH_5051,3,2026-08-30T11:04:36.606177,73.42,,40.51,2.435,12.61,11.74,0.87,34.9,0,NOMINAL
VEH_5051,4,2026-08-30T11:05:41.606177,73.77,,40.82,2.149,13.42,12.61,0.81,35.2,0,NOMINAL
VEH_5051,5,2026-08-30T11:06:46.606177,65.0,,42.31,2.249,14.13,13.1,1.03,35.5,0,NOMINAL
VEH_5051,6,2026-08-30T11:07:51.606177,69.05,,40.14,2.318,12.28,11.58,0.7,35.8,0,NOMINAL
VEH_5051,7,2026-08-30T11:08:56.606177,70.87,42.71,40.89,2.318,18.12,17.29,0.83,36.1,0,NOMINAL
VEH_5051,8,2026-08-30T11:10:01.606177,72.61,42.9,43.96,2.352,19.41,18.17,1.24,36.4,0,NOMINAL
VEH_5051,9,2026-08-30T11:11:06.606177,72.84,,43.31,2.441,12.74,11.81,0.93,36.7,0,NOMINAL
VEH_5051,10,2026-08-30T11:12:11.606177,65.22,,42.27,2.269,13.1,12.3,0.8,37.0,0,NOMINAL
VEH_5051,11,2026-08-30T11:13:16.606177,69.24,,43.59,2.536,13.5,12.78,0.72,48.0,0,NOMINAL
VEH_5051,12,2026-08-30T11:14:21.606177,70.16,,43.86,2.799,10.78,10.16,0.62,48.0,0,NOMINAL
VEH_5051,13,2026-08-30T11:15:26.606177,72.2,,43.55,2.63,11.96,11.14,0.82,38.0,0,NOMINAL
VEH_5051,14,2026-08-30T11:16:31.606177,76.41,41.32,43.54,2.91,19.01,18.24,0.77,38.2,0,NOMINAL
VEH_5051,15,2026-08-30T11:17:36.606177,65.67,,45.13,2.556,13.79,12.7,1.09,38.0,0,NOMINAL
VEH_5051,16,2026-08-30T11:18:41.606177,69.38,,45.82,2.815,11.31,10.08,1.23,38.0,0,NOMINAL
VEH_5051,17,2026-08-30T11:19:46.606177,69.95,,45.49,2.659,13.23,11.06,2.17,60.0,0,NOMINAL
VEH_5051,18,2026-08-30T11:20:51.606177,73.22,,45.93,2.829,13.25,12.04,1.21,38.0,0,NOMINAL
VEH_5051,19,2026-08-30T11:21:56.606177,74.26,,46.13,2.914,11.68,9.21,2.47,29.5,0,NOMINAL
VEH_5051,20,2026-08-30T11:23:01.606177,65.09,,47.08,3.028,9.22,6.8,2.42,31.0,0,NOMINAL
VEH_5051,21,2026-08-30T11:24:06.606177,66.51,,48.82,2.618,10.67,7.58,3.09,28.0,0,NOMINAL
VEH_5051,22,2026-08-30T11:25:11.606177,70.45,,49.07,3.184,11.31,8.36,2.95,29.5,0,NOMINAL
VEH_5051,23,2026-08-30T11:26:16.606177,72.32,,48.65,2.986,11.78,9.14,2.64,31.0,0,NOMINAL
VEH_5051,24,2026-08-30T11:27:21.606177,75.94,,48.32,2.625,10.19,7.11,3.08,28.0,0,NOMINAL
VEH_5051,25,2026-08-30T11:28:26.606177,63.47,,50.05,3.373,10.54,7.5,3.04,29.5,0,NOMINAL
VEH_5051,26,2026-08-30T11:29:31.606177,68.19,43.93,49.36,3.363,16.11,13.11,3.0,31.0,0,NOMINAL
VEH_5051,27,2026-08-30T11:30:36.606177,70.06,43.75,49.56,3.352,17.33,13.89,3.44,28.0,0,NOMINAL
VEH_5051,28,2026-08-30T11:31:41.606177,72.24,,49.43,3.228,10.02,7.04,2.98,29.5,0,NOMINAL
VEH_5051,29,2026-08-30T11:32:46.606177,72.35,,51.08,3.065,10.74,7.81,2.93,31.0,0,NOMINAL
VEH_5051,30,2026-08-30T11:33:51.606177,64.06,,51.32,3.114,11.67,8.2,3.47,28.0,0,NOMINAL
VEH_5052,1,2026-08-30T11:03:41.606177,67.79,43.25,38.47,1.994,17.99,17.21,0.78,34.3,0,NOMINAL
VEH_5052,2,2026-08-30T11:04:46.606177,68.28,43.17,39.29,2.388,18.87,18.09,0.78,34.6,0,NOMINAL
VEH_5052,3,2026-08-30T11:05:51.606177,74.59,,39.95,2.44,12.56,11.74,0.82,34.9,0,NOMINAL
VEH_5052,4,2026-08-30T11:06:56.606177,75.75,,41.4,2.324,13.56,12.61,0.95,35.2,0,NOMINAL
VEH_5052,5,2026-08-30T11:08:01.606177,65.99,,40.9,2.423,13.94,13.1,0.84,35.5,0,NOMINAL
VEH_5052,6,2026-08-30T11:09:06.606177,67.94,,41.64,2.16,12.47,11.58,0.89,35.8,0,NOMINAL
VEH_5052,7,2026-08-30T11:10:11.606177,69.38,41.76,42.28,2.77,18.17,17.29,0.88,36.1,0,NOMINAL
VEH_5052,8,2026-08-30T11:11:16.606177,73.22,40.89,43.06,2.461,19.06,18.17,0.89,36.4,0,NOMINAL
VEH_5052,9,2026-08-30T11:12:21.606177,78.14,,44.04,2.628,13.01,11.81,1.2,36.7,0,NOMINAL
VEH_5052,10,2026-08-30T11:13:26.606177,66.04,,43.31,2.348,13.28,12.3,0.98,37.0,0,NOMINAL
VEH_5052,11,2026-08-30T11:14:31.606177,68.6,,43.14,2.528,13.54,12.78,0.76,48.0,0,NOMINAL
VEH_5052,12,2026-08-30T11:15:36.606177,70.6,,45.26,2.335,10.59,10.16,0.43,48.0,0,NOMINAL
VEH_5052,13,2026-08-30T11:16:41.606177,74.15,,44.54,2.391,12.17,11.14,1.03,38.0,0,NOMINAL
VEH_5052,14,2026-08-30T11:17:46.606177,73.41,43.61,44.29,2.8,19.29,18.24,1.05,38.2,0,NOMINAL
VEH_5052,15,2026-08-30T11:18:51.606177,64.63,,44.58,2.688,13.68,12.7,0.98,38.0,0,NOMINAL
VEH_5052,16,2026-08-30T11:19:56.606177,67.47,,45.24,2.66,11.17,10.08,1.09,38.0,0,NOMINAL
VEH_5052,17,2026-08-30T11:21:01.606177,69.96,,47.15,2.664,12.99,11.06,1.93,60.0,0,NOMINAL
VEH_5052,18,2026-08-30T11:22:06.606177,73.98,,47.39,2.93,13.49,12.04,1.45,38.0,0,NOMINAL
VEH_5052,19,2026-08-30T11:23:11.606177,73.79,,46.85,2.979,11.78,9.21,2.57,29.5,0,NOMINAL
VEH_5052,20,2026-08-30T11:24:16.606177,64.32,,47.19,2.724,9.21,6.8,2.41,31.0,0,NOMINAL
VEH_5052,21,2026-08-30T11:25:21.606177,69.4,,46.6,2.944,10.43,7.58,2.85,28.0,0,NOMINAL
VEH_5052,22,2026-08-30T11:26:26.606177,69.19,,48.68,2.844,11.21,8.36,2.85,29.5,0,NOMINAL
VEH_5052,23,2026-08-30T11:27:31.606177,72.43,,48.6,2.82,11.77,9.14,2.63,31.0,0,NOMINAL
VEH_5052,24,2026-08-30T11:28:36.606177,74.85,,48.11,2.739,10.12,7.11,3.01,28.0,0,NOMINAL
VEH_5052,25,2026-08-30T11:29:41.606177,64.39,,50.08,2.618,10.57,7.5,3.07,29.5,0,NOMINAL
VEH_5052,26,2026-08-30T11:30:46.606177,68.82,42.3,49.66,2.807,15.98,13.11,2.87,31.0,0,NOMINAL
VEH_5052,27,2026-08-30T11:31:51.606177,71.62,42.26,50.25,2.862,17.31,13.89,3.42,28.0,0,NOMINAL
VEH_5052,28,2026-08-30T11:32:56.606177,71.79,,48.59,2.847,9.88,7.04,2.84,29.5,0,NOMINAL
VEH_5052,29,2026-08-30T11:34:01.606177,72.92,,50.51,3.157,10.68,7.81,2.87,31.0,0,NOMINAL
VEH_5052,30,2026-08-30T11:35:06.606177,62.3,,52.12,3.152,11.74,8.2,3.54,28.0,0,NOMINAL
VEH_5053,1,2026-08-30T11:04:56.606177,67.33,43.44,39.2,2.254,18.11,17.21,0.9,34.3,0,NOMINAL
VEH_5053,2,2026-08-30T11:06:01.606177,71.13,41.64,39.15,2.414,18.76,18.09,0.67,34.6,0,NOMINAL
VEH_5053,3,2026-08-30T11:07:06.606177,72.45,,40.58,2.322,12.59,11.74,0.85,34.9,0,NOMINAL
VEH_5053,4,2026-08-30T11:08:11.606177,74.66,,40.82,2.218,13.45,12.61,0.84,35.2,0,NOMINAL
VEH_5053,5,2026-08-30T11:09:16.606177,63.52,,41.13,2.345,13.9,13.1,0.8,35.5,0,NOMINAL
VEH_5053,6,2026-08-30T11:10:21.606177,68.68,,42.12,2.522,12.57,11.58,0.99,35.8,0,NOMINAL
VEH_5053,7,2026-08-30T11:11:26.606177,70.22,40.45,41.45,2.295,17.92,17.29,0.63,36.1,0,NOMINAL
VEH_5053,8,2026-08-30T11:12:31.606177,72.07,42.47,40.92,2.648,18.88,18.17,0.71,36.4,0,NOMINAL
VEH_5053,9,2026-08-30T11:13:36.606177,72.93,,42.48,2.335,12.62,11.81,0.81,36.7,0,NOMINAL
VEH_5053,10,2026-08-30T11:14:41.606177,63.85,,42.07,2.656,13.03,12.3,0.73,37.0,0,NOMINAL
VEH_5053,11,2026-08-30T11:15:46.606177,67.28,,43.46,2.773,13.46,12.78,0.68,48.0,0,NOMINAL
VEH_5053,12,2026-08-30T11:16:51.606177,69.85,,42.79,2.766,10.94,10.16,0.78,48.0,0,NOMINAL
VEH_5053,13,2026-08-30T11:17:56.606177,71.6,,45.42,2.478,12.22,11.14,1.08,38.0,0,NOMINAL
VEH_5053,14,2026-08-30T11:19:01.606177,74.14,40.66,45.16,2.847,19.11,18.24,0.87,38.2,0,NOMINAL
VEH_5053,15,2026-08-30T11:20:06.606177,64.41,,45.19,2.45,13.76,12.7,1.06,38.0,0,NOMINAL
VEH_5053,16,2026-08-30T11:21:11.606177,66.6,,46.04,2.721,11.26,10.08,1.18,38.0,0,NOMINAL
VEH_5053,17,2026-08-30T11:22:16.606177,68.47,,45.31,2.448,13.21,11.06,2.15,60.0,0,NOMINAL
VEH_5053,18,2026-08-30T11:23:21.606177,72.58,,46.1,2.897,13.25,12.04,1.21,38.0,0,NOMINAL
VEH_5053,19,2026-08-30T11:24:26.606177,73.86,,47.53,2.628,11.88,9.21,2.67,29.5,0,NOMINAL
VEH_5053,20,2026-08-30T11:25:31.606177,66.21,,46.91,2.897,9.23,6.8,2.43,31.0,0,NOMINAL
VEH_5053,21,2026-08-30T11:26:36.606177,67.21,,48.16,3.16,10.6,7.58,3.02,28.0,0,NOMINAL
VEH_5053,22,2026-08-30T11:27:41.606177,69.58,,48.02,2.961,11.12,8.36,2.76,29.5,0,NOMINAL
VEH_5053,23,2026-08-30T11:28:46.606177,72.45,,49.2,3.259,11.86,9.14,2.72,31.0,0,NOMINAL
VEH_5053,24,2026-08-30T11:29:51.606177,74.57,,49.36,3.099,10.3,7.11,3.19,28.0,0,NOMINAL
VEH_5053,25,2026-08-30T11:30:56.606177,64.03,,49.39,2.805,10.46,7.5,2.96,29.5,0,NOMINAL
VEH_5053,26,2026-08-30T11:32:01.606177,67.06,41.53,49.53,2.743,15.82,13.11,2.71,31.0,0,NOMINAL
VEH_5053,27,2026-08-30T11:33:06.606177,71.75,42.66,50.36,3.087,17.37,13.89,3.48,28.0,0,NOMINAL
VEH_5053,28,2026-08-30T11:34:11.606177,74.92,,50.78,2.871,10.3,7.04,3.26,29.5,0,NOMINAL
VEH_5053,29,2026-08-30T11:35:16.606177,77.29,,50.25,3.051,10.77,7.81,2.96,31.0,0,NOMINAL
VEH_5053,30,2026-08-30T11:36:21.606177,65.2,,49.74,2.953,11.47,8.2,3.27,28.0,0,NOMINAL
VEH_5054,1,2026-08-30T11:06:11.606177,67.57,43.03,37.92,2.246,17.87,17.21,0.66,34.3,0,NOMINAL
VEH_5054,2,2026-08-30T11:07:16.606177,67.67,42.11,38.72,2.286,18.65,18.09,0.56,34.6,0,NOMINAL
VEH_5054,3,2026-08-30T11:08:21.606177,72.93,,41.61,2.171,12.75,11.74,1.01,34.9,0,NOMINAL
VEH_5054,4,2026-08-30T11:09:26.606177,75.89,,40.91,2.523,13.5,12.61,0.89,35.2,0,NOMINAL
VEH_5054,5,2026-08-30T11:10:31.606177,66.46,,39.65,2.347,13.77,13.1,0.67,35.5,0,NOMINAL
VEH_5054,6,2026-08-30T11:11:36.606177,65.88,,42.26,2.411,12.5,11.58,0.92,35.8,0,NOMINAL
VEH_5054,7,2026-08-30T11:12:41.606177,67.85,42.55,41.79,2.436,18.14,17.29,0.85,36.1,0,NOMINAL
VEH_5054,8,2026-08-30T11:13:46.606177,72.36,42.6,41.77,2.457,19.04,18.17,0.87,36.4,0,NOMINAL
VEH_5054,9,2026-08-30T11:14:51.606177,76.22,,42.79,2.37,12.76,11.81,0.95,36.7,0,NOMINAL
VEH_5054,10,2026-08-30T11:15:56.606177,63.65,,42.59,2.49,13.1,12.3,0.8,37.0,0,NOMINAL
VEH_5054,11,2026-08-30T11:17:01.606177,67.85,,44.87,2.61,13.26,12.78,0.48,48.0,0,NOMINAL
VEH_5054,12,2026-08-30T11:18:06.606177,69.44,,42.34,2.932,10.99,10.16,0.83,48.0,0,NOMINAL
VEH_5054,13,2026-08-30T11:19:11.606177,72.4,,44.95,2.654,12.17,11.14,1.03,38.0,0,NOMINAL
VEH_5054,14,2026-08-30T11:20:16.606177,73.63,41.41,44.58,2.672,19.09,18.24,0.85,38.2,0,NOMINAL
VEH_5054,15,2026-08-30T11:21:21.606177,66.39,,47.54,2.858,14.18,12.7,1.48,38.0,0,NOMINAL
VEH_5054,16,2026-08-30T11:22:26.606177,66.25,,45.43,2.86,11.16,10.08,1.08,38.0,0,NOMINAL
VEH_5054,17,2026-08-30T11:23:31.606177,70.62,,44.8,2.401,13.36,11.06,2.3,60.0,0,NOMINAL
VEH_5054,18,2026-08-30T11:24:36.606177,72.01,,47.49,2.852,13.44,12.04,1.4,38.0,0,NOMINAL
VEH_5054,19,2026-08-30T11:25:41.606177,75.72,,47.65,2.945,11.96,9.21,2.75,29.5,0,NOMINAL
VEH_5054,20,2026-08-30T11:26:46.606177,64.72,,46.24,2.619,9.08,6.8,2.28,31.0,0,NOMINAL
VEH_5054,21,2026-08-30T11:27:51.606177,67.65,,48.09,2.624,10.6,7.58,3.02,28.0,0,NOMINAL
VEH_5054,22,2026-08-30T11:28:56.606177,67.1,,47.34,3.02,10.95,8.36,2.59,29.5,0,NOMINAL
VEH_5054,23,2026-08-30T11:30:01.606177,72.82,,48.61,3.109,11.79,9.14,2.65,31.0,0,NOMINAL
VEH_5054,24,2026-08-30T11:31:06.606177,75.53,,49.97,3.332,10.42,7.11,3.31,28.0,0,NOMINAL
VEH_5054,25,2026-08-30T11:32:11.606177,66.09,,47.06,3.275,10.17,7.5,2.67,29.5,0,NOMINAL
VEH_5054,26,2026-08-30T11:33:16.606177,67.3,42.56,50.02,3.173,16.02,13.11,2.91,31.0,0,NOMINAL
VEH_5054,27,2026-08-30T11:34:21.606177,70.95,42.42,50.59,3.383,17.35,13.89,3.46,28.0,0,NOMINAL
VEH_5054,28,2026-08-30T11:35:26.606177,70.95,,49.68,2.943,10.01,7.04,2.97,29.5,0,NOMINAL
VEH_5054,29,2026-08-30T11:36:31.606177,73.37,,51.68,2.996,10.86,7.81,3.05,31.0,0,NOMINAL
VEH_5054,30,2026-08-30T11:37:36.606177,63.91,,50.62,2.852,11.56,8.2,3.36,28.0,0,NOMINAL
VEH_5055,1,2026-08-30T11:07:26.606177,67.74,43.09,38.81,1.892,18.02,17.21,0.81,34.3,0,NOMINAL
VEH_5055,2,2026-08-30T11:08:31.606177,72.3,42.9,38.14,2.47,18.79,18.09,0.7,34.6,0,NOMINAL
VEH_5055,3,2026-08-30T11:09:36.606177,74.22,,40.52,2.528,12.63,11.74,0.89,34.9,0,NOMINAL
VEH_5055,4,2026-08-30T11:10:41.606177,74.96,,40.68,2.447,13.43,12.61,0.82,35.2,0,NOMINAL
VEH_5055,5,2026-08-30T11:11:46.606177,66.08,,40.84,2.597,13.94,13.1,0.84,35.5,0,NOMINAL
VEH_5055,6,2026-08-30T11:12:51.606177,66.38,,41.55,2.398,12.41,11.58,0.83,35.8,0,NOMINAL
VEH_5055,7,2026-08-30T11:13:56.606177,72.44,45.09,42.85,2.573,18.73,17.29,1.44,36.1,0,NOMINAL
VEH_5055,8,2026-08-30T11:15:01.606177,72.49,42.37,42.03,2.665,19.05,18.17,0.88,36.4,0,NOMINAL
VEH_5055,9,2026-08-30T11:16:06.606177,73.95,,42.08,2.65,12.59,11.81,0.78,36.7,0,NOMINAL
VEH_5055,10,2026-08-30T11:17:11.606177,65.07,,44.14,2.509,13.38,12.3,1.08,37.0,0,NOMINAL
VEH_5055,11,2026-08-30T11:18:16.606177,67.78,,43.5,2.804,13.46,12.78,0.68,48.0,0,NOMINAL
VEH_5055,12,2026-08-30T11:19:21.606177,68.83,,42.95,2.746,10.88,10.16,0.72,48.0,0,NOMINAL
VEH_5055,13,2026-08-30T11:20:26.606177,72.67,,45.82,2.833,12.31,11.14,1.17,38.0,0,NOMINAL
VEH_5055,14,2026-08-30T11:21:31.606177,75.21,44.74,45.44,2.603,19.65,18.24,1.41,38.2,0,NOMINAL
VEH_5055,15,2026-08-30T11:22:36.606177,64.7,,44.79,2.855,13.71,12.7,1.01,38.0,0,NOMINAL
VEH_5055,16,2026-08-30T11:23:41.606177,68.07,,45.87,2.903,11.28,10.08,1.2,38.0,0,NOMINAL
VEH_5055,17,2026-08-30T11:24:46.606177,68.96,,45.6,2.712,13.19,11.06,2.13,60.0,0,NOMINAL
VEH_5055,18,2026-08-30T11:25:51.606177,72.85,,46.1,3.082,13.26,12.04,1.22,38.0,0,NOMINAL
VEH_5055,19,2026-08-30T11:26:56.606177,73.89,,45.5,2.634,11.58,9.21,2.37,29.5,0,NOMINAL
VEH_5055,20,2026-08-30T11:28:01.606177,66.47,,47.44,2.85,9.32,6.8,2.52,31.0,0,NOMINAL
VEH_5055,21,2026-08-30T11:29:06.606177,67.86,,48.1,3.011,10.61,7.58,3.03,28.0,0,NOMINAL
VEH_5055,22,2026-08-30T11:30:11.606177,73.35,,47.31,2.892,11.13,8.36,2.77,29.5,0,NOMINAL
VEH_5055,23,2026-08-30T11:31:16.606177,72.15,,47.53,2.991,11.6,9.14,2.46,31.0,0,NOMINAL
VEH_5055,24,2026-08-30T11:32:21.606177,75.09,,47.8,2.83,10.09,7.11,2.98,28.0,0,NOMINAL
VEH_5055,25,2026-08-30T11:33:26.606177,65.53,,49.19,3.066,10.47,7.5,2.97,29.5,0,NOMINAL
VEH_5055,26,2026-08-30T11:34:31.606177,66.31,44.01,49.96,3.046,16.15,13.11,3.04,31.0,0,NOMINAL
VEH_5055,27,2026-08-30T11:35:36.606177,69.79,41.88,50.78,3.532,17.29,13.89,3.4,28.0,0,NOMINAL
VEH_5055,28,2026-08-30T11:36:41.606177,71.84,,49.57,2.884,10.03,7.04,2.99,29.5,0,NOMINAL
VEH_5055,29,2026-08-30T11:37:46.606177,76.33,,51.07,3.099,10.86,7.81,3.05,31.0,0,NOMINAL
VEH_5055,30,2026-08-30T11:38:51.606177,65.56,,51.25,3.314,11.71,8.2,3.51,28.0,0,NOMINAL
VEH_5056,1,2026-08-30T11:08:41.606177,68.9,44.11,39.09,2.342,18.22,17.21,1.01,34.3,0,NOMINAL
VEH_5056,2,2026-08-30T11:09:46.606177,72.92,43.56,39.96,2.656,19.16,18.09,1.07,34.6,0,NOMINAL
VEH_5056,3,2026-08-30T11:10:51.606177,72.21,,40.45,2.282,12.56,11.74,0.82,34.9,0,NOMINAL
VEH_5056,4,2026-08-30T11:11:56.606177,72.26,,41.04,2.069,13.4,12.61,0.79,35.2,0,NOMINAL
VEH_5056,5,2026-08-30T11:13:01.606177,64.65,,41.73,2.174,14.03,13.1,0.93,35.5,0,NOMINAL
VEH_5056,6,2026-08-30T11:14:06.606177,66.95,,41.31,2.317,12.39,11.58,0.81,35.8,0,NOMINAL
VEH_5056,7,2026-08-30T11:15:11.606177,69.71,43.2,41.88,2.567,18.28,17.29,0.99,36.1,0,NOMINAL
VEH_5056,8,2026-08-30T11:16:16.606177,74.91,45.14,41.68,2.564,19.39,18.17,1.22,36.4,0,NOMINAL
VEH_5056,9,2026-08-30T11:17:21.606177,74.01,,43.39,2.538,12.78,11.81,0.97,36.7,0,NOMINAL
VEH_5056,10,2026-08-30T11:18:26.606177,65.44,,43.0,2.616,13.22,12.3,0.92,37.0,0,NOMINAL
VEH_5056,11,2026-08-30T11:19:31.606177,68.05,,42.78,2.522,13.58,12.78,0.8,48.0,0,NOMINAL
VEH_5056,12,2026-08-30T11:20:36.606177,68.84,,43.44,2.496,10.81,10.16,0.65,48.0,0,NOMINAL
VEH_5056,13,2026-08-30T11:21:41.606177,72.95,,44.19,2.496,12.08,11.14,0.94,38.0,0,NOMINAL
VEH_5056,14,2026-08-30T11:22:46.606177,75.55,41.93,46.68,2.706,19.52,18.24,1.28,38.2,0,NOMINAL
VEH_5056,15,2026-08-30T11:23:51.606177,65.27,,46.1,2.468,13.93,12.7,1.23,38.0,0,NOMINAL
VEH_5056,16,2026-08-30T11:24:56.606177,65.88,,45.57,2.929,11.17,10.08,1.09,38.0,0,NOMINAL
VEH_5056,17,2026-08-30T11:26:01.606177,68.7,,47.33,2.764,12.92,11.06,1.86,60.0,0,NOMINAL
VEH_5056,18,2026-08-30T11:27:06.606177,71.61,,45.78,2.927,13.17,12.04,1.13,38.0,0,NOMINAL
VEH_5056,19,2026-08-30T11:28:11.606177,74.4,,47.8,2.934,11.94,9.21,2.73,29.5,0,NOMINAL
VEH_5056,20,2026-08-30T11:29:16.606177,63.65,,46.53,2.938,9.09,6.8,2.29,31.0,0,NOMINAL
VEH_5056,21,2026-08-30T11:30:21.606177,67.77,,48.2,3.018,10.62,7.58,3.04,28.0,0,NOMINAL
VEH_5056,22,2026-08-30T11:31:26.606177,69.14,,46.0,2.949,10.81,8.36,2.45,29.5,0,NOMINAL
VEH_5056,23,2026-08-30T11:32:31.606177,71.88,,47.26,3.109,11.55,9.14,2.41,31.0,0,NOMINAL
VEH_5056,24,2026-08-30T11:33:36.606177,76.23,,47.05,2.986,10.01,7.11,2.9,28.0,0,NOMINAL
VEH_5056,25,2026-08-30T11:34:41.606177,65.89,,49.08,3.028,10.47,7.5,2.97,29.5,0,NOMINAL
VEH_5056,26,2026-08-30T11:35:46.606177,68.3,43.09,50.3,3.168,16.16,13.11,3.05,31.0,0,NOMINAL
VEH_5056,27,2026-08-30T11:36:51.606177,70.28,43.68,48.61,2.947,17.18,13.89,3.29,28.0,0,NOMINAL
VEH_5056,28,2026-08-30T11:37:56.606177,72.72,,49.93,3.028,10.11,7.04,3.07,29.5,0,NOMINAL
VEH_5056,29,2026-08-30T11:39:01.606177,74.34,,50.21,3.107,10.67,7.81,2.86,31.0,0,NOMINAL
VEH_5056,30,2026-08-30T11:40:06.606177,64.91,,52.06,3.073,11.81,8.2,3.61,28.0,0,NOMINAL
VEH_5057,1,2026-08-30T11:09:56.606177,67.72,40.13,39.79,2.111,17.83,17.21,0.62,34.3,0,NOMINAL
VEH_5057,2,2026-08-30T11:11:01.606177,69.95,40.3,40.38,2.49,18.76,18.09,0.67,34.6,0,NOMINAL
VEH_5057,3,2026-08-30T11:12:06.606177,72.9,,39.03,2.187,12.37,11.74,0.63,34.9,0,NOMINAL
VEH_5057,4,2026-08-30T11:13:11.606177,76.89,,41.43,2.173,13.6,12.61,0.99,35.2,0,NOMINAL
VEH_5057,5,2026-08-30T11:14:16.606177,65.65,,41.23,2.099,13.98,13.1,0.88,35.5,0,NOMINAL
VEH_5057,6,2026-08-30T11:15:21.606177,65.23,,41.44,2.408,12.36,11.58,0.78,35.8,0,NOMINAL
VEH_5057,7,2026-08-30T11:16:26.606177,69.67,40.15,41.09,2.185,17.81,17.29,0.52,36.1,0,NOMINAL
VEH_5057,8,2026-08-30T11:17:31.606177,74.56,39.51,40.66,2.547,18.58,18.17,0.41,36.4,0,NOMINAL
VEH_5057,9,2026-08-30T11:18:36.606177,75.55,,40.26,2.432,12.36,11.81,0.55,36.7,0,NOMINAL
VEH_5057,10,2026-08-30T11:19:41.606177,62.73,,44.18,2.211,13.31,12.3,1.01,37.0,0,NOMINAL
VEH_5057,11,2026-08-30T11:20:46.606177,67.61,,44.12,2.187,13.37,12.78,0.59,48.0,0,NOMINAL
VEH_5057,12,2026-08-30T11:21:51.606177,69.39,,43.89,2.285,10.76,10.16,0.6,48.0,0,NOMINAL
VEH_5057,13,2026-08-30T11:22:56.606177,71.68,,45.23,2.371,12.19,11.14,1.05,38.0,0,NOMINAL
VEH_5057,14,2026-08-30T11:24:01.606177,76.1,41.15,45.6,2.698,19.29,18.24,1.05,38.2,0,NOMINAL
VEH_5057,15,2026-08-30T11:25:06.606177,64.94,,44.66,2.664,13.7,12.7,1.0,38.0,0,NOMINAL
VEH_5057,16,2026-08-30T11:26:11.606177,67.14,,45.82,2.744,11.24,10.08,1.16,38.0,0,NOMINAL
VEH_5057,17,2026-08-30T11:27:16.606177,67.87,,45.28,2.534,13.2,11.06,2.14,60.0,0,NOMINAL
VEH_5057,18,2026-08-30T11:28:21.606177,72.87,,46.11,2.799,13.26,12.04,1.22,38.0,0,NOMINAL
VEH_5057,19,2026-08-30T11:29:26.606177,75.56,,46.95,2.776,11.85,9.21,2.64,29.5,0,NOMINAL
VEH_5057,20,2026-08-30T11:30:31.606177,65.94,,48.04,2.827,9.39,6.8,2.59,31.0,0,NOMINAL
VEH_5057,21,2026-08-30T11:31:36.606177,69.77,,47.91,2.702,10.64,7.58,3.06,28.0,0,NOMINAL
VEH_5057,22,2026-08-30T11:32:41.606177,69.64,,48.34,2.693,11.17,8.36,2.81,29.5,0,NOMINAL
VEH_5057,23,2026-08-30T11:33:46.606177,72.65,,49.34,2.763,11.89,9.14,2.75,31.0,0,NOMINAL
VEH_5057,24,2026-08-30T11:34:51.606177,75.44,,48.34,2.986,10.18,7.11,3.07,28.0,0,NOMINAL
VEH_5057,25,2026-08-30T11:35:56.606177,63.75,,48.62,3.038,10.33,7.5,2.83,29.5,0,NOMINAL
VEH_5057,26,2026-08-30T11:37:01.606177,67.82,40.04,49.84,3.03,15.72,13.11,2.61,31.0,0,NOMINAL
VEH_5057,27,2026-08-30T11:38:06.606177,69.77,42.03,50.14,2.975,17.21,13.89,3.32,28.0,0,NOMINAL
VEH_5057,28,2026-08-30T11:39:11.606177,69.81,,49.84,2.951,10.0,7.04,2.96,29.5,0,NOMINAL
VEH_5057,29,2026-08-30T11:40:16.606177,74.94,,50.09,2.952,10.67,7.81,2.86,31.0,0,NOMINAL
VEH_5057,30,2026-08-30T11:41:21.606177,65.02,,51.31,3.058,11.7,8.2,3.5,28.0,0,NOMINAL
VEH_5058,1,2026-08-30T11:11:11.606177,68.19,44.88,38.79,2.195,18.24,17.21,1.03,34.3,0,NOMINAL
VEH_5058,2,2026-08-30T11:12:16.606177,71.74,44.04,39.42,2.469,19.1,18.09,1.01,34.6,0,NOMINAL
VEH_5058,3,2026-08-30T11:13:21.606177,71.64,,41.72,2.64,12.73,11.74,0.99,34.9,0,NOMINAL
VEH_5058,4,2026-08-30T11:14:26.606177,72.73,,41.65,2.43,13.51,12.61,0.9,35.2,0,NOMINAL
VEH_5058,5,2026-08-30T11:15:31.606177,62.53,,39.99,2.226,13.7,13.1,0.6,35.5,0,NOMINAL
VEH_5058,6,2026-08-30T11:16:36.606177,67.63,,41.82,2.496,12.49,11.58,0.91,35.8,0,NOMINAL
VEH_5058,7,2026-08-30T11:17:41.606177,68.91,44.49,42.38,2.336,18.48,17.29,1.19,36.1,0,NOMINAL
VEH_5058,8,2026-08-30T11:18:46.606177,73.3,44.2,42.59,2.742,19.37,18.17,1.2,36.4,0,NOMINAL
VEH_5058,9,2026-08-30T11:19:51.606177,76.06,,42.24,2.512,12.68,11.81,0.87,36.7,0,NOMINAL
VEH_5058,10,2026-08-30T11:20:56.606177,66.44,,42.56,2.549,13.18,12.3,0.88,37.0,0,NOMINAL
VEH_5058,11,2026-08-30T11:22:01.606177,66.51,,42.26,2.863,13.61,12.78,0.83,48.0,0,NOMINAL
VEH_5058,12,2026-08-30T11:23:06.606177,69.55,,44.27,2.879,10.7,10.16,0.54,48.0,0,NOMINAL
VEH_5058,13,2026-08-30T11:24:11.606177,72.21,,44.36,2.59,12.08,11.14,0.94,38.0,0,NOMINAL
VEH_5058,14,2026-08-30T11:25:16.606177,75.61,42.28,44.23,2.89,19.2,18.24,0.96,38.2,0,NOMINAL
VEH_5058,15,2026-08-30T11:26:21.606177,65.11,,44.85,2.738,13.74,12.7,1.04,38.0,0,NOMINAL
VEH_5058,16,2026-08-30T11:27:26.606177,68.32,,45.34,3.104,11.21,10.08,1.13,38.0,0,NOMINAL
VEH_5058,17,2026-08-30T11:28:31.606177,69.82,,46.63,3.177,13.06,11.06,2.0,60.0,0,NOMINAL
VEH_5058,18,2026-08-30T11:29:36.606177,72.59,,47.93,3.08,13.53,12.04,1.49,38.0,0,NOMINAL
VEH_5058,19,2026-08-30T11:30:41.606177,72.54,,46.97,2.853,11.76,9.21,2.55,29.5,0,NOMINAL
VEH_5058,20,2026-08-30T11:31:46.606177,65.05,,47.53,2.788,9.28,6.8,2.48,31.0,0,NOMINAL
VEH_5058,21,2026-08-30T11:32:51.606177,68.36,,48.12,2.997,10.62,7.58,3.04,28.0,0,NOMINAL
VEH_5058,22,2026-08-30T11:33:56.606177,69.47,,48.75,3.144,11.23,8.36,2.87,29.5,0,NOMINAL
VEH_5058,23,2026-08-30T11:35:01.606177,71.24,,47.63,3.124,11.59,9.14,2.45,31.0,0,NOMINAL
VEH_5058,24,2026-08-30T11:36:06.606177,75.25,,48.64,3.125,10.22,7.11,3.11,28.0,0,NOMINAL
VEH_5058,25,2026-08-30T11:37:11.606177,66.61,,48.99,3.269,10.48,7.5,2.98,29.5,0,NOMINAL
VEH_5058,26,2026-08-30T11:38:16.606177,67.12,42.66,48.59,3.076,15.81,13.11,2.7,31.0,0,NOMINAL
VEH_5058,27,2026-08-30T11:39:21.606177,70.84,43.26,48.74,3.228,17.17,13.89,3.28,28.0,0,NOMINAL
VEH_5058,28,2026-08-30T11:40:26.606177,72.9,,52.17,3.0,10.45,7.04,3.41,29.5,0,NOMINAL
VEH_5058,29,2026-08-30T11:41:31.606177,75.04,,50.98,3.348,10.81,7.81,3.0,31.0,0,NOMINAL
VEH_5058,30,2026-08-30T11:42:36.606177,64.4,,51.46,3.292,11.7,8.2,3.5,28.0,0,NOMINAL
VEH_5059,1,2026-08-30T11:12:26.606177,68.09,38.54,38.94,2.156,17.53,17.21,0.32,34.3,0,NOMINAL
VEH_5059,2,2026-08-30T11:13:31.606177,69.91,39.18,40.6,2.176,18.66,18.09,0.57,34.6,0,NOMINAL
VEH_5059,3,2026-08-30T11:14:36.606177,72.87,,39.61,2.383,12.45,11.74,0.71,34.9,0,NOMINAL
VEH_5059,4,2026-08-30T11:15:41.606177,76.6,,38.72,2.247,13.19,12.61,0.58,35.2,0,NOMINAL
VEH_5059,5,2026-08-30T11:16:46.606177,67.82,,40.06,2.167,13.88,13.1,0.78,35.5,0,NOMINAL
VEH_5059,6,2026-08-30T11:17:51.606177,67.74,,40.82,2.284,12.34,11.58,0.76,35.8,0,NOMINAL
VEH_5059,7,2026-08-30T11:18:56.606177,70.51,40.86,42.51,2.481,18.13,17.29,0.84,36.1,0,NOMINAL
VEH_5059,8,2026-08-30T11:20:01.606177,70.88,39.76,41.61,2.258,18.64,18.17,0.47,36.4,0,NOMINAL
VEH_5059,9,2026-08-30T11:21:06.606177,75.77,,41.91,2.449,12.62,11.81,0.81,36.7,0,NOMINAL
VEH_5059,10,2026-08-30T11:22:11.606177,65.75,,43.45,2.302,13.29,12.3,0.99,37.0,0,NOMINAL
VEH_5059,11,2026-08-30T11:23:16.606177,66.97,,44.65,2.413,13.27,12.78,0.49,48.0,0,NOMINAL
VEH_5059,12,2026-08-30T11:24:21.606177,72.72,,44.07,2.245,10.83,10.16,0.67,48.0,0,NOMINAL
VEH_5059,13,2026-08-30T11:25:26.606177,71.93,,44.01,2.411,12.02,11.14,0.88,38.0,0,NOMINAL
VEH_5059,14,2026-08-30T11:26:31.606177,76.8,37.47,45.3,2.515,18.84,18.24,0.6,38.2,0,NOMINAL
VEH_5059,15,2026-08-30T11:27:36.606177,65.43,,46.03,2.797,13.92,12.7,1.22,38.0,0,NOMINAL
VEH_5059,16,2026-08-30T11:28:41.606177,67.67,,45.63,2.703,11.23,10.08,1.15,38.0,0,NOMINAL
VEH_5059,17,2026-08-30T11:29:46.606177,71.41,,47.21,2.442,13.02,11.06,1.96,60.0,0,NOMINAL
VEH_5059,18,2026-08-30T11:30:51.606177,72.37,,45.77,2.692,13.2,12.04,1.16,38.0,0,NOMINAL
VEH_5059,19,2026-08-30T11:31:56.606177,76.06,,47.01,2.549,11.87,9.21,2.66,29.5,0,NOMINAL
VEH_5059,20,2026-08-30T11:33:01.606177,63.66,,46.83,2.911,9.14,6.8,2.34,31.0,0,NOMINAL
VEH_5059,21,2026-08-30T11:34:06.606177,66.24,,47.36,2.774,10.45,7.58,2.87,28.0,0,NOMINAL
VEH_5059,22,2026-08-30T11:35:11.606177,70.8,,47.55,2.735,11.09,8.36,2.73,29.5,0,NOMINAL
VEH_5059,23,2026-08-30T11:36:16.606177,71.64,,48.33,2.554,11.71,9.14,2.57,31.0,0,NOMINAL
VEH_5059,24,2026-08-30T11:37:21.606177,75.64,,49.1,2.938,10.3,7.11,3.19,28.0,0,NOMINAL
VEH_5059,25,2026-08-30T11:38:26.606177,88.36,,54.87,2.791,12.03,7.5,4.53,29.5,1,MICRO_STOPPAGE_PRESSURE_DROP
VEH_5059,26,2026-08-30T11:39:31.606177,68.21,39.08,50.26,2.979,15.69,13.11,2.58,31.0,0,NOMINAL
VEH_5059,27,2026-08-30T11:40:36.606177,70.16,39.35,50.5,3.387,16.96,13.89,3.07,28.0,0,NOMINAL
VEH_5059,28,2026-08-30T11:41:41.606177,71.73,,49.52,2.874,10.01,7.04,2.97,29.5,0,NOMINAL
VEH_5059,29,2026-08-30T11:42:46.606177,75.75,,50.56,2.738,10.77,7.81,2.96,31.0,0,NOMINAL
VEH_5059,30,2026-08-30T11:43:51.606177,65.78,,50.9,2.758,11.66,8.2,3.46,28.0,0,NOMINAL
VEH_5060,1,2026-08-30T11:13:41.606177,66.25,48.87,38.98,2.35,18.67,17.21,1.46,34.3,0,NOMINAL
VEH_5060,2,2026-08-30T11:14:46.606177,70.61,48.7,39.12,2.592,19.55,18.09,1.46,34.6,0,NOMINAL
VEH_5060,3,2026-08-30T11:15:51.606177,72.71,,39.88,2.594,12.49,11.74,0.75,34.9,0,NOMINAL
VEH_5060,4,2026-08-30T11:16:56.606177,74.65,,40.17,2.517,13.35,12.61,0.74,35.2,0,NOMINAL
VEH_5060,5,2026-08-30T11:18:01.606177,66.81,,40.99,2.686,13.98,13.1,0.88,35.5,0,NOMINAL
VEH_5060,6,2026-08-30T11:19:06.606177,66.8,,42.89,2.804,12.62,11.58,1.04,35.8,0,NOMINAL
VEH_5060,7,2026-08-30T11:20:11.606177,70.05,47.51,40.16,2.673,18.53,17.29,1.24,36.1,0,NOMINAL
VEH_5060,8,2026-08-30T11:21:16.606177,70.58,50.42,43.47,2.699,20.14,18.17,1.97,36.4,0,NOMINAL
VEH_5060,9,2026-08-30T11:22:21.606177,74.48,,42.29,2.908,12.63,11.81,0.82,36.7,0,NOMINAL
VEH_5060,10,2026-08-30T11:23:26.606177,63.99,,43.18,2.946,13.2,12.3,0.9,37.0,0,NOMINAL
VEH_5060,11,2026-08-30T11:24:31.606177,67.08,,43.89,2.984,13.39,12.78,0.61,48.0,0,NOMINAL
VEH_5060,12,2026-08-30T11:25:36.606177,71.78,,43.2,3.004,10.93,10.16,0.77,48.0,0,NOMINAL
VEH_5060,13,2026-08-30T11:26:41.606177,72.86,,44.58,2.895,12.13,11.14,0.99,38.0,0,NOMINAL
VEH_5060,14,2026-08-30T11:27:46.606177,74.94,47.24,44.99,2.89,19.86,18.24,1.62,38.2,0,NOMINAL
VEH_5060,15,2026-08-30T11:28:51.606177,64.29,,44.71,2.855,13.69,12.7,0.99,38.0,0,NOMINAL
VEH_5060,16,2026-08-30T11:29:56.606177,67.31,,46.03,3.012,11.28,10.08,1.2,38.0,0,NOMINAL
VEH_5060,17,2026-08-30T11:31:01.606177,70.13,,45.88,2.95,13.18,11.06,2.12,60.0,0,NOMINAL
VEH_5060,18,2026-08-30T11:32:06.606177,73.02,,47.09,3.24,13.41,12.04,1.37,38.0,0,NOMINAL
VEH_5060,19,2026-08-30T11:33:11.606177,75.13,,46.01,2.957,11.69,9.21,2.48,29.5,0,NOMINAL
VEH_5060,20,2026-08-30T11:34:16.606177,64.29,,47.23,3.032,9.22,6.8,2.42,31.0,0,NOMINAL
VEH_5060,21,2026-08-30T11:35:21.606177,68.42,,47.02,2.946,10.46,7.58,2.88,28.0,0,NOMINAL
VEH_5060,22,2026-08-30T11:36:26.606177,70.21,,49.84,3.24,11.42,8.36,3.06,29.5,0,NOMINAL
VEH_5060,23,2026-08-30T11:37:31.606177,73.3,,47.54,3.075,11.64,9.14,2.5,31.0,0,NOMINAL
VEH_5060,24,2026-08-30T11:38:36.606177,75.38,,48.77,3.149,10.24,7.11,3.13,28.0,0,NOMINAL
VEH_5060,25,2026-08-30T11:39:41.606177,67.22,,50.3,3.131,10.69,7.5,3.19,29.5,0,NOMINAL
VEH_5060,26,2026-08-30T11:40:46.606177,66.86,47.28,49.64,3.602,16.49,13.11,3.38,31.0,0,NOMINAL
VEH_5060,27,2026-08-30T11:41:51.606177,67.2,45.76,49.6,3.29,17.47,13.89,3.58,28.0,0,NOMINAL
VEH_5060,28,2026-08-30T11:42:56.606177,72.12,,50.35,3.346,10.15,7.04,3.11,29.5,0,NOMINAL
VEH_5060,29,2026-08-30T11:44:01.606177,75.78,,49.9,3.338,10.67,7.81,2.86,31.0,0,NOMINAL
VEH_5060,30,2026-08-30T11:45:06.606177,66.63,,51.67,3.632,11.81,8.2,3.61,28.0,0,NOMINAL
VEH_5061,1,2026-08-30T11:14:56.606177,65.98,41.97,39.82,2.245,17.99,17.21,0.78,34.3,0,NOMINAL
VEH_5061,2,2026-08-30T11:16:01.606177,69.06,40.62,40.09,2.125,18.72,18.09,0.63,34.6,0,NOMINAL
VEH_5061,3,2026-08-30T11:17:06.606177,70.05,,39.29,2.012,12.32,11.74,0.58,34.9,0,NOMINAL
VEH_5061,4,2026-08-30T11:18:11.606177,74.45,,39.0,2.016,13.17,12.61,0.56,35.2,0,NOMINAL
VEH_5061,5,2026-08-30T11:19:16.606177,67.47,,41.55,2.348,14.09,13.1,0.99,35.5,0,NOMINAL
VEH_5061,6,2026-08-30T11:20:21.606177,67.12,,42.36,2.583,12.55,11.58,0.97,35.8,0,NOMINAL
VEH_5061,7,2026-08-30T11:21:26.606177,69.19,39.1,42.02,2.294,17.82,17.29,0.53,36.1,0,NOMINAL
VEH_5061,8,2026-08-30T11:22:31.606177,72.06,41.35,43.3,2.373,19.11,18.17,0.94,36.4,0,NOMINAL
VEH_5061,9,2026-08-30T11:23:36.606177,75.6,,41.48,2.272,12.55,11.81,0.74,36.7,0,NOMINAL
VEH_5061,10,2026-08-30T11:24:41.606177,64.43,,44.27,2.316,13.38,12.3,1.08,37.0,0,NOMINAL
VEH_5061,11,2026-08-30T11:25:46.606177,66.18,,43.52,2.611,13.41,12.78,0.63,48.0,0,NOMINAL
VEH_5061,12,2026-08-30T11:26:51.606177,69.97,,43.56,2.681,10.82,10.16,0.66,48.0,0,NOMINAL
VEH_5061,13,2026-08-30T11:27:56.606177,71.44,,44.41,2.599,12.06,11.14,0.92,38.0,0,NOMINAL
VEH_5061,14,2026-08-30T11:29:01.606177,74.38,41.08,44.19,2.682,19.02,18.24,0.78,38.2,0,NOMINAL
VEH_5061,15,2026-08-30T11:30:06.606177,65.06,,44.84,2.567,13.73,12.7,1.03,38.0,0,NOMINAL
VEH_5061,16,2026-08-30T11:31:11.606177,68.1,,44.99,2.825,11.15,10.08,1.07,38.0,0,NOMINAL
VEH_5061,17,2026-08-30T11:32:16.606177,70.66,,45.19,2.524,13.3,11.06,2.24,60.0,0,NOMINAL
VEH_5061,18,2026-08-30T11:33:21.606177,75.23,,46.6,2.829,13.41,12.04,1.37,38.0,0,NOMINAL
VEH_5061,19,2026-08-30T11:34:26.606177,74.94,,46.71,2.833,11.79,9.21,2.58,29.5,0,NOMINAL
VEH_5061,20,2026-08-30T11:35:31.606177,63.44,,46.86,2.737,9.14,6.8,2.34,31.0,0,NOMINAL
VEH_5061,21,2026-08-30T11:36:36.606177,67.96,,48.4,3.093,10.65,7.58,3.07,28.0,0,NOMINAL
VEH_5061,22,2026-08-30T11:37:41.606177,69.68,,47.95,3.192,11.12,8.36,2.76,29.5,0,NOMINAL
VEH_5061,23,2026-08-30T11:38:46.606177,71.93,,50.17,2.659,11.99,9.14,2.85,31.0,0,NOMINAL
VEH_5061,24,2026-08-30T11:39:51.606177,75.89,,50.27,2.883,10.48,7.11,3.37,28.0,0,NOMINAL
VEH_5061,25,2026-08-30T11:40:56.606177,64.98,,49.49,2.9,10.5,7.5,3.0,29.5,0,NOMINAL
VEH_5061,26,2026-08-30T11:42:01.606177,65.18,40.91,51.43,2.994,15.98,13.11,2.87,31.0,0,NOMINAL
VEH_5061,27,2026-08-30T11:43:06.606177,68.74,40.85,48.52,2.935,16.79,13.89,2.9,28.0,0,NOMINAL
VEH_5061,28,2026-08-30T11:44:11.606177,73.61,,49.0,3.159,9.99,7.04,2.95,29.5,0,NOMINAL
VEH_5061,29,2026-08-30T11:45:16.606177,74.6,,50.44,3.221,10.72,7.81,2.91,31.0,0,NOMINAL
VEH_5061,30,2026-08-30T11:46:21.606177,64.02,,50.17,3.009,11.5,8.2,3.3,28.0,0,NOMINAL
VEH_5062,1,2026-08-30T11:16:11.606177,66.12,42.07,38.32,1.998,17.78,17.21,0.57,34.3,0,NOMINAL
VEH_5062,2,2026-08-30T11:17:16.606177,68.17,41.53,40.8,2.212,18.91,18.09,0.82,34.6,0,NOMINAL
VEH_5062,3,2026-08-30T11:18:21.606177,72.48,,42.18,2.111,12.83,11.74,1.09,34.9,0,NOMINAL
VEH_5062,4,2026-08-30T11:19:26.606177,76.49,,39.9,2.402,13.36,12.61,0.75,35.2,0,NOMINAL
VEH_5062,5,2026-08-30T11:20:31.606177,63.78,,41.35,2.522,13.94,13.1,0.84,35.5,0,NOMINAL
VEH_5062,6,2026-08-30T11:21:36.606177,66.07,,41.77,2.495,12.43,11.58,0.85,35.8,0,NOMINAL
VEH_5062,7,2026-08-30T11:22:41.606177,70.16,43.48,41.36,2.077,18.25,17.29,0.96,36.1,0,NOMINAL
VEH_5062,8,2026-08-30T11:23:46.606177,71.48,41.2,42.69,2.405,18.98,18.17,0.81,36.4,0,NOMINAL
VEH_5062,9,2026-08-30T11:24:51.606177,74.26,,42.36,2.338,12.64,11.81,0.83,36.7,0,NOMINAL
VEH_5062,10,2026-08-30T11:25:56.606177,63.39,,43.25,2.277,13.19,12.3,0.89,37.0,0,NOMINAL
VEH_5062,11,2026-08-30T11:27:01.606177,67.89,,42.83,2.54,13.57,12.78,0.79,48.0,0,NOMINAL
VEH_5062,12,2026-08-30T11:28:06.606177,69.1,,43.11,2.572,10.86,10.16,0.7,48.0,0,NOMINAL
VEH_5062,13,2026-08-30T11:29:11.606177,72.84,,43.28,2.654,11.94,11.14,0.8,38.0,0,NOMINAL
VEH_5062,14,2026-08-30T11:30:16.606177,73.69,41.35,44.32,2.812,19.05,18.24,0.81,38.2,0,NOMINAL
VEH_5062,15,2026-08-30T11:31:21.606177,66.59,,45.01,2.591,13.8,12.7,1.1,38.0,0,NOMINAL
VEH_5062,16,2026-08-30T11:32:26.606177,69.99,,45.29,2.685,11.25,10.08,1.17,38.0,0,NOMINAL
VEH_5062,17,2026-08-30T11:33:31.606177,69.33,,46.59,2.74,13.05,11.06,1.99,60.0,0,NOMINAL
VEH_5062,18,2026-08-30T11:34:36.606177,70.89,,47.32,3.362,13.38,12.04,1.34,38.0,0,NOMINAL
VEH_5062,19,2026-08-30T11:35:41.606177,74.99,,45.71,2.956,11.64,9.21,2.43,29.5,0,NOMINAL
VEH_5062,20,2026-08-30T11:36:46.606177,65.66,,47.8,2.948,9.34,6.8,2.54,31.0,0,NOMINAL
VEH_5062,21,2026-08-30T11:37:51.606177,66.81,,49.12,2.697,10.73,7.58,3.15,28.0,0,NOMINAL
VEH_5062,22,2026-08-30T11:38:56.606177,69.32,,48.49,2.723,11.19,8.36,2.83,29.5,0,NOMINAL
VEH_5062,23,2026-08-30T11:40:01.606177,69.36,,48.4,3.01,11.65,9.14,2.51,31.0,0,NOMINAL
VEH_5062,24,2026-08-30T11:41:06.606177,75.47,,47.17,2.913,10.0,7.11,2.89,28.0,0,NOMINAL
VEH_5062,25,2026-08-30T11:42:11.606177,64.27,,51.34,3.024,10.76,7.5,3.26,29.5,0,NOMINAL
VEH_5062,26,2026-08-30T11:43:16.606177,68.88,43.77,49.23,3.241,16.09,13.11,2.98,31.0,0,NOMINAL
VEH_5062,27,2026-08-30T11:44:21.606177,70.32,42.24,52.6,3.344,17.62,13.89,3.73,28.0,0,NOMINAL
VEH_5062,28,2026-08-30T11:45:26.606177,74.25,,50.33,3.071,10.21,7.04,3.17,29.5,0,NOMINAL
VEH_5062,29,2026-08-30T11:46:31.606177,74.48,,49.56,3.175,10.58,7.81,2.77,31.0,0,NOMINAL
VEH_5062,30,2026-08-30T11:47:36.606177,63.26,,50.66,3.185,11.55,8.2,3.35,28.0,0,NOMINAL
VEH_5063,1,2026-08-30T11:17:26.606177,68.37,39.27,38.97,2.277,17.62,17.21,0.41,34.3,0,NOMINAL
VEH_5063,2,2026-08-30T11:18:31.606177,69.29,39.67,39.76,2.237,18.57,18.09,0.48,34.6,0,NOMINAL
VEH_5063,3,2026-08-30T11:19:36.606177,71.82,,40.42,2.648,12.54,11.74,0.8,34.9,0,NOMINAL
VEH_5063,4,2026-08-30T11:20:41.606177,74.05,,40.45,2.362,13.37,12.61,0.76,35.2,0,NOMINAL
VEH_5063,5,2026-08-30T11:21:46.606177,64.42,,40.48,2.378,13.83,13.1,0.73,35.5,0,NOMINAL
VEH_5063,6,2026-08-30T11:22:51.606177,66.54,,41.75,2.276,12.44,11.58,0.86,35.8,0,NOMINAL
VEH_5063,7,2026-08-30T11:23:56.606177,72.35,39.52,41.03,2.355,17.81,17.29,0.52,36.1,0,NOMINAL
VEH_5063,8,2026-08-30T11:25:01.606177,71.9,41.99,43.72,2.485,19.24,18.17,1.07,36.4,0,NOMINAL
VEH_5063,9,2026-08-30T11:26:06.606177,76.07,,40.86,2.164,12.47,11.81,0.66,36.7,0,NOMINAL
VEH_5063,10,2026-08-30T11:27:11.606177,64.07,,44.34,2.469,13.38,12.3,1.08,37.0,0,NOMINAL
VEH_5063,11,2026-08-30T11:28:16.606177,68.52,,42.33,2.308,13.66,12.78,0.88,48.0,0,NOMINAL
VEH_5063,12,2026-08-30T11:29:21.606177,69.43,,43.92,2.371,10.75,10.16,0.59,48.0,0,NOMINAL
VEH_5063,13,2026-08-30T11:30:26.606177,73.21,,44.33,2.695,12.11,11.14,0.97,38.0,0,NOMINAL
VEH_5063,14,2026-08-30T11:31:31.606177,74.87,39.5,45.49,2.562,19.05,18.24,0.81,38.2,0,NOMINAL
VEH_5063,15,2026-08-30T11:32:36.606177,65.77,,44.81,2.465,13.75,12.7,1.05,38.0,0,NOMINAL
VEH_5063,16,2026-08-30T11:33:41.606177,66.83,,45.78,2.615,11.23,10.08,1.15,38.0,0,NOMINAL
VEH_5063,17,2026-08-30T11:34:46.606177,68.71,,45.27,2.614,13.23,11.06,2.17,60.0,0,NOMINAL
VEH_5063,18,2026-08-30T11:35:51.606177,73.54,,45.36,2.73,13.17,12.04,1.13,38.0,0,NOMINAL
VEH_5063,19,2026-08-30T11:36:56.606177,76.8,,46.84,2.622,11.87,9.21,2.66,29.5,0,NOMINAL
VEH_5063,20,2026-08-30T11:38:01.606177,66.01,,47.47,3.009,9.31,6.8,2.51,31.0,0,NOMINAL
VEH_5063,21,2026-08-30T11:39:06.606177,68.0,,47.98,2.887,10.59,7.58,3.01,28.0,0,NOMINAL
VEH_5063,22,2026-08-30T11:40:11.606177,69.86,,48.05,3.029,11.14,8.36,2.78,29.5,0,NOMINAL
VEH_5063,23,2026-08-30T11:41:16.606177,71.41,,48.76,2.878,11.77,9.14,2.63,31.0,0,NOMINAL
VEH_5063,24,2026-08-30T11:42:21.606177,74.4,,46.98,3.127,9.94,7.11,2.83,28.0,0,NOMINAL
VEH_5063,25,2026-08-30T11:43:26.606177,65.46,,48.69,2.684,10.4,7.5,2.9,29.5,0,NOMINAL
VEH_5063,26,2026-08-30T11:44:31.606177,67.78,40.39,48.69,3.048,15.59,13.11,2.48,31.0,0,NOMINAL
VEH_5063,27,2026-08-30T11:45:36.606177,67.41,39.24,49.79,3.387,16.76,13.89,2.87,28.0,0,NOMINAL
VEH_5063,28,2026-08-30T11:46:41.606177,70.31,,49.89,3.055,10.03,7.04,2.99,29.5,0,NOMINAL
VEH_5063,29,2026-08-30T11:47:46.606177,76.82,,50.47,3.168,10.79,7.81,2.98,31.0,0,NOMINAL
VEH_5063,30,2026-08-30T11:48:51.606177,63.51,,52.05,3.278,11.77,8.2,3.57,28.0,0,NOMINAL
VEH_5064,1,2026-08-30T11:18:41.606177,69.14,44.42,37.81,2.456,18.07,17.21,0.86,34.3,0,NOMINAL
VEH_5064,2,2026-08-30T11:19:46.606177,69.31,44.22,40.02,2.217,19.13,18.09,1.04,34.6,0,NOMINAL
VEH_5064,3,2026-08-30T11:20:51.606177,71.28,,40.94,2.52,12.6,11.74,0.86,34.9,0,NOMINAL
VEH_5064,4,2026-08-30T11:21:56.606177,75.06,,42.18,2.671,13.66,12.61,1.05,35.2,0,NOMINAL
VEH_5064,5,2026-08-30T11:23:01.606177,64.01,,42.81,2.585,14.17,13.1,1.07,35.5,0,NOMINAL
VEH_5064,6,2026-08-30T11:24:06.606177,67.34,,40.52,2.343,12.28,11.58,0.7,35.8,0,NOMINAL
VEH_5064,7,2026-08-30T11:25:11.606177,70.63,45.04,41.83,2.338,18.52,17.29,1.23,36.1,0,NOMINAL
VEH_5064,8,2026-08-30T11:26:16.606177,74.0,43.95,42.98,2.528,19.42,18.17,1.25,36.4,0,NOMINAL
VEH_5064,9,2026-08-30T11:27:21.606177,75.43,,40.29,2.446,12.36,11.81,0.55,36.7,0,NOMINAL
VEH_5064,10,2026-08-30T11:28:26.606177,64.83,,43.51,2.675,13.28,12.3,0.98,37.0,0,NOMINAL
VEH_5064,11,2026-08-30T11:29:31.606177,68.93,,43.69,2.738,13.47,12.78,0.69,48.0,0,NOMINAL
VEH_5064,12,2026-08-30T11:30:36.606177,71.59,,44.92,2.613,10.67,10.16,0.51,48.0,0,NOMINAL
VEH_5064,13,2026-08-30T11:31:41.606177,74.0,,44.65,2.726,12.18,11.14,1.04,38.0,0,NOMINAL
VEH_5064,14,2026-08-30T11:32:46.606177,76.59,43.9,44.28,2.97,19.42,18.24,1.18,38.2,0,NOMINAL
VEH_5064,15,2026-08-30T11:33:51.606177,66.14,,45.23,2.634,13.82,12.7,1.12,38.0,0,NOMINAL
VEH_5064,16,2026-08-30T11:34:56.606177,67.34,,46.38,3.083,11.33,10.08,1.25,38.0,0,NOMINAL
VEH_5064,17,2026-08-30T11:36:01.606177,68.83,,46.04,2.997,13.12,11.06,2.06,60.0,0,NOMINAL
VEH_5064,18,2026-08-30T11:37:06.606177,71.78,,48.52,2.821,13.59,12.04,1.55,38.0,0,NOMINAL
VEH_5064,19,2026-08-30T11:38:11.606177,74.23,,47.16,2.912,11.84,9.21,2.63,29.5,0,NOMINAL
VEH_5064,20,2026-08-30T11:39:16.606177,65.6,,47.29,2.932,9.27,6.8,2.47,31.0,0,NOMINAL
VEH_5064,21,2026-08-30T11:40:21.606177,66.33,,47.79,3.154,10.51,7.58,2.93,28.0,0,NOMINAL
VEH_5064,22,2026-08-30T11:41:26.606177,70.07,,48.92,2.878,11.27,8.36,2.91,29.5,0,NOMINAL
VEH_5064,23,2026-08-30T11:42:31.606177,70.12,,48.03,3.12,11.62,9.14,2.48,31.0,0,NOMINAL
VEH_5064,24,2026-08-30T11:43:36.606177,75.89,,46.95,3.106,9.98,7.11,2.87,28.0,0,NOMINAL
VEH_5064,25,2026-08-30T11:44:41.606177,65.41,,48.34,3.369,10.34,7.5,2.84,29.5,0,NOMINAL
VEH_5064,26,2026-08-30T11:45:46.606177,67.6,44.15,48.97,3.109,16.06,13.11,2.95,31.0,0,NOMINAL
VEH_5064,27,2026-08-30T11:46:51.606177,71.71,42.13,49.87,3.425,17.24,13.89,3.35,28.0,0,NOMINAL
VEH_5064,28,2026-08-30T11:47:56.606177,72.01,,50.79,3.36,10.21,7.04,3.17,29.5,0,NOMINAL
VEH_5064,29,2026-08-30T11:49:01.606177,74.66,,49.63,3.301,10.6,7.81,2.79,31.0,0,NOMINAL
VEH_5064,30,2026-08-30T11:50:06.606177,66.32,,51.03,3.309,11.7,8.2,3.5,28.0,0,NOMINAL
VEH_5065,1,2026-08-30T11:19:56.606177,66.18,44.13,39.06,2.136,18.13,17.21,0.92,34.3,0,NOMINAL
VEH_5065,2,2026-08-30T11:21:01.606177,70.43,43.74,40.86,2.372,19.24,18.09,1.15,34.6,0,NOMINAL
VEH_5065,3,2026-08-30T11:22:06.606177,73.6,,39.07,2.564,12.4,11.74,0.66,34.9,0,NOMINAL
VEH_5065,4,2026-08-30T11:23:11.606177,75.29,,39.72,2.466,13.3,12.61,0.69,35.2,0,NOMINAL
VEH_5065,5,2026-08-30T11:24:16.606177,63.19,,41.32,2.532,13.92,13.1,0.82,35.5,0,NOMINAL
VEH_5065,6,2026-08-30T11:25:21.606177,66.97,,41.75,2.481,12.46,11.58,0.88,35.8,0,NOMINAL
VEH_5065,7,2026-08-30T11:26:26.606177,71.87,45.08,40.57,2.48,18.37,17.29,1.08,36.1,0,NOMINAL
VEH_5065,8,2026-08-30T11:27:31.606177,73.7,45.05,42.82,2.727,19.52,18.17,1.35,36.4,0,NOMINAL
VEH_5065,9,2026-08-30T11:28:36.606177,74.97,,42.25,2.285,12.64,11.81,0.83,36.7,0,NOMINAL
VEH_5065,10,2026-08-30T11:29:41.606177,65.31,,42.72,2.371,13.17,12.3,0.87,37.0,0,NOMINAL
VEH_5065,11,2026-08-30T11:30:46.606177,69.26,,43.92,2.614,13.45,12.78,0.67,48.0,0,NOMINAL
VEH_5065,12,2026-08-30T11:31:51.606177,69.64,,43.88,2.715,10.76,10.16,0.6,48.0,0,NOMINAL
VEH_5065,13,2026-08-30T11:32:56.606177,71.95,,44.77,2.431,12.13,11.14,0.99,38.0,0,NOMINAL
VEH_5065,14,2026-08-30T11:34:01.606177,75.99,43.47,45.09,2.745,19.48,18.24,1.24,38.2,0,NOMINAL
VEH_5065,15,2026-08-30T11:35:06.606177,65.03,,44.57,2.932,13.69,12.7,0.99,38.0,0,NOMINAL
VEH_5065,16,2026-08-30T11:36:11.606177,65.89,,45.64,2.612,11.18,10.08,1.1,38.0,0,NOMINAL
VEH_5065,17,2026-08-30T11:37:16.606177,67.62,,44.85,2.58,13.26,11.06,2.2,60.0,0,NOMINAL
VEH_5065,18,2026-08-30T11:38:21.606177,73.01,,47.33,2.986,13.45,12.04,1.41,38.0,0,NOMINAL
VEH_5065,19,2026-08-30T11:39:26.606177,75.32,,48.43,2.934,12.06,9.21,2.85,29.5,0,NOMINAL
VEH_5065,20,2026-08-30T11:40:31.606177,63.89,,46.46,2.958,9.09,6.8,2.29,31.0,0,NOMINAL
VEH_5065,21,2026-08-30T11:41:36.606177,65.94,,48.15,3.002,10.56,7.58,2.98,28.0,0,NOMINAL
VEH_5065,22,2026-08-30T11:42:41.606177,68.86,,49.54,2.937,11.33,8.36,2.97,29.5,0,NOMINAL
VEH_5065,23,2026-08-30T11:43:46.606177,70.71,,49.04,3.228,11.79,9.14,2.65,31.0,0,NOMINAL
VEH_5065,24,2026-08-30T11:44:51.606177,73.36,,50.01,3.008,10.36,7.11,3.25,28.0,0,NOMINAL
VEH_5065,25,2026-08-30T11:45:56.606177,65.05,,50.15,3.137,10.6,7.5,3.1,29.5,0,NOMINAL
VEH_5065,26,2026-08-30T11:47:01.606177,68.16,45.05,48.43,3.27,16.1,13.11,2.99,31.0,0,NOMINAL
VEH_5065,27,2026-08-30T11:48:06.606177,69.42,44.09,50.1,3.388,17.43,13.89,3.54,28.0,0,NOMINAL
VEH_5065,28,2026-08-30T11:49:11.606177,72.46,,50.13,3.183,10.13,7.04,3.09,29.5,0,NOMINAL
VEH_5065,29,2026-08-30T11:50:16.606177,75.67,,50.22,2.9,10.72,7.81,2.91,31.0,0,NOMINAL
VEH_5065,30,2026-08-30T11:51:21.606177,64.1,,50.23,3.175,11.51,8.2,3.31,28.0,0,NOMINAL
VEH_5066,1,2026-08-30T11:21:11.606177,64.75,40.63,39.48,2.215,17.75,17.21,0.54,34.3,0,NOMINAL
VEH_5066,2,2026-08-30T11:22:16.606177,69.61,42.35,40.77,1.959,19.04,18.09,0.95,34.6,0,NOMINAL
VEH_5066,3,2026-08-30T11:23:21.606177,72.59,,40.0,2.49,12.5,11.74,0.76,34.9,0,NOMINAL
VEH_5066,4,2026-08-30T11:24:26.606177,75.45,,40.93,2.46,13.49,12.61,0.88,35.2,0,NOMINAL
VEH_5066,5,2026-08-30T11:25:31.606177,62.88,,40.64,2.347,13.81,13.1,0.71,35.5,0,NOMINAL
VEH_5066,6,2026-08-30T11:26:36.606177,66.54,,42.09,2.004,12.5,11.58,0.92,35.8,0,NOMINAL
VEH_5066,7,2026-08-30T11:27:41.606177,67.72,40.89,41.14,2.415,17.85,17.29,0.56,36.1,0,NOMINAL
VEH_5066,8,2026-08-30T11:28:46.606177,71.39,41.63,42.33,2.296,18.98,18.17,0.81,36.4,0,NOMINAL
VEH_5066,9,2026-08-30T11:29:51.606177,73.46,,41.55,2.589,12.49,11.81,0.68,36.7,0,NOMINAL
VEH_5066,10,2026-08-30T11:30:56.606177,64.99,,42.71,2.238,13.16,12.3,0.86,37.0,0,NOMINAL
VEH_5066,11,2026-08-30T11:32:01.606177,67.57,,43.55,2.345,13.45,12.78,0.67,48.0,0,NOMINAL
VEH_5066,12,2026-08-30T11:33:06.606177,70.16,,44.4,2.42,10.7,10.16,0.54,48.0,0,NOMINAL
VEH_5066,13,2026-08-30T11:34:11.606177,73.76,,42.67,2.485,11.87,11.14,0.73,38.0,0,NOMINAL
VEH_5066,14,2026-08-30T11:35:16.606177,76.62,38.69,44.62,2.734,18.88,18.24,0.64,38.2,0,NOMINAL
VEH_5066,15,2026-08-30T11:36:21.606177,64.4,,44.12,2.331,13.6,12.7,0.9,38.0,0,NOMINAL
VEH_5066,16,2026-08-30T11:37:26.606177,67.26,,46.03,2.478,11.28,10.08,1.2,38.0,0,NOMINAL
VEH_5066,17,2026-08-30T11:38:31.606177,70.63,,45.45,2.747,13.26,11.06,2.2,60.0,0,NOMINAL
VEH_5066,18,2026-08-30T11:39:36.606177,72.21,,47.28,2.821,13.42,12.04,1.38,38.0,0,NOMINAL
VEH_5066,19,2026-08-30T11:40:41.606177,73.38,,46.45,2.795,11.71,9.21,2.5,29.5,0,NOMINAL
VEH_5066,20,2026-08-30T11:41:46.606177,64.46,,45.98,2.506,9.04,6.8,2.24,31.0,0,NOMINAL
VEH_5066,21,2026-08-30T11:42:51.606177,68.43,,47.33,2.915,10.51,7.58,2.93,28.0,0,NOMINAL
VEH_5066,22,2026-08-30T11:43:56.606177,69.25,,48.66,2.807,11.21,8.36,2.85,29.5,0,NOMINAL
VEH_5066,23,2026-08-30T11:45:01.606177,72.53,,49.37,2.911,11.89,9.14,2.75,31.0,0,NOMINAL
VEH_5066,24,2026-08-30T11:46:06.606177,74.82,,48.47,2.885,10.18,7.11,3.07,28.0,0,NOMINAL
VEH_5066,25,2026-08-30T11:47:11.606177,66.01,,49.37,2.96,10.52,7.5,3.02,29.5,0,NOMINAL
VEH_5066,26,2026-08-30T11:48:16.606177,66.31,40.2,49.7,2.792,15.67,13.11,2.56,31.0,0,NOMINAL
VEH_5066,27,2026-08-30T11:49:21.606177,68.98,41.66,50.95,3.008,17.26,13.89,3.37,28.0,0,NOMINAL
VEH_5066,28,2026-08-30T11:50:26.606177,71.43,,50.12,2.924,10.1,7.04,3.06,29.5,0,NOMINAL
VEH_5066,29,2026-08-30T11:51:31.606177,76.12,,50.04,3.003,10.7,7.81,2.89,31.0,0,NOMINAL
VEH_5066,30,2026-08-30T11:52:36.606177,65.4,,51.28,3.043,11.71,8.2,3.51,28.0,0,NOMINAL
VEH_5067,1,2026-08-30T11:22:26.606177,67.09,36.4,38.71,2.082,17.22,17.21,0.01,34.3,0,NOMINAL
VEH_5067,2,2026-08-30T11:23:31.606177,68.84,38.26,39.55,2.151,18.37,18.09,0.28,34.6,0,NOMINAL
VEH_5067,3,2026-08-30T11:24:36.606177,73.25,,40.97,2.356,12.67,11.74,0.93,34.9,0,NOMINAL
VEH_5067,4,2026-08-30T11:25:41.606177,75.32,,39.96,2.239,13.34,12.61,0.73,35.2,0,NOMINAL
VEH_5067,5,2026-08-30T11:26:46.606177,65.81,,41.77,2.494,14.07,13.1,0.97,35.5,0,NOMINAL
VEH_5067,6,2026-08-30T11:27:51.606177,66.78,,41.03,2.238,12.34,11.58,0.76,35.8,0,NOMINAL
VEH_5067,7,2026-08-30T11:28:56.606177,69.87,39.27,40.37,2.392,17.61,17.29,0.32,36.1,0,NOMINAL
VEH_5067,8,2026-08-30T11:30:01.606177,72.95,38.2,43.16,2.02,18.76,18.17,0.59,36.4,0,NOMINAL
VEH_5067,9,2026-08-30T11:31:06.606177,75.05,,42.99,2.315,12.76,11.81,0.95,36.7,0,NOMINAL
VEH_5067,10,2026-08-30T11:32:11.606177,65.88,,42.02,2.46,13.09,12.3,0.79,37.0,0,NOMINAL
VEH_5067,11,2026-08-30T11:33:16.606177,67.91,,43.1,2.63,13.53,12.78,0.75,48.0,0,NOMINAL
VEH_5067,12,2026-08-30T11:34:21.606177,69.55,,43.48,2.399,10.82,10.16,0.66,48.0,0,NOMINAL
VEH_5067,13,2026-08-30T11:35:26.606177,73.37,,44.94,2.627,12.2,11.14,1.06,38.0,0,NOMINAL
VEH_5067,14,2026-08-30T11:36:31.606177,72.18,38.37,43.48,2.649,18.53,18.24,0.29,38.2,0,NOMINAL
VEH_5067,15,2026-08-30T11:37:36.606177,67.16,,45.13,2.549,13.84,12.7,1.14,38.0,0,NOMINAL
VEH_5067,16,2026-08-30T11:38:41.606177,66.58,,45.36,2.674,11.16,10.08,1.08,38.0,0,NOMINAL
VEH_5067,17,2026-08-30T11:39:46.606177,70.2,,46.05,2.63,13.16,11.06,2.1,60.0,0,NOMINAL
VEH_5067,18,2026-08-30T11:40:51.606177,72.02,,47.05,2.836,13.38,12.04,1.34,38.0,0,NOMINAL
VEH_5067,19,2026-08-30T11:41:56.606177,75.07,,47.7,2.854,11.94,9.21,2.73,29.5,0,NOMINAL
VEH_5067,20,2026-08-30T11:43:01.606177,63.26,,47.27,2.533,9.19,6.8,2.39,31.0,0,NOMINAL
VEH_5067,21,2026-08-30T11:44:06.606177,65.76,,46.94,2.909,10.37,7.58,2.79,28.0,0,NOMINAL
VEH_5067,22,2026-08-30T11:45:11.606177,69.37,,48.4,2.855,11.17,8.36,2.81,29.5,0,NOMINAL
VEH_5067,23,2026-08-30T11:46:16.606177,71.63,,48.41,2.634,11.72,9.14,2.58,31.0,0,NOMINAL
VEH_5067,24,2026-08-30T11:47:21.606177,73.67,,50.52,2.806,10.45,7.11,3.34,28.0,0,NOMINAL
VEH_5067,25,2026-08-30T11:48:26.606177,65.95,,49.06,2.802,10.47,7.5,2.97,29.5,0,NOMINAL
VEH_5067,26,2026-08-30T11:49:31.606177,68.03,37.96,50.4,2.512,15.57,13.11,2.46,31.0,0,NOMINAL
VEH_5067,27,2026-08-30T11:50:36.606177,67.84,40.54,49.71,3.173,16.91,13.89,3.02,28.0,0,NOMINAL
VEH_5067,28,2026-08-30T11:51:41.606177,73.6,,50.18,2.729,10.17,7.04,3.13,29.5,0,NOMINAL
VEH_5067,29,2026-08-30T11:52:46.606177,74.25,,48.98,2.872,10.49,7.81,2.68,31.0,0,NOMINAL
VEH_5067,30,2026-08-30T11:53:51.606177,64.64,,50.22,3.183,11.53,8.2,3.33,28.0,0,NOMINAL
VEH_5068,1,2026-08-30T11:23:41.606177,65.37,43.01,39.31,1.965,18.01,17.21,0.8,34.3,0,NOMINAL
VEH_5068,2,2026-08-30T11:24:46.606177,69.65,44.32,39.61,2.411,19.1,18.09,1.01,34.6,0,NOMINAL
VEH_5068,3,2026-08-30T11:25:51.606177,73.33,,40.1,2.49,12.54,11.74,0.8,34.9,0,NOMINAL
VEH_5068,4,2026-08-30T11:26:56.606177,74.3,,41.53,2.333,13.54,12.61,0.93,35.2,0,NOMINAL
VEH_5068,5,2026-08-30T11:28:01.606177,64.74,,39.91,2.361,13.76,13.1,0.66,35.5,0,NOMINAL
VEH_5068,6,2026-08-30T11:29:06.606177,67.5,,41.92,2.318,12.5,11.58,0.92,35.8,0,NOMINAL
VEH_5068,7,2026-08-30T11:30:11.606177,70.43,43.86,42.67,2.423,18.5,17.29,1.21,36.1,0,NOMINAL
VEH_5068,8,2026-08-30T11:31:16.606177,73.36,44.32,41.94,2.768,19.29,18.17,1.12,36.4,0,NOMINAL
VEH_5068,9,2026-08-30T11:32:21.606177,74.25,,42.62,2.647,12.68,11.81,0.87,36.7,0,NOMINAL
VEH_5068,10,2026-08-30T11:33:26.606177,64.6,,44.27,2.733,13.38,12.3,1.08,37.0,0,NOMINAL
VEH_5068,11,2026-08-30T11:34:31.606177,66.73,,42.37,2.338,13.6,12.78,0.82,48.0,0,NOMINAL
VEH_5068,12,2026-08-30T11:35:36.606177,70.59,,44.05,2.444,10.77,10.16,0.61,48.0,0,NOMINAL
VEH_5068,13,2026-08-30T11:36:41.606177,73.11,,44.18,2.707,12.08,11.14,0.94,38.0,0,NOMINAL
VEH_5068,14,2026-08-30T11:37:46.606177,75.62,41.56,42.42,2.601,18.84,18.24,0.6,38.2,0,NOMINAL
VEH_5068,15,2026-08-30T11:38:51.606177,65.2,,44.25,2.841,13.65,12.7,0.95,38.0,0,NOMINAL
VEH_5068,16,2026-08-30T11:39:56.606177,67.96,,46.4,3.11,11.36,10.08,1.28,38.0,0,NOMINAL
VEH_5068,17,2026-08-30T11:41:01.606177,70.24,,46.55,3.049,13.08,11.06,2.02,60.0,0,NOMINAL
VEH_5068,18,2026-08-30T11:42:06.606177,71.44,,46.68,2.829,13.3,12.04,1.26,38.0,0,NOMINAL
VEH_5068,19,2026-08-30T11:43:11.606177,73.61,,46.51,2.987,11.72,9.21,2.51,29.5,0,NOMINAL
VEH_5068,20,2026-08-30T11:44:16.606177,66.14,,45.47,2.763,9.01,6.8,2.21,31.0,0,NOMINAL
VEH_5068,21,2026-08-30T11:45:21.606177,70.36,,48.24,2.992,10.7,7.58,3.12,28.0,0,NOMINAL
VEH_5068,22,2026-08-30T11:46:26.606177,68.88,,48.35,3.005,11.15,8.36,2.79,29.5,0,NOMINAL
VEH_5068,23,2026-08-30T11:47:31.606177,72.62,,48.86,2.877,11.82,9.14,2.68,31.0,0,NOMINAL
VEH_5068,24,2026-08-30T11:48:36.606177,75.65,,49.23,3.004,10.32,7.11,3.21,28.0,0,NOMINAL
VEH_5068,25,2026-08-30T11:49:41.606177,63.29,,49.33,3.216,10.43,7.5,2.93,29.5,0,NOMINAL
VEH_5068,26,2026-08-30T11:50:46.606177,68.77,41.5,49.79,3.142,15.91,13.11,2.8,31.0,0,NOMINAL
VEH_5068,27,2026-08-30T11:51:51.606177,70.29,42.14,50.44,3.292,17.28,13.89,3.39,28.0,0,NOMINAL
VEH_5068,28,2026-08-30T11:52:56.606177,71.84,,49.8,3.161,10.06,7.04,3.02,29.5,0,NOMINAL
VEH_5068,29,2026-08-30T11:54:01.606177,75.17,,50.75,3.174,10.78,7.81,2.97,31.0,0,NOMINAL
VEH_5068,30,2026-08-30T11:55:06.606177,64.01,,50.79,3.413,11.59,8.2,3.39,28.0,0,NOMINAL
VEH_5069,1,2026-08-30T11:24:56.606177,67.03,40.56,39.6,2.196,17.83,17.21,0.62,34.3,0,NOMINAL
VEH_5069,2,2026-08-30T11:26:01.606177,68.95,40.68,38.42,2.402,18.48,18.09,0.39,34.6,0,NOMINAL
VEH_5069,3,2026-08-30T11:27:06.606177,74.66,,39.62,2.379,12.51,11.74,0.77,34.9,0,NOMINAL
VEH_5069,4,2026-08-30T11:28:11.606177,76.04,,41.37,2.2,13.57,12.61,0.96,35.2,0,NOMINAL
VEH_5069,5,2026-08-30T11:29:16.606177,64.7,,40.42,2.236,13.83,13.1,0.73,35.5,0,NOMINAL
VEH_5069,6,2026-08-30T11:30:21.606177,66.52,,41.47,2.173,12.4,11.58,0.82,35.8,0,NOMINAL
VEH_5069,7,2026-08-30T11:31:26.606177,69.99,42.73,41.61,2.638,18.2,17.29,0.91,36.1,0,NOMINAL
VEH_5069,8,2026-08-30T11:32:31.606177,72.89,40.89,42.88,2.33,19.02,18.17,0.85,36.4,0,NOMINAL
VEH_5069,9,2026-08-30T11:33:36.606177,72.82,,42.53,2.299,12.62,11.81,0.81,36.7,0,NOMINAL
VEH_5069,10,2026-08-30T11:34:41.606177,64.48,,43.0,2.566,13.19,12.3,0.89,37.0,0,NOMINAL
VEH_5069,11,2026-08-30T11:35:46.606177,66.05,,43.49,2.666,13.41,12.78,0.63,48.0,0,NOMINAL
VEH_5069,12,2026-08-30T11:36:51.606177,67.0,,45.17,2.202,10.49,10.16,0.33,48.0,0,NOMINAL
VEH_5069,13,2026-08-30T11:37:56.606177,73.08,,43.85,2.54,12.03,11.14,0.89,38.0,0,NOMINAL
VEH_5069,14,2026-08-30T11:39:01.606177,74.65,40.76,44.79,2.696,19.08,18.24,0.84,38.2,0,NOMINAL
VEH_5069,15,2026-08-30T11:40:06.606177,64.0,,44.68,2.472,13.67,12.7,0.97,38.0,0,NOMINAL
VEH_5069,16,2026-08-30T11:41:11.606177,66.06,,46.1,2.889,11.25,10.08,1.17,38.0,0,NOMINAL
VEH_5069,17,2026-08-30T11:42:16.606177,71.74,,46.74,2.737,13.1,11.06,2.04,60.0,0,NOMINAL
VEH_5069,18,2026-08-30T11:43:21.606177,75.25,,47.29,2.897,13.51,12.04,1.47,38.0,0,NOMINAL
VEH_5069,19,2026-08-30T11:44:26.606177,73.95,,46.84,2.756,11.78,9.21,2.57,29.5,0,NOMINAL
VEH_5069,20,2026-08-30T11:45:31.606177,67.8,,47.69,2.679,9.39,6.8,2.59,31.0,0,NOMINAL
VEH_5069,21,2026-08-30T11:46:36.606177,67.03,,47.17,2.779,10.44,7.58,2.86,28.0,0,NOMINAL
VEH_5069,22,2026-08-30T11:47:41.606177,70.66,,49.05,3.176,11.31,8.36,2.95,29.5,0,NOMINAL
VEH_5069,23,2026-08-30T11:48:46.606177,73.7,,49.28,2.827,11.91,9.14,2.77,31.0,0,NOMINAL
VEH_5069,24,2026-08-30T11:49:51.606177,74.85,,47.82,3.091,10.08,7.11,2.97,28.0,0,NOMINAL
VEH_5069,25,2026-08-30T11:50:56.606177,64.51,,48.67,2.846,10.36,7.5,2.86,29.5,0,NOMINAL
VEH_5069,26,2026-08-30T11:52:01.606177,65.92,40.76,50.19,3.025,15.8,13.11,2.69,31.0,0,NOMINAL
VEH_5069,27,2026-08-30T11:53:06.606177,69.98,40.07,50.32,3.054,17.01,13.89,3.12,28.0,0,NOMINAL
VEH_5069,28,2026-08-30T11:54:11.606177,72.85,,50.64,2.905,10.22,7.04,3.18,29.5,0,NOMINAL
VEH_5069,29,2026-08-30T11:55:16.606177,75.16,,50.09,2.9,10.68,7.81,2.87,31.0,0,NOMINAL
VEH_5069,30,2026-08-30T11:56:21.606177,66.37,,51.17,3.055,11.72,8.2,3.52,28.0,0,NOMINAL
VEH_5070,1,2026-08-30T11:26:11.606177,69.87,40.35,40.43,2.255,18.01,17.21,0.8,34.3,0,NOMINAL
VEH_5070,2,2026-08-30T11:27:16.606177,67.78,39.71,41.22,2.322,18.75,18.09,0.66,34.6,0,NOMINAL
VEH_5070,3,2026-08-30T11:28:21.606177,74.41,,40.91,2.34,12.7,11.74,0.96,34.9,0,NOMINAL
VEH_5070,4,2026-08-30T11:29:26.606177,77.81,,40.68,2.392,13.52,12.61,0.91,35.2,0,NOMINAL
VEH_5070,5,2026-08-30T11:30:31.606177,63.66,,41.19,2.349,13.92,13.1,0.82,35.5,0,NOMINAL
VEH_5070,6,2026-08-30T11:31:36.606177,66.94,,41.6,2.427,12.43,11.58,0.85,35.8,0,NOMINAL
VEH_5070,7,2026-08-30T11:32:41.606177,67.45,41.0,41.93,2.477,17.97,17.29,0.68,36.1,0,NOMINAL
VEH_5070,8,2026-08-30T11:33:46.606177,73.62,39.94,43.94,2.48,19.09,18.17,0.92,36.4,0,NOMINAL
VEH_5070,9,2026-08-30T11:34:51.606177,75.75,,43.05,2.54,12.79,11.81,0.98,36.7,0,NOMINAL
VEH_5070,10,2026-08-30T11:35:56.606177,66.19,,41.96,2.331,13.08,12.3,0.78,37.0,0,NOMINAL
VEH_5070,11,2026-08-30T11:37:01.606177,69.88,,44.62,2.653,13.36,12.78,0.58,48.0,0,NOMINAL
VEH_5070,12,2026-08-30T11:38:06.606177,70.68,,44.91,2.377,10.64,10.16,0.48,48.0,0,NOMINAL
VEH_5070,13,2026-08-30T11:39:11.606177,72.0,,43.55,2.566,11.95,11.14,0.81,38.0,0,NOMINAL
VEH_5070,14,2026-08-30T11:40:16.606177,76.16,41.67,44.38,2.433,19.17,18.24,0.93,38.2,0,NOMINAL
VEH_5070,15,2026-08-30T11:41:21.606177,67.11,,44.49,2.636,13.74,12.7,1.04,38.0,0,NOMINAL
VEH_5070,16,2026-08-30T11:42:26.606177,66.58,,46.3,2.689,11.3,10.08,1.22,38.0,0,NOMINAL
VEH_5070,17,2026-08-30T11:43:31.606177,67.86,,46.02,2.633,13.09,11.06,2.03,60.0,0,NOMINAL
VEH_5070,18,2026-08-30T11:44:36.606177,72.21,,45.94,2.782,13.22,12.04,1.18,38.0,0,NOMINAL
VEH_5070,19,2026-08-30T11:45:41.606177,77.09,,45.89,2.616,11.74,9.21,2.53,29.5,0,NOMINAL
VEH_5070,20,2026-08-30T11:46:46.606177,67.23,,48.2,3.136,9.45,6.8,2.65,31.0,0,NOMINAL
VEH_5070,21,2026-08-30T11:47:51.606177,66.65,,47.79,2.801,10.52,7.58,2.94,28.0,0,NOMINAL
VEH_5070,22,2026-08-30T11:48:56.606177,70.0,,49.03,2.597,11.29,8.36,2.93,29.5,0,NOMINAL
VEH_5070,23,2026-08-30T11:50:01.606177,71.54,,47.4,2.984,11.57,9.14,2.43,31.0,0,NOMINAL
VEH_5070,24,2026-08-30T11:51:06.606177,75.63,,49.44,2.617,10.35,7.11,3.24,28.0,0,NOMINAL
VEH_5070,25,2026-08-30T11:52:11.606177,66.51,,49.59,3.221,10.56,7.5,3.06,29.5,0,NOMINAL
VEH_5070,26,2026-08-30T11:53:16.606177,67.59,42.0,48.14,2.936,15.68,13.11,2.57,31.0,0,NOMINAL
VEH_5070,27,2026-08-30T11:54:21.606177,69.45,38.51,49.99,3.048,16.77,13.89,2.88,28.0,0,NOMINAL
VEH_5070,28,2026-08-30T11:55:26.606177,71.0,,50.55,3.109,10.15,7.04,3.11,29.5,0,NOMINAL
VEH_5070,29,2026-08-30T11:56:31.606177,73.32,,50.01,2.945,10.61,7.81,2.8,31.0,0,NOMINAL
VEH_5070,30,2026-08-30T11:57:36.606177,63.71,,51.38,2.919,11.67,8.2,3.47,28.0,0,NOMINAL
VEH_5071,1,2026-08-30T11:27:26.606177,69.22,42.22,39.95,2.167,18.14,17.21,0.93,34.3,0,NOMINAL
VEH_5071,2,2026-08-30T11:28:31.606177,69.65,38.81,39.54,2.066,18.45,18.09,0.36,34.6,0,NOMINAL
VEH_5071,3,2026-08-30T11:29:36.606177,73.11,,39.97,2.503,12.51,11.74,0.77,34.9,0,NOMINAL
VEH_5071,4,2026-08-30T11:30:41.606177,74.22,,40.7,2.247,13.41,12.61,0.8,35.2,0,NOMINAL
VEH_5071,5,2026-08-30T11:31:46.606177,65.68,,42.38,2.151,14.16,13.1,1.06,35.5,0,NOMINAL
VEH_5071,6,2026-08-30T11:32:51.606177,67.7,,40.64,2.453,12.31,11.58,0.73,35.8,0,NOMINAL
VEH_5071,7,2026-08-30T11:33:56.606177,68.08,43.13,41.99,2.207,18.24,17.29,0.95,36.1,0,NOMINAL
VEH_5071,8,2026-08-30T11:35:01.606177,69.23,44.16,40.44,2.271,18.92,18.17,0.75,36.4,0,NOMINAL
VEH_5071,9,2026-08-30T11:36:06.606177,74.34,,41.97,2.559,12.58,11.81,0.77,36.7,0,NOMINAL
VEH_5071,10,2026-08-30T11:37:11.606177,63.16,,43.69,2.607,13.25,12.3,0.95,37.0,0,NOMINAL
VEH_5071,11,2026-08-30T11:38:16.606177,66.85,,44.32,2.686,13.31,12.78,0.53,48.0,0,NOMINAL
VEH_5071,12,2026-08-30T11:39:21.606177,67.51,,43.59,2.627,10.74,10.16,0.58,48.0,0,NOMINAL
VEH_5071,13,2026-08-30T11:40:26.606177,75.15,,44.51,2.722,12.19,11.14,1.05,38.0,0,NOMINAL
VEH_5071,14,2026-08-30T11:41:31.606177,73.99,41.85,45.89,2.7,19.35,18.24,1.11,38.2,0,NOMINAL
VEH_5071,15,2026-08-30T11:42:36.606177,64.4,,45.73,2.561,13.85,12.7,1.15,38.0,0,NOMINAL
VEH_5071,16,2026-08-30T11:43:41.606177,67.9,,45.38,2.882,11.2,10.08,1.12,38.0,0,NOMINAL
VEH_5071,17,2026-08-30T11:44:46.606177,71.91,,45.24,2.78,13.33,11.06,2.27,60.0,0,NOMINAL
VEH_5071,18,2026-08-30T11:45:51.606177,73.29,,46.86,2.901,13.39,12.04,1.35,38.0,0,NOMINAL
VEH_5071,19,2026-08-30T11:46:56.606177,75.46,,46.85,2.936,11.83,9.21,2.62,29.5,0,NOMINAL
VEH_5071,20,2026-08-30T11:48:01.606177,64.91,,47.6,2.842,9.29,6.8,2.49,31.0,0,NOMINAL
VEH_5071,21,2026-08-30T11:49:06.606177,66.9,,47.18,2.721,10.44,7.58,2.86,28.0,0,NOMINAL
VEH_5071,22,2026-08-30T11:50:11.606177,69.84,,48.13,2.829,11.15,8.36,2.79,29.5,0,NOMINAL
VEH_5071,23,2026-08-30T11:51:16.606177,74.01,,48.86,2.927,11.86,9.14,2.72,31.0,0,NOMINAL
VEH_5071,24,2026-08-30T11:52:21.606177,73.78,,49.69,2.675,10.33,7.11,3.22,28.0,0,NOMINAL
VEH_5071,25,2026-08-30T11:53:26.606177,66.24,,48.75,3.034,10.43,7.5,2.93,29.5,0,NOMINAL
VEH_5071,26,2026-08-30T11:54:31.606177,67.23,42.81,49.61,3.136,15.99,13.11,2.88,31.0,0,NOMINAL
VEH_5071,27,2026-08-30T11:55:36.606177,69.95,43.16,51.27,3.274,17.51,13.89,3.62,28.0,0,NOMINAL
VEH_5071,28,2026-08-30T11:56:41.606177,72.05,,50.82,3.237,10.22,7.04,3.18,29.5,0,NOMINAL
VEH_5071,29,2026-08-30T11:57:46.606177,74.13,,50.27,2.974,10.68,7.81,2.87,31.0,0,NOMINAL
VEH_5071,30,2026-08-30T11:58:51.606177,67.59,,51.42,3.097,11.8,8.2,3.6,28.0,0,NOMINAL
VEH_5072,1,2026-08-30T11:28:41.606177,66.84,41.58,38.65,1.918,17.79,17.21,0.58,34.3,0,NOMINAL
VEH_5072,2,2026-08-30T11:29:46.606177,71.1,41.05,39.68,2.355,18.77,18.09,0.68,34.6,0,NOMINAL
VEH_5072,3,2026-08-30T11:30:51.606177,68.68,,40.9,2.204,12.52,11.74,0.78,34.9,0,NOMINAL
VEH_5072,4,2026-08-30T11:31:56.606177,73.21,,41.62,2.015,13.52,12.61,0.91,35.2,0,NOMINAL
VEH_5072,5,2026-08-30T11:33:01.606177,65.1,,41.52,2.372,14.01,13.1,0.91,35.5,0,NOMINAL
VEH_5072,6,2026-08-30T11:34:06.606177,68.7,,41.94,2.385,12.54,11.58,0.96,35.8,0,NOMINAL
VEH_5072,7,2026-08-30T11:35:11.606177,69.77,41.82,42.55,2.736,18.23,17.29,0.94,36.1,0,NOMINAL
VEH_5072,8,2026-08-30T11:36:16.606177,72.75,41.47,41.27,2.53,18.84,18.17,0.67,36.4,0,NOMINAL
VEH_5072,9,2026-08-30T11:37:21.606177,75.83,,41.56,2.371,12.57,11.81,0.76,36.7,0,NOMINAL
VEH_5072,10,2026-08-30T11:38:26.606177,64.68,,43.58,2.383,13.28,12.3,0.98,37.0,0,NOMINAL
VEH_5072,11,2026-08-30T11:39:31.606177,66.15,,43.71,2.651,13.38,12.78,0.6,48.0,0,NOMINAL
VEH_5072,12,2026-08-30T11:40:36.606177,68.65,,43.37,2.57,10.81,10.16,0.65,48.0,0,NOMINAL
VEH_5072,13,2026-08-30T11:41:41.606177,70.02,,45.55,2.843,12.19,11.14,1.05,38.0,0,NOMINAL
VEH_5072,14,2026-08-30T11:42:46.606177,75.2,40.72,44.2,2.622,19.0,18.24,0.76,38.2,0,NOMINAL
VEH_5072,15,2026-08-30T11:43:51.606177,62.18,,44.13,2.439,13.54,12.7,0.84,38.0,0,NOMINAL
VEH_5072,16,2026-08-30T11:44:56.606177,69.12,,45.96,2.908,11.33,10.08,1.25,38.0,0,NOMINAL
VEH_5072,17,2026-08-30T11:46:01.606177,72.93,,46.45,2.669,13.18,11.06,2.12,60.0,0,NOMINAL
VEH_5072,18,2026-08-30T11:47:06.606177,73.8,,47.16,2.933,13.45,12.04,1.41,38.0,0,NOMINAL
VEH_5072,19,2026-08-30T11:48:11.606177,74.66,,47.0,2.445,11.83,9.21,2.62,29.5,0,NOMINAL
VEH_5072,20,2026-08-30T11:49:16.606177,64.87,,47.65,2.745,9.3,6.8,2.5,31.0,0,NOMINAL
VEH_5072,21,2026-08-30T11:50:21.606177,66.23,,48.62,2.719,10.63,7.58,3.05,28.0,0,NOMINAL
VEH_5072,22,2026-08-30T11:51:26.606177,69.08,,47.61,2.836,11.05,8.36,2.69,29.5,0,NOMINAL
VEH_5072,23,2026-08-30T11:52:31.606177,71.39,,49.2,3.223,11.83,9.14,2.69,31.0,0,NOMINAL
VEH_5072,24,2026-08-30T11:53:36.606177,75.54,,48.36,3.059,10.18,7.11,3.07,28.0,0,NOMINAL
VEH_5072,25,2026-08-30T11:54:41.606177,63.73,,49.24,3.142,10.43,7.5,2.93,29.5,0,NOMINAL
VEH_5072,26,2026-08-30T11:55:46.606177,66.82,40.79,48.73,2.99,15.61,13.11,2.5,31.0,0,NOMINAL
VEH_5072,27,2026-08-30T11:56:51.606177,68.85,41.45,51.39,2.944,17.3,13.89,3.41,28.0,0,NOMINAL
VEH_5072,28,2026-08-30T11:57:56.606177,72.63,,49.0,3.246,9.96,7.04,2.92,29.5,0,NOMINAL
VEH_5072,29,2026-08-30T11:59:01.606177,73.36,,49.78,3.363,10.58,7.81,2.77,31.0,0,NOMINAL
VEH_5072,30,2026-08-30T12:00:06.606177,66.48,,50.85,3.286,11.68,8.2,3.48,28.0,0,NOMINAL
VEH_5073,1,2026-08-30T11:29:56.606177,67.54,40.29,38.46,2.178,17.64,17.21,0.43,34.3,0,NOMINAL
VEH_5073,2,2026-08-30T11:31:01.606177,69.48,41.37,39.93,2.472,18.8,18.09,0.71,34.6,0,NOMINAL
VEH_5073,3,2026-08-30T11:32:06.606177,71.38,,41.31,2.249,12.66,11.74,0.92,34.9,0,NOMINAL
VEH_5073,4,2026-08-30T11:33:11.606177,73.77,,40.88,2.312,13.43,12.61,0.82,35.2,0,NOMINAL
VEH_5073,5,2026-08-30T11:34:16.606177,64.87,,41.77,2.31,14.04,13.1,0.94,35.5,0,NOMINAL
VEH_5073,6,2026-08-30T11:35:21.606177,67.98,,41.74,2.453,12.49,11.58,0.91,35.8,0,NOMINAL
VEH_5073,7,2026-08-30T11:36:26.606177,72.69,41.46,42.15,2.553,18.22,17.29,0.93,36.1,0,NOMINAL
VEH_5073,8,2026-08-30T11:37:31.606177,71.97,41.7,42.64,2.328,19.05,18.17,0.88,36.4,0,NOMINAL
VEH_5073,9,2026-08-30T11:38:36.606177,73.05,,43.17,2.468,12.72,11.81,0.91,36.7,0,NOMINAL
VEH_5073,10,2026-08-30T11:39:41.606177,64.99,,41.99,2.638,13.05,12.3,0.75,37.0,0,NOMINAL
VEH_5073,11,2026-08-30T11:40:46.606177,67.41,,43.27,2.737,13.49,12.78,0.71,48.0,0,NOMINAL
VEH_5073,12,2026-08-30T11:41:51.606177,69.98,,43.47,2.755,10.84,10.16,0.68,48.0,0,NOMINAL
VEH_5073,13,2026-08-30T11:42:56.606177,72.01,,43.84,2.621,12.0,11.14,0.86,38.0,0,NOMINAL
VEH_5073,14,2026-08-30T11:44:01.606177,75.43,40.39,45.07,2.768,19.1,18.24,0.86,38.2,0,NOMINAL
VEH_5073,15,2026-08-30T11:45:06.606177,62.85,,44.52,2.674,13.62,12.7,0.92,38.0,0,NOMINAL
VEH_5073,16,2026-08-30T11:46:11.606177,68.84,,45.39,2.886,11.23,10.08,1.15,38.0,0,NOMINAL
VEH_5073,17,2026-08-30T11:47:16.606177,69.96,,47.03,2.675,13.0,11.06,1.94,60.0,0,NOMINAL
VEH_5073,18,2026-08-30T11:48:21.606177,73.6,,46.53,3.069,13.35,12.04,1.31,38.0,0,NOMINAL
VEH_5073,19,2026-08-30T11:49:26.606177,74.65,,46.8,2.666,11.8,9.21,2.59,29.5,0,NOMINAL
VEH_5073,20,2026-08-30T11:50:31.606177,66.11,,47.56,2.955,9.32,6.8,2.52,31.0,0,NOMINAL
VEH_5073,21,2026-08-30T11:51:36.606177,67.15,,48.42,2.745,10.63,7.58,3.05,28.0,0,NOMINAL
VEH_5073,22,2026-08-30T11:52:41.606177,68.07,,47.75,3.034,11.04,8.36,2.68,29.5,0,NOMINAL
VEH_5073,23,2026-08-30T11:53:46.606177,73.31,,49.04,2.81,11.87,9.14,2.73,31.0,0,NOMINAL
VEH_5073,24,2026-08-30T11:54:51.606177,75.54,,48.87,3.041,10.26,7.11,3.15,28.0,0,NOMINAL
VEH_5073,25,2026-08-30T11:55:56.606177,64.35,,48.85,3.106,10.39,7.5,2.89,29.5,0,NOMINAL
VEH_5073,26,2026-08-30T11:57:01.606177,67.24,39.05,49.72,3.097,15.57,13.11,2.46,31.0,0,NOMINAL
VEH_5073,27,2026-08-30T11:58:06.606177,71.92,42.53,51.01,3.269,17.46,13.89,3.57,28.0,0,NOMINAL
VEH_5073,28,2026-08-30T11:59:11.606177,74.03,,50.65,3.177,10.25,7.04,3.21,29.5,0,NOMINAL
VEH_5073,29,2026-08-30T12:00:16.606177,73.74,,50.91,3.09,10.76,7.81,2.95,31.0,0,NOMINAL
VEH_5073,30,2026-08-30T12:01:21.606177,63.28,,52.0,3.128,11.75,8.2,3.55,28.0,0,NOMINAL
VEH_5074,1,2026-08-30T11:31:11.606177,68.41,41.7,39.91,2.072,18.05,17.21,0.84,34.3,0,NOMINAL
VEH_5074,2,2026-08-30T11:32:16.606177,70.72,40.09,40.04,2.305,18.71,18.09,0.62,34.6,0,NOMINAL
VEH_5074,3,2026-08-30T11:33:21.606177,71.03,,37.84,2.439,12.13,11.74,0.39,34.9,0,NOMINAL
VEH_5074,4,2026-08-30T11:34:26.606177,74.77,,40.06,2.229,13.33,12.61,0.72,35.2,0,NOMINAL
VEH_5074,5,2026-08-30T11:35:31.606177,64.86,,41.02,2.76,13.93,13.1,0.83,35.5,0,NOMINAL
VEH_5074,6,2026-08-30T11:36:36.606177,67.21,,41.15,2.288,12.38,11.58,0.8,35.8,0,NOMINAL
VEH_5074,7,2026-08-30T11:37:41.606177,72.08,40.61,42.99,2.104,18.23,17.29,0.94,36.1,0,NOMINAL
VEH_5074,8,2026-08-30T11:38:46.606177,72.56,43.0,42.71,2.739,19.23,18.17,1.06,36.4,0,NOMINAL
VEH_5074,9,2026-08-30T11:39:51.606177,74.08,,43.36,2.485,12.78,11.81,0.97,36.7,0,NOMINAL
VEH_5074,10,2026-08-30T11:40:56.606177,67.86,,42.38,2.626,13.2,12.3,0.9,37.0,0,NOMINAL
VEH_5074,11,2026-08-30T11:42:01.606177,66.29,,44.31,2.511,13.3,12.78,0.52,48.0,0,NOMINAL
VEH_5074,12,2026-08-30T11:43:06.606177,69.28,,44.66,2.417,10.64,10.16,0.48,48.0,0,NOMINAL
VEH_5074,13,2026-08-30T11:44:11.606177,71.97,,43.9,2.707,12.0,11.14,0.86,38.0,0,NOMINAL
VEH_5074,14,2026-08-30T11:45:16.606177,75.56,41.02,44.38,2.605,19.07,18.24,0.83,38.2,0,NOMINAL
VEH_5074,15,2026-08-30T11:46:21.606177,66.49,,43.79,2.522,13.62,12.7,0.92,38.0,0,NOMINAL
VEH_5074,16,2026-08-30T11:47:26.606177,64.8,,45.42,2.996,11.11,10.08,1.03,38.0,0,NOMINAL
VEH_5074,17,2026-08-30T11:48:31.606177,70.55,,47.28,2.641,12.98,11.06,1.92,60.0,0,NOMINAL
VEH_5074,18,2026-08-30T11:49:36.606177,72.63,,47.25,3.014,13.43,12.04,1.39,38.0,0,NOMINAL
VEH_5074,19,2026-08-30T11:50:41.606177,75.48,,48.41,2.607,12.06,9.21,2.85,29.5,0,NOMINAL
VEH_5074,20,2026-08-30T11:51:46.606177,65.49,,48.3,2.671,9.41,6.8,2.61,31.0,0,NOMINAL
VEH_5074,21,2026-08-30T11:52:51.606177,65.44,,48.55,2.818,10.6,7.58,3.02,28.0,0,NOMINAL
VEH_5074,22,2026-08-30T11:53:56.606177,69.06,,47.49,3.283,11.03,8.36,2.67,29.5,0,NOMINAL
VEH_5074,23,2026-08-30T11:55:01.606177,71.84,,49.66,2.817,11.91,9.14,2.77,31.0,0,NOMINAL
VEH_5074,24,2026-08-30T11:56:06.606177,74.14,,49.29,2.7,10.28,7.11,3.17,28.0,0,NOMINAL
VEH_5074,25,2026-08-30T11:57:11.606177,64.79,,48.94,2.926,10.41,7.5,2.91,29.5,0,NOMINAL
VEH_5074,26,2026-08-30T11:58:16.606177,67.65,42.33,50.54,3.257,16.09,13.11,2.98,31.0,0,NOMINAL
VEH_5074,27,2026-08-30T11:59:21.606177,70.53,41.99,52.06,3.046,17.51,13.89,3.62,28.0,0,NOMINAL
VEH_5074,28,2026-08-30T12:00:26.606177,71.46,,50.75,3.118,10.19,7.04,3.15,29.5,0,NOMINAL
VEH_5074,29,2026-08-30T12:01:31.606177,75.07,,50.82,2.788,10.79,7.81,2.98,31.0,0,NOMINAL
VEH_5074,30,2026-08-30T12:02:36.606177,67.7,,50.52,3.084,11.67,8.2,3.47,28.0,0,NOMINAL
VEH_5075,1,2026-08-30T11:32:26.606177,68.07,42.92,38.73,2.156,18.0,17.21,0.79,34.3,0,NOMINAL
VEH_5075,2,2026-08-30T11:33:31.606177,69.6,42.13,41.9,2.128,19.19,18.09,1.1,34.6,0,NOMINAL
VEH_5075,3,2026-08-30T11:34:36.606177,72.6,,41.25,2.451,12.69,11.74,0.95,34.9,0,NOMINAL
VEH_5075,4,2026-08-30T11:35:41.606177,75.46,,39.59,2.182,13.29,12.61,0.68,35.2,0,NOMINAL
VEH_5075,5,2026-08-30T11:36:46.606177,66.09,,40.71,2.601,13.92,13.1,0.82,35.5,0,NOMINAL
VEH_5075,6,2026-08-30T11:37:51.606177,68.46,,41.62,2.253,12.48,11.58,0.9,35.8,0,NOMINAL
VEH_5075,7,2026-08-30T11:38:56.606177,70.47,42.55,42.05,2.66,18.26,17.29,0.97,36.1,0,NOMINAL
VEH_5075,8,2026-08-30T11:40:01.606177,73.86,42.27,42.39,2.629,19.14,18.17,0.97,36.4,0,NOMINAL
VEH_5075,9,2026-08-30T11:41:06.606177,76.23,,42.51,2.532,12.72,11.81,0.91,36.7,0,NOMINAL
VEH_5075,10,2026-08-30T11:42:11.606177,65.09,,43.01,2.509,13.21,12.3,0.91,37.0,0,NOMINAL
VEH_5075,11,2026-08-30T11:43:16.606177,66.65,,44.73,2.754,13.25,12.78,0.47,48.0,0,NOMINAL
VEH_5075,12,2026-08-30T11:44:21.606177,69.96,,44.21,2.672,10.73,10.16,0.57,48.0,0,NOMINAL
VEH_5075,13,2026-08-30T11:45:26.606177,69.08,,43.71,2.672,11.89,11.14,0.75,38.0,0,NOMINAL
VEH_5075,14,2026-08-30T11:46:31.606177,76.07,42.31,45.43,2.556,19.39,18.24,1.15,38.2,0,NOMINAL
VEH_5075,15,2026-08-30T11:47:36.606177,66.24,,45.43,2.558,13.86,12.7,1.16,38.0,0,NOMINAL
VEH_5075,16,2026-08-30T11:48:41.606177,68.38,,45.21,2.752,11.19,10.08,1.11,38.0,0,NOMINAL
VEH_5075,17,2026-08-30T11:49:46.606177,68.49,,45.98,2.86,13.11,11.06,2.05,60.0,0,NOMINAL
VEH_5075,18,2026-08-30T11:50:51.606177,71.22,,46.29,2.972,13.24,12.04,1.2,38.0,0,NOMINAL
VEH_5075,19,2026-08-30T11:51:56.606177,74.76,,47.23,2.743,11.86,9.21,2.65,29.5,0,NOMINAL
VEH_5075,20,2026-08-30T11:53:01.606177,68.43,,46.62,2.905,9.25,6.8,2.45,31.0,0,NOMINAL
VEH_5075,21,2026-08-30T11:54:06.606177,68.66,,45.9,2.679,10.3,7.58,2.72,28.0,0,NOMINAL
VEH_5075,22,2026-08-30T11:55:11.606177,70.38,,47.37,2.885,11.05,8.36,2.69,29.5,0,NOMINAL
VEH_5075,23,2026-08-30T11:56:16.606177,72.42,,48.38,2.841,11.74,9.14,2.6,31.0,0,NOMINAL
VEH_5075,24,2026-08-30T11:57:21.606177,75.94,,49.28,2.984,10.33,7.11,3.22,28.0,0,NOMINAL
VEH_5075,25,2026-08-30T11:58:26.606177,63.16,,49.7,2.927,10.48,7.5,2.98,29.5,0,NOMINAL
VEH_5075,26,2026-08-30T11:59:31.606177,66.35,42.84,50.55,3.153,16.1,13.11,2.99,31.0,0,NOMINAL
VEH_5075,27,2026-08-30T12:00:36.606177,69.47,41.29,49.82,3.285,17.06,13.89,3.17,28.0,0,NOMINAL
VEH_5075,28,2026-08-30T12:01:41.606177,71.41,,50.11,3.215,10.09,7.04,3.05,29.5,0,NOMINAL
VEH_5075,29,2026-08-30T12:02:46.606177,76.18,,49.86,3.001,10.68,7.81,2.87,31.0,0,NOMINAL
VEH_5075,30,2026-08-30T12:03:51.606177,63.84,,51.68,3.358,11.72,8.2,3.52,28.0,0,NOMINAL
VEH_5076,1,2026-08-30T11:33:41.606177,68.66,40.07,40.26,2.045,17.92,17.21,0.71,34.3,0,NOMINAL
VEH_5076,2,2026-08-30T11:34:46.606177,71.34,42.41,39.81,1.954,18.96,18.09,0.87,34.6,0,NOMINAL
VEH_5076,3,2026-08-30T11:35:51.606177,72.65,,40.51,2.386,12.58,11.74,0.84,34.9,0,NOMINAL
VEH_5076,4,2026-08-30T11:36:56.606177,74.98,,42.38,2.286,13.69,12.61,1.08,35.2,0,NOMINAL
VEH_5076,5,2026-08-30T11:38:01.606177,65.22,,39.23,2.145,13.67,13.1,0.57,35.5,0,NOMINAL
VEH_5076,6,2026-08-30T11:39:06.606177,68.52,,42.1,2.296,12.56,11.58,0.98,35.8,0,NOMINAL
VEH_5076,7,2026-08-30T11:40:11.606177,68.81,39.69,42.47,2.07,17.94,17.29,0.65,36.1,0,NOMINAL
VEH_5076,8,2026-08-30T11:41:16.606177,71.32,39.54,42.74,2.688,18.8,18.17,0.63,36.4,0,NOMINAL
VEH_5076,9,2026-08-30T11:42:21.606177,74.93,,42.61,2.533,12.7,11.81,0.89,36.7,0,NOMINAL
VEH_5076,10,2026-08-30T11:43:26.606177,62.91,,44.39,2.583,13.35,12.3,1.05,37.0,0,NOMINAL
VEH_5076,11,2026-08-30T11:44:31.606177,67.24,,43.63,2.515,13.43,12.78,0.65,48.0,0,NOMINAL
VEH_5076,12,2026-08-30T11:45:36.606177,68.99,,43.82,2.283,10.75,10.16,0.59,48.0,0,NOMINAL
VEH_5076,13,2026-08-30T11:46:41.606177,71.34,,43.41,2.592,11.91,11.14,0.77,38.0,0,NOMINAL
VEH_5076,14,2026-08-30T11:47:46.606177,76.42,40.76,44.49,2.745,19.09,18.24,0.85,38.2,0,NOMINAL
VEH_5076,15,2026-08-30T11:48:51.606177,65.02,,44.34,2.724,13.66,12.7,0.96,38.0,0,NOMINAL
VEH_5076,16,2026-08-30T11:49:56.606177,68.08,,46.42,2.722,11.36,10.08,1.28,38.0,0,NOMINAL
VEH_5076,17,2026-08-30T11:51:01.606177,69.55,,43.66,2.775,13.5,11.06,2.44,60.0,0,NOMINAL
VEH_5076,18,2026-08-30T11:52:06.606177,71.17,,46.49,2.885,13.27,12.04,1.23,38.0,0,NOMINAL
VEH_5076,19,2026-08-30T11:53:11.606177,76.85,,46.87,2.858,11.88,9.21,2.67,29.5,0,NOMINAL
VEH_5076,20,2026-08-30T11:54:16.606177,65.16,,47.28,2.566,9.25,6.8,2.45,31.0,0,NOMINAL
VEH_5076,21,2026-08-30T11:55:21.606177,66.69,,47.64,2.874,10.5,7.58,2.92,28.0,0,NOMINAL
VEH_5076,22,2026-08-30T11:56:26.606177,68.54,,47.4,3.019,11.0,8.36,2.64,29.5,0,NOMINAL
VEH_5076,23,2026-08-30T11:57:31.606177,72.97,,48.72,2.947,11.81,9.14,2.67,31.0,0,NOMINAL
VEH_5076,24,2026-08-30T11:58:36.606177,73.26,,47.27,2.869,9.95,7.11,2.84,28.0,0,NOMINAL
VEH_5076,25,2026-08-30T11:59:41.606177,68.63,,49.78,3.134,10.66,7.5,3.16,29.5,0,NOMINAL
VEH_5076,26,2026-08-30T12:00:46.606177,68.1,39.59,50.57,2.948,15.79,13.11,2.68,31.0,0,NOMINAL
VEH_5076,27,2026-08-30T12:01:51.606177,70.93,41.2,51.44,3.141,17.34,13.89,3.45,28.0,0,NOMINAL
VEH_5076,28,2026-08-30T12:02:56.606177,71.59,,49.57,2.925,10.02,7.04,2.98,29.5,0,NOMINAL
VEH_5076,29,2026-08-30T12:04:01.606177,74.11,,49.85,2.802,10.61,7.81,2.8,31.0,0,NOMINAL
VEH_5076,30,2026-08-30T12:05:06.606177,63.85,,51.09,2.812,11.63,8.2,3.43,28.0,0,NOMINAL
VEH_5077,1,2026-08-30T11:34:56.606177,67.72,39.61,39.14,2.228,17.67,17.21,0.46,34.3,0,NOMINAL
VEH_5077,2,2026-08-30T11:36:01.606177,71.1,41.58,39.06,2.065,18.74,18.09,0.65,34.6,0,NOMINAL
VEH_5077,3,2026-08-30T11:37:06.606177,73.62,,39.44,2.37,12.45,11.74,0.71,34.9,0,NOMINAL
VEH_5077,4,2026-08-30T11:38:11.606177,73.78,,42.04,2.329,13.6,12.61,0.99,35.2,0,NOMINAL
VEH_5077,5,2026-08-30T11:39:16.606177,64.71,,41.76,2.506,14.04,13.1,0.94,35.5,0,NOMINAL
VEH_5077,6,2026-08-30T11:40:21.606177,67.29,,41.96,2.337,12.5,11.58,0.92,35.8,0,NOMINAL
VEH_5077,7,2026-08-30T11:41:26.606177,68.68,40.83,41.49,2.176,17.92,17.29,0.63,36.1,0,NOMINAL
VEH_5077,8,2026-08-30T11:42:31.606177,71.45,39.94,42.89,2.615,18.87,18.17,0.7,36.4,0,NOMINAL
VEH_5077,9,2026-08-30T11:43:36.606177,77.27,,41.43,2.563,12.59,11.81,0.78,36.7,0,NOMINAL
VEH_5077,10,2026-08-30T11:44:41.606177,63.39,,43.61,2.481,13.25,12.3,0.95,37.0,0,NOMINAL
VEH_5077,11,2026-08-30T11:45:46.606177,66.11,,44.99,2.525,13.19,12.78,0.41,48.0,0,NOMINAL
VEH_5077,12,2026-08-30T11:46:51.606177,70.86,,44.73,2.747,10.67,10.16,0.51,48.0,0,NOMINAL
VEH_5077,13,2026-08-30T11:47:56.606177,72.65,,45.05,2.733,12.2,11.14,1.06,38.0,0,NOMINAL
VEH_5077,14,2026-08-30T11:49:01.606177,74.3,40.05,44.04,2.473,18.87,18.24,0.63,38.2,0,NOMINAL
VEH_5077,15,2026-08-30T11:50:06.606177,65.14,,45.98,2.479,13.9,12.7,1.2,38.0,0,NOMINAL
VEH_5077,16,2026-08-30T11:51:11.606177,67.36,,44.96,2.671,11.12,10.08,1.04,38.0,0,NOMINAL
VEH_5077,17,2026-08-30T11:52:16.606177,69.34,,46.33,2.804,13.09,11.06,2.03,60.0,0,NOMINAL
VEH_5077,18,2026-08-30T11:53:21.606177,73.41,,46.89,2.68,13.4,12.04,1.36,38.0,0,NOMINAL
VEH_5077,19,2026-08-30T11:54:26.606177,76.24,,48.62,2.765,12.12,9.21,2.91,29.5,0,NOMINAL
VEH_5077,20,2026-08-30T11:55:31.606177,66.0,,47.35,2.79,9.29,6.8,2.49,31.0,0,NOMINAL
VEH_5077,21,2026-08-30T11:56:36.606177,67.98,,49.05,2.628,10.75,7.58,3.17,28.0,0,NOMINAL
VEH_5077,22,2026-08-30T11:57:41.606177,69.86,,49.17,2.899,11.3,8.36,2.94,29.5,0,NOMINAL
VEH_5077,23,2026-08-30T11:58:46.606177,72.96,,48.0,2.793,11.7,9.14,2.56,31.0,0,NOMINAL
VEH_5077,24,2026-08-30T11:59:51.606177,72.74,,49.66,2.77,10.29,7.11,3.18,28.0,0,NOMINAL
VEH_5077,25,2026-08-30T12:00:56.606177,65.09,,50.07,2.847,10.59,7.5,3.09,29.5,0,NOMINAL
VEH_5077,26,2026-08-30T12:02:01.606177,65.17,41.14,49.55,2.971,15.72,13.11,2.61,31.0,0,NOMINAL
VEH_5077,27,2026-08-30T12:03:06.606177,69.26,39.74,50.96,3.244,17.05,13.89,3.16,28.0,0,NOMINAL
VEH_5077,28,2026-08-30T12:04:11.606177,70.83,,49.55,2.9,9.99,7.04,2.95,29.5,0,NOMINAL
VEH_5077,29,2026-08-30T12:05:16.606177,75.78,,49.35,3.028,10.59,7.81,2.78,31.0,0,NOMINAL
VEH_5077,30,2026-08-30T12:06:21.606177,64.69,,51.22,3.175,11.68,8.2,3.48,28.0,0,NOMINAL
VEH_5078,1,2026-08-30T11:36:11.606177,67.83,40.07,39.22,2.314,17.74,17.21,0.53,34.3,0,NOMINAL
VEH_5078,2,2026-08-30T11:37:16.606177,69.1,38.27,40.34,2.207,18.49,18.09,0.4,34.6,0,NOMINAL
VEH_5078,3,2026-08-30T11:38:21.606177,72.59,,40.59,2.241,12.59,11.74,0.85,34.9,0,NOMINAL
VEH_5078,4,2026-08-30T11:39:26.606177,76.15,,38.97,2.322,13.21,12.61,0.6,35.2,0,NOMINAL
VEH_5078,5,2026-08-30T11:40:31.606177,63.33,,40.55,2.386,13.81,13.1,0.71,35.5,0,NOMINAL
VEH_5078,6,2026-08-30T11:41:36.606177,66.79,,40.85,2.104,12.32,11.58,0.74,35.8,0,NOMINAL
VEH_5078,7,2026-08-30T11:42:41.606177,69.65,39.76,41.58,2.418,17.84,17.29,0.55,36.1,0,NOMINAL
VEH_5078,8,2026-08-30T11:43:46.606177,72.26,40.58,43.4,2.862,19.05,18.17,0.88,36.4,0,NOMINAL
VEH_5078,9,2026-08-30T11:44:51.606177,76.33,,41.4,2.587,12.56,11.81,0.75,36.7,0,NOMINAL
VEH_5078,10,2026-08-30T11:45:56.606177,64.05,,44.48,2.665,13.4,12.3,1.1,37.0,0,NOMINAL
VEH_5078,11,2026-08-30T11:47:01.606177,67.81,,43.68,2.84,13.44,12.78,0.66,48.0,0,NOMINAL
VEH_5078,12,2026-08-30T11:48:06.606177,71.16,,45.85,2.527,10.52,10.16,0.36,48.0,0,NOMINAL
VEH_5078,13,2026-08-30T11:49:11.606177,73.97,,42.82,2.872,11.9,11.14,0.76,38.0,0,NOMINAL
VEH_5078,14,2026-08-30T11:50:16.606177,75.38,40.38,43.98,2.704,18.94,18.24,0.7,38.2,0,NOMINAL
VEH_5078,15,2026-08-30T11:51:21.606177,63.58,,44.97,2.787,13.71,12.7,1.01,38.0,0,NOMINAL
VEH_5078,16,2026-08-30T11:52:26.606177,67.87,,45.99,2.72,11.29,10.08,1.21,38.0,0,NOMINAL
VEH_5078,17,2026-08-30T11:53:31.606177,68.27,,45.62,2.64,13.16,11.06,2.1,60.0,0,NOMINAL
VEH_5078,18,2026-08-30T11:54:36.606177,73.65,,46.11,2.806,13.29,12.04,1.25,38.0,0,NOMINAL
VEH_5078,19,2026-08-30T11:55:41.606177,73.69,,47.83,2.981,11.92,9.21,2.71,29.5,0,NOMINAL
VEH_5078,20,2026-08-30T11:56:46.606177,66.17,,47.77,2.768,9.36,6.8,2.56,31.0,0,NOMINAL
VEH_5078,21,2026-08-30T11:57:51.606177,67.22,,48.83,2.579,10.7,7.58,3.12,28.0,0,NOMINAL
VEH_5078,22,2026-08-30T11:58:56.606177,69.31,,49.28,3.014,11.3,8.36,2.94,29.5,0,NOMINAL
VEH_5078,23,2026-08-30T12:00:01.606177,71.35,,46.73,3.346,11.46,9.14,2.32,31.0,0,NOMINAL
VEH_5078,24,2026-08-30T12:01:06.606177,73.97,,48.56,3.128,10.16,7.11,3.05,28.0,0,NOMINAL
VEH_5078,25,2026-08-30T12:02:11.606177,65.04,,49.56,3.218,10.51,7.5,3.01,29.5,0,NOMINAL
VEH_5078,26,2026-08-30T12:03:16.606177,67.16,38.62,51.07,3.15,15.72,13.11,2.61,31.0,0,NOMINAL
VEH_5078,27,2026-08-30T12:04:21.606177,69.62,41.49,49.97,3.065,17.11,13.89,3.22,28.0,0,NOMINAL
VEH_5078,28,2026-08-30T12:05:26.606177,74.79,,50.92,3.203,10.32,7.04,3.28,29.5,0,NOMINAL
VEH_5078,29,2026-08-30T12:06:31.606177,74.63,,50.98,2.941,10.8,7.81,2.99,31.0,0,NOMINAL
VEH_5078,30,2026-08-30T12:07:36.606177,64.31,,50.94,2.969,11.62,8.2,3.42,28.0,0,NOMINAL
VEH_5079,1,2026-08-30T11:37:26.606177,67.69,38.31,39.69,1.978,17.6,17.21,0.39,34.3,0,NOMINAL
VEH_5079,2,2026-08-30T11:38:31.606177,70.68,37.56,39.98,2.327,18.4,18.09,0.31,34.6,0,NOMINAL
VEH_5079,3,2026-08-30T11:39:36.606177,72.42,,40.25,2.167,12.53,11.74,0.79,34.9,0,NOMINAL
VEH_5079,4,2026-08-30T11:40:41.606177,75.39,,40.88,2.474,13.48,12.61,0.87,35.2,0,NOMINAL
VEH_5079,5,2026-08-30T11:41:46.606177,65.1,,41.25,2.309,13.97,13.1,0.87,35.5,0,NOMINAL
VEH_5079,6,2026-08-30T11:42:51.606177,66.82,,42.59,2.51,12.58,11.58,1.0,35.8,0,NOMINAL
VEH_5079,7,2026-08-30T11:43:56.606177,70.09,38.36,42.13,2.18,17.78,17.29,0.49,36.1,0,NOMINAL
VEH_5079,8,2026-08-30T11:45:01.606177,71.71,37.97,41.87,2.35,18.5,18.17,0.33,36.4,0,NOMINAL
VEH_5079,9,2026-08-30T11:46:06.606177,73.46,,42.76,2.21,12.67,11.81,0.86,36.7,0,NOMINAL
VEH_5079,10,2026-08-30T11:47:11.606177,66.69,,43.86,2.787,13.38,12.3,1.08,37.0,0,NOMINAL
VEH_5079,11,2026-08-30T11:48:16.606177,66.12,,45.23,2.742,13.15,12.78,0.37,48.0,0,NOMINAL
VEH_5079,12,2026-08-30T11:49:21.606177,69.73,,44.09,2.381,10.74,10.16,0.58,48.0,0,NOMINAL
VEH_5079,13,2026-08-30T11:50:26.606177,71.8,,43.05,2.634,11.87,11.14,0.73,38.0,0,NOMINAL
VEH_5079,14,2026-08-30T11:51:31.606177,74.61,39.63,44.6,2.61,18.92,18.24,0.68,38.2,0,NOMINAL
VEH_5079,15,2026-08-30T11:52:36.606177,63.21,,45.66,2.552,13.8,12.7,1.1,38.0,0,NOMINAL
VEH_5079,16,2026-08-30T11:53:41.606177,69.43,,46.41,2.64,11.4,10.08,1.32,38.0,0,NOMINAL
VEH_5079,17,2026-08-30T11:54:46.606177,70.83,,47.09,2.554,13.02,11.06,1.96,60.0,0,NOMINAL
VEH_5079,18,2026-08-30T11:55:51.606177,72.04,,45.82,2.909,13.19,12.04,1.15,38.0,0,NOMINAL
VEH_5079,19,2026-08-30T11:56:56.606177,76.42,,48.03,2.64,12.04,9.21,2.83,29.5,0,NOMINAL
VEH_5079,20,2026-08-30T11:58:01.606177,66.02,,46.82,2.799,9.21,6.8,2.41,31.0,0,NOMINAL
VEH_5079,21,2026-08-30T11:59:06.606177,68.57,,47.85,2.608,10.59,7.58,3.01,28.0,0,NOMINAL
VEH_5079,22,2026-08-30T12:00:11.606177,71.08,,49.49,2.874,11.39,8.36,3.03,29.5,0,NOMINAL
VEH_5079,23,2026-08-30T12:01:16.606177,71.12,,49.44,2.683,11.86,9.14,2.72,31.0,0,NOMINAL
VEH_5079,24,2026-08-30T12:02:21.606177,75.1,,48.35,2.747,10.17,7.11,3.06,28.0,0,NOMINAL
VEH_5079,25,2026-08-30T12:03:26.606177,65.45,,48.94,3.087,10.43,7.5,2.93,29.5,0,NOMINAL
VEH_5079,26,2026-08-30T12:04:31.606177,67.53,38.73,49.42,3.112,15.5,13.11,2.39,31.0,0,NOMINAL
VEH_5079,27,2026-08-30T12:05:36.606177,69.98,39.74,50.69,2.927,17.03,13.89,3.14,28.0,0,NOMINAL
VEH_5079,28,2026-08-30T12:06:41.606177,71.4,,49.29,3.046,9.97,7.04,2.93,29.5,0,NOMINAL
VEH_5079,29,2026-08-30T12:07:46.606177,74.8,,50.76,2.991,10.77,7.81,2.96,31.0,0,NOMINAL
VEH_5079,30,2026-08-30T12:08:51.606177,64.83,,53.17,3.24,11.97,8.2,3.77,28.0,0,NOMINAL
VEH_5080,1,2026-08-30T11:38:41.606177,68.13,44.22,41.34,2.261,18.54,17.21,1.33,34.3,0,NOMINAL
VEH_5080,2,2026-08-30T11:39:46.606177,70.65,44.01,40.0,2.272,19.15,18.09,1.06,34.6,0,NOMINAL
VEH_5080,3,2026-08-30T11:40:51.606177,74.23,,39.59,2.447,12.49,11.74,0.75,34.9,0,NOMINAL
VEH_5080,4,2026-08-30T11:41:56.606177,73.26,,40.81,2.304,13.4,12.61,0.79,35.2,0,NOMINAL
VEH_5080,5,2026-08-30T11:43:01.606177,63.95,,40.88,2.426,13.88,13.1,0.78,35.5,0,NOMINAL
VEH_5080,6,2026-08-30T11:44:06.606177,69.08,,42.88,2.587,12.69,11.58,1.11,35.8,0,NOMINAL
VEH_5080,7,2026-08-30T11:45:11.606177,69.66,43.02,40.23,2.67,18.01,17.29,0.72,36.1,0,NOMINAL
VEH_5080,8,2026-08-30T11:46:16.606177,75.73,43.67,43.42,2.695,19.51,18.17,1.34,36.4,0,NOMINAL
VEH_5080,9,2026-08-30T11:47:21.606177,72.18,,41.8,2.466,12.49,11.81,0.68,36.7,0,NOMINAL
VEH_5080,10,2026-08-30T11:48:26.606177,65.18,,43.28,2.681,13.25,12.3,0.95,37.0,0,NOMINAL
VEH_5080,11,2026-08-30T11:49:31.606177,66.07,,46.31,2.846,12.99,12.78,0.21,48.0,0,NOMINAL
VEH_5080,12,2026-08-30T11:50:36.606177,67.8,,43.7,2.564,10.74,10.16,0.58,48.0,0,NOMINAL
VEH_5080,13,2026-08-30T11:51:41.606177,72.68,,44.53,2.854,12.12,11.14,0.98,38.0,0,NOMINAL
VEH_5080,14,2026-08-30T11:52:46.606177,73.9,43.97,45.94,2.835,19.6,18.24,1.36,38.2,0,NOMINAL
VEH_5080,15,2026-08-30T11:53:51.606177,64.7,,45.9,2.792,13.88,12.7,1.18,38.0,0,NOMINAL
VEH_5080,16,2026-08-30T11:54:56.606177,68.84,,45.78,2.916,11.29,10.08,1.21,38.0,0,NOMINAL
VEH_5080,17,2026-08-30T11:56:01.606177,70.19,,47.32,2.964,12.97,11.06,1.91,60.0,0,NOMINAL
VEH_5080,18,2026-08-30T11:57:06.606177,72.94,,46.71,2.794,13.36,12.04,1.32,38.0,0,NOMINAL
VEH_5080,19,2026-08-30T11:58:11.606177,75.64,,47.08,2.87,11.87,9.21,2.66,29.5,0,NOMINAL
VEH_5080,20,2026-08-30T11:59:16.606177,63.53,,47.33,2.985,9.21,6.8,2.41,31.0,0,NOMINAL
VEH_5080,21,2026-08-30T12:00:21.606177,67.47,,48.12,3.237,10.6,7.58,3.02,28.0,0,NOMINAL
VEH_5080,22,2026-08-30T12:01:26.606177,71.12,,47.54,3.09,11.1,8.36,2.74,29.5,0,NOMINAL
VEH_5080,23,2026-08-30T12:02:31.606177,72.24,,50.7,2.951,12.08,9.14,2.94,31.0,0,NOMINAL
VEH_5080,24,2026-08-30T12:03:36.606177,74.64,,48.39,2.899,10.16,7.11,3.05,28.0,0,NOMINAL
VEH_5080,25,2026-08-30T12:04:41.606177,66.24,,50.45,3.19,10.69,7.5,3.19,29.5,0,NOMINAL
VEH_5080,26,2026-08-30T12:05:46.606177,69.5,44.93,50.68,2.754,16.46,13.11,3.35,31.0,0,NOMINAL
VEH_5080,27,2026-08-30T12:06:51.606177,68.49,44.4,50.29,3.049,17.46,13.89,3.57,28.0,0,NOMINAL
VEH_5080,28,2026-08-30T12:07:56.606177,71.51,,50.55,3.119,10.16,7.04,3.12,29.5,0,NOMINAL
VEH_5080,29,2026-08-30T12:09:01.606177,77.45,,50.75,3.185,10.85,7.81,3.04,31.0,0,NOMINAL
VEH_5080,30,2026-08-30T12:10:06.606177,65.59,,52.2,3.186,11.85,8.2,3.65,28.0,0,NOMINAL
VEH_5081,1,2026-08-30T11:39:56.606177,67.48,41.72,39.57,2.122,17.97,17.21,0.76,34.3,0,NOMINAL
VEH_5081,2,2026-08-30T11:41:01.606177,70.19,42.58,41.28,2.166,19.16,18.09,1.07,34.6,0,NOMINAL
VEH_5081,3,2026-08-30T11:42:06.606177,70.58,,40.75,2.254,12.55,11.74,0.81,34.9,0,NOMINAL
VEH_5081,4,2026-08-30T11:43:11.606177,75.44,,41.45,2.447,13.56,12.61,0.95,35.2,0,NOMINAL
VEH_5081,5,2026-08-30T11:44:16.606177,63.85,,43.05,2.273,14.2,13.1,1.1,35.5,0,NOMINAL
VEH_5081,6,2026-08-30T11:45:21.606177,68.88,,40.97,2.262,12.4,11.58,0.82,35.8,0,NOMINAL
VEH_5081,7,2026-08-30T11:46:26.606177,68.48,40.77,42.81,2.464,18.11,17.29,0.82,36.1,0,NOMINAL
VEH_5081,8,2026-08-30T11:47:31.606177,72.4,42.02,42.72,2.47,19.11,18.17,0.94,36.4,0,NOMINAL
VEH_5081,9,2026-08-30T11:48:36.606177,74.92,,44.12,2.582,12.92,11.81,1.11,36.7,0,NOMINAL
VEH_5081,10,2026-08-30T11:49:41.606177,65.55,,42.78,2.943,13.19,12.3,0.89,37.0,0,NOMINAL
VEH_5081,11,2026-08-30T11:50:46.606177,67.35,,44.22,2.528,13.34,12.78,0.56,48.0,0,NOMINAL
VEH_5081,12,2026-08-30T11:51:51.606177,69.12,,43.32,2.509,10.83,10.16,0.67,48.0,0,NOMINAL
VEH_5081,13,2026-08-30T11:52:56.606177,72.7,,43.01,2.715,11.89,11.14,0.75,38.0,0,NOMINAL
VEH_5081,14,2026-08-30T11:54:01.606177,74.5,42.38,46.41,2.763,19.5,18.24,1.26,38.2,0,NOMINAL
VEH_5081,15,2026-08-30T11:55:06.606177,95.08,,49.74,2.606,15.39,12.7,2.69,38.0,1,MICRO_STOPPAGE_PRESSURE_DROP
VEH_5081,16,2026-08-30T11:56:11.606177,67.56,,46.47,2.752,11.35,10.08,1.27,38.0,0,NOMINAL
VEH_5081,17,2026-08-30T11:57:16.606177,70.49,,46.16,2.878,13.15,11.06,2.09,60.0,0,NOMINAL
VEH_5081,18,2026-08-30T11:58:21.606177,73.48,,47.26,3.24,13.45,12.04,1.41,38.0,0,NOMINAL
VEH_5081,19,2026-08-30T11:59:26.606177,73.27,,46.8,3.142,11.75,9.21,2.54,29.5,0,NOMINAL
VEH_5081,20,2026-08-30T12:00:31.606177,65.0,,49.59,3.009,9.59,6.8,2.79,31.0,0,NOMINAL
VEH_5081,21,2026-08-30T12:01:36.606177,66.94,,49.1,2.989,10.73,7.58,3.15,28.0,0,NOMINAL
VEH_5081,22,2026-08-30T12:02:41.606177,69.5,,47.51,2.915,11.04,8.36,2.68,29.5,0,NOMINAL
VEH_5081,23,2026-08-30T12:03:46.606177,72.05,,47.17,3.385,11.55,9.14,2.41,31.0,0,NOMINAL
VEH_5081,24,2026-08-30T12:04:51.606177,74.17,,48.73,3.075,10.2,7.11,3.09,28.0,0,NOMINAL
VEH_5081,25,2026-08-30T12:05:56.606177,65.14,,49.09,3.302,10.45,7.5,2.95,29.5,0,NOMINAL
VEH_5081,26,2026-08-30T12:07:01.606177,69.65,41.7,50.23,3.141,16.03,13.11,2.92,31.0,0,NOMINAL
VEH_5081,27,2026-08-30T12:08:06.606177,69.51,41.28,50.07,3.515,17.1,13.89,3.21,28.0,0,NOMINAL
VEH_5081,28,2026-08-30T12:09:11.606177,74.08,,49.73,3.008,10.12,7.04,3.08,29.5,0,NOMINAL
VEH_5081,29,2026-08-30T12:10:16.606177,74.13,,51.87,3.061,10.92,7.81,3.11,31.0,0,NOMINAL
VEH_5081,30,2026-08-30T12:11:21.606177,64.76,,51.75,3.227,11.76,8.2,3.56,28.0,0,NOMINAL
VEH_5082,1,2026-08-30T11:41:11.606177,67.56,42.65,39.52,2.445,18.07,17.21,0.86,34.3,0,NOMINAL
VEH_5082,2,2026-08-30T11:42:16.606177,69.16,44.16,39.33,2.271,19.02,18.09,0.93,34.6,0,NOMINAL
VEH_5082,3,2026-08-30T11:43:21.606177,72.06,,39.79,2.31,12.46,11.74,0.72,34.9,0,NOMINAL
VEH_5082,4,2026-08-30T11:44:26.606177,73.45,,40.33,2.413,13.33,12.61,0.72,35.2,0,NOMINAL
VEH_5082,5,2026-08-30T11:45:31.606177,65.77,,40.08,2.403,13.81,13.1,0.71,35.5,0,NOMINAL
VEH_5082,6,2026-08-30T11:46:36.606177,66.71,,41.47,2.649,12.41,11.58,0.83,35.8,0,NOMINAL
VEH_5082,7,2026-08-30T11:47:41.606177,70.81,42.52,41.07,2.687,18.12,17.29,0.83,36.1,0,NOMINAL
VEH_5082,8,2026-08-30T11:48:46.606177,71.14,43.61,42.87,2.577,19.28,18.17,1.11,36.4,0,NOMINAL
VEH_5082,9,2026-08-30T11:49:51.606177,75.5,,42.67,2.705,12.72,11.81,0.91,36.7,0,NOMINAL
VEH_5082,10,2026-08-30T11:50:56.606177,65.99,,43.02,2.587,13.24,12.3,0.94,37.0,0,NOMINAL
VEH_5082,11,2026-08-30T11:52:01.606177,68.88,,43.88,2.902,13.44,12.78,0.66,48.0,0,NOMINAL
VEH_5082,12,2026-08-30T11:53:06.606177,71.41,,45.03,2.639,10.65,10.16,0.49,48.0,0,NOMINAL
VEH_5082,13,2026-08-30T11:54:11.606177,72.89,,43.97,3.165,12.04,11.14,0.9,38.0,0,NOMINAL
VEH_5082,14,2026-08-30T11:55:16.606177,74.48,43.64,44.84,2.666,19.41,18.24,1.17,38.2,0,NOMINAL
VEH_5082,15,2026-08-30T11:56:21.606177,67.32,,44.61,2.677,13.77,12.7,1.07,38.0,0,NOMINAL
VEH_5082,16,2026-08-30T11:57:26.606177,68.37,,46.47,2.854,11.38,10.08,1.3,38.0,0,NOMINAL
VEH_5082,17,2026-08-30T11:58:31.606177,67.21,,46.43,2.813,13.01,11.06,1.95,60.0,0,NOMINAL
VEH_5082,18,2026-08-30T11:59:36.606177,71.6,,48.32,2.96,13.56,12.04,1.52,38.0,0,NOMINAL
VEH_5082,19,2026-08-30T12:00:41.606177,76.0,,46.85,2.704,11.85,9.21,2.64,29.5,0,NOMINAL
VEH_5082,20,2026-08-30T12:01:46.606177,65.99,,46.59,3.116,9.17,6.8,2.37,31.0,0,NOMINAL
VEH_5082,21,2026-08-30T12:02:51.606177,69.49,,46.95,3.085,10.48,7.58,2.9,28.0,0,NOMINAL
VEH_5082,22,2026-08-30T12:03:56.606177,67.87,,47.71,3.072,11.02,8.36,2.66,29.5,0,NOMINAL
VEH_5082,23,2026-08-30T12:05:01.606177,71.03,,47.98,3.126,11.64,9.14,2.5,31.0,0,NOMINAL
VEH_5082,24,2026-08-30T12:06:06.606177,75.84,,47.61,3.314,10.08,7.11,2.97,28.0,0,NOMINAL
VEH_5082,25,2026-08-30T12:07:11.606177,67.19,,50.56,3.236,10.73,7.5,3.23,29.5,0,NOMINAL
VEH_5082,26,2026-08-30T12:08:16.606177,67.31,44.18,50.14,3.308,16.23,13.11,3.12,31.0,0,NOMINAL
VEH_5082,27,2026-08-30T12:09:21.606177,68.95,42.6,49.31,3.516,17.12,13.89,3.23,28.0,0,NOMINAL
VEH_5082,28,2026-08-30T12:10:26.606177,71.17,,48.69,3.147,9.87,7.04,2.83,29.5,0,NOMINAL
VEH_5082,29,2026-08-30T12:11:31.606177,73.52,,52.83,3.147,11.04,7.81,3.23,31.0,0,NOMINAL
VEH_5082,30,2026-08-30T12:12:36.606177,66.14,,52.74,3.063,11.95,8.2,3.75,28.0,0,NOMINAL
VEH_5083,1,2026-08-30T11:42:26.606177,67.37,40.47,38.57,2.089,17.67,17.21,0.46,34.3,0,NOMINAL
VEH_5083,2,2026-08-30T11:43:31.606177,70.1,38.41,40.26,2.233,18.53,18.09,0.44,34.6,0,NOMINAL
VEH_5083,3,2026-08-30T11:44:36.606177,73.96,,39.58,2.591,12.48,11.74,0.74,34.9,0,NOMINAL
VEH_5083,4,2026-08-30T11:45:41.606177,74.26,,40.33,2.389,13.36,12.61,0.75,35.2,0,NOMINAL
VEH_5083,5,2026-08-30T11:46:46.606177,65.07,,40.86,2.306,13.91,13.1,0.81,35.5,0,NOMINAL
VEH_5083,6,2026-08-30T11:47:51.606177,69.28,,41.42,2.594,12.48,11.58,0.9,35.8,0,NOMINAL
VEH_5083,7,2026-08-30T11:48:56.606177,73.77,41.83,42.12,2.241,18.29,17.29,1.0,36.1,0,NOMINAL
VEH_5083,8,2026-08-30T11:50:01.606177,72.44,41.22,42.96,2.518,19.06,18.17,0.89,36.4,0,NOMINAL
VEH_5083,9,2026-08-30T11:51:06.606177,75.11,,42.46,2.49,12.68,11.81,0.87,36.7,0,NOMINAL
VEH_5083,10,2026-08-30T11:52:11.606177,65.67,,43.85,2.724,13.35,12.3,1.05,37.0,0,NOMINAL
VEH_5083,11,2026-08-30T11:53:16.606177,69.73,,44.38,2.471,13.39,12.78,0.61,48.0,0,NOMINAL
VEH_5083,12,2026-08-30T11:54:21.606177,69.77,,43.06,2.614,10.89,10.16,0.73,48.0,0,NOMINAL
VEH_5083,13,2026-08-30T11:55:26.606177,73.43,,44.51,2.563,12.14,11.14,1.0,38.0,0,NOMINAL
VEH_5083,14,2026-08-30T11:56:31.606177,74.43,39.21,43.86,2.672,18.75,18.24,0.51,38.2,0,NOMINAL
VEH_5083,15,2026-08-30T11:57:36.606177,65.8,,45.72,2.606,13.89,12.7,1.19,38.0,0,NOMINAL
VEH_5083,16,2026-08-30T11:58:41.606177,68.99,,45.51,2.895,11.25,10.08,1.17,38.0,0,NOMINAL
VEH_5083,17,2026-08-30T11:59:46.606177,69.59,,46.2,2.95,13.12,11.06,2.06,60.0,0,NOMINAL
VEH_5083,18,2026-08-30T12:00:51.606177,73.84,,46.89,2.656,13.41,12.04,1.37,38.0,0,NOMINAL
VEH_5083,19,2026-08-30T12:01:56.606177,74.19,,47.46,2.648,11.88,9.21,2.67,29.5,0,NOMINAL
VEH_5083,20,2026-08-30T12:03:01.606177,63.17,,47.54,2.792,9.23,6.8,2.43,31.0,0,NOMINAL
VEH_5083,21,2026-08-30T12:04:06.606177,67.26,,47.94,3.052,10.57,7.58,2.99,28.0,0,NOMINAL
VEH_5083,22,2026-08-30T12:05:11.606177,69.12,,49.01,3.103,11.26,8.36,2.9,29.5,0,NOMINAL
VEH_5083,23,2026-08-30T12:06:16.606177,73.32,,48.72,2.867,11.82,9.14,2.68,31.0,0,NOMINAL
VEH_5083,24,2026-08-30T12:07:21.606177,77.33,,46.44,2.835,9.95,7.11,2.84,28.0,0,NOMINAL
VEH_5083,25,2026-08-30T12:08:26.606177,62.93,,48.89,2.733,10.35,7.5,2.85,29.5,0,NOMINAL
VEH_5083,26,2026-08-30T12:09:31.606177,66.57,41.8,50.75,3.014,16.02,13.11,2.91,31.0,0,NOMINAL
VEH_5083,27,2026-08-30T12:10:36.606177,66.7,40.25,49.9,3.106,16.87,13.89,2.98,28.0,0,NOMINAL
VEH_5083,28,2026-08-30T12:11:41.606177,72.28,,50.92,3.164,10.24,7.04,3.2,29.5,0,NOMINAL
VEH_5083,29,2026-08-30T12:12:46.606177,75.11,,50.17,2.969,10.69,7.81,2.88,31.0,0,NOMINAL
VEH_5083,30,2026-08-30T12:13:51.606177,64.9,,51.46,3.0,11.72,8.2,3.52,28.0,0,NOMINAL
VEH_5084,1,2026-08-30T11:43:41.606177,68.12,41.16,38.99,2.067,17.84,17.21,0.63,34.3,0,NOMINAL
VEH_5084,2,2026-08-30T11:44:46.606177,70.46,41.8,39.44,2.393,18.81,18.09,0.72,34.6,0,NOMINAL
VEH_5084,3,2026-08-30T11:45:51.606177,72.7,,40.49,2.308,12.58,11.74,0.84,34.9,0,NOMINAL
VEH_5084,4,2026-08-30T11:46:56.606177,75.54,,40.55,2.413,13.43,12.61,0.82,35.2,0,NOMINAL
VEH_5084,5,2026-08-30T11:48:01.606177,66.9,,41.19,2.399,14.02,13.1,0.92,35.5,0,NOMINAL
VEH_5084,6,2026-08-30T11:49:06.606177,64.75,,40.8,2.365,12.25,11.58,0.67,35.8,0,NOMINAL
VEH_5084,7,2026-08-30T11:50:11.606177,71.03,39.16,41.23,2.476,17.76,17.29,0.47,36.1,0,NOMINAL
VEH_5084,8,2026-08-30T11:51:16.606177,73.29,40.49,43.15,2.414,19.03,18.17,0.86,36.4,0,NOMINAL
VEH_5084,9,2026-08-30T11:52:21.606177,74.92,,41.66,2.533,12.55,11.81,0.74,36.7,0,NOMINAL
VEH_5084,10,2026-08-30T11:53:26.606177,67.04,,42.82,2.273,13.24,12.3,0.94,37.0,0,NOMINAL
VEH_5084,11,2026-08-30T11:54:31.606177,67.41,,45.02,2.441,13.23,12.78,0.45,48.0,0,NOMINAL
VEH_5084,12,2026-08-30T11:55:36.606177,70.55,,43.2,2.471,10.9,10.16,0.74,48.0,0,NOMINAL
VEH_5084,13,2026-08-30T11:56:41.606177,71.77,,45.39,2.462,12.22,11.14,1.08,38.0,0,NOMINAL
VEH_5084,14,2026-08-30T11:57:46.606177,75.27,40.34,44.2,2.568,18.96,18.24,0.72,38.2,0,NOMINAL
VEH_5084,15,2026-08-30T11:58:51.606177,66.45,,46.35,2.924,14.0,12.7,1.3,38.0,0,NOMINAL
VEH_5084,16,2026-08-30T11:59:56.606177,67.84,,46.52,2.904,11.37,10.08,1.29,38.0,0,NOMINAL
VEH_5084,17,2026-08-30T12:01:01.606177,70.52,,47.21,2.766,12.99,11.06,1.93,60.0,0,NOMINAL
VEH_5084,18,2026-08-30T12:02:06.606177,70.82,,46.47,2.873,13.25,12.04,1.21,38.0,0,NOMINAL
VEH_5084,19,2026-08-30T12:03:11.606177,73.13,,47.6,2.761,11.87,9.21,2.66,29.5,0,NOMINAL
VEH_5084,20,2026-08-30T12:04:16.606177,63.94,,48.06,2.979,9.33,6.8,2.53,31.0,0,NOMINAL
VEH_5084,21,2026-08-30T12:05:21.606177,67.91,,47.72,2.72,10.55,7.58,2.97,28.0,0,NOMINAL
VEH_5084,22,2026-08-30T12:06:26.606177,69.88,,48.09,2.803,11.14,8.36,2.78,29.5,0,NOMINAL
VEH_5084,23,2026-08-30T12:07:31.606177,74.17,,47.68,2.923,11.69,9.14,2.55,31.0,0,NOMINAL
VEH_5084,24,2026-08-30T12:08:36.606177,75.64,,48.94,3.145,10.27,7.11,3.16,28.0,0,NOMINAL
VEH_5084,25,2026-08-30T12:09:41.606177,63.5,,49.84,3.092,10.51,7.5,3.01,29.5,0,NOMINAL
VEH_5084,26,2026-08-30T12:10:46.606177,63.6,39.16,49.69,2.783,15.47,13.11,2.36,31.0,0,NOMINAL
VEH_5084,27,2026-08-30T12:11:51.606177,69.68,38.89,50.88,3.228,16.95,13.89,3.06,28.0,0,NOMINAL
VEH_5084,28,2026-08-30T12:12:56.606177,70.96,,51.67,3.275,10.31,7.04,3.27,29.5,0,NOMINAL
VEH_5084,29,2026-08-30T12:14:01.606177,75.97,,50.84,2.975,10.82,7.81,3.01,31.0,0,NOMINAL
VEH_5084,30,2026-08-30T12:15:06.606177,64.23,,51.04,3.204,11.64,8.2,3.44,28.0,0,NOMINAL
VEH_5085,1,2026-08-30T11:44:56.606177,66.97,44.22,39.46,2.099,18.22,17.21,1.01,34.3,0,NOMINAL
VEH_5085,2,2026-08-30T11:46:01.606177,71.74,40.49,39.81,2.347,18.75,18.09,0.66,34.6,0,NOMINAL
VEH_5085,3,2026-08-30T11:47:06.606177,73.66,,40.0,2.587,12.54,11.74,0.8,34.9,0,NOMINAL
VEH_5085,4,2026-08-30T11:48:11.606177,75.46,,39.71,2.463,13.3,12.61,0.69,35.2,0,NOMINAL
VEH_5085,5,2026-08-30T11:49:16.606177,64.27,,41.48,2.252,13.98,13.1,0.88,35.5,0,NOMINAL
VEH_5085,6,2026-08-30T11:50:21.606177,68.25,,41.78,2.478,12.5,11.58,0.92,35.8,0,NOMINAL
VEH_5085,7,2026-08-30T11:51:26.606177,68.91,44.0,40.85,2.162,18.2,17.29,0.91,36.1,0,NOMINAL
VEH_5085,8,2026-08-30T11:52:31.606177,73.98,43.66,41.2,2.543,19.12,18.17,0.95,36.4,0,NOMINAL
VEH_5085,9,2026-08-30T11:53:36.606177,77.49,,41.65,2.629,12.63,11.81,0.82,36.7,0,NOMINAL
VEH_5085,10,2026-08-30T11:54:41.606177,63.41,,42.89,2.778,13.14,12.3,0.84,37.0,0,NOMINAL
VEH_5085,11,2026-08-30T11:55:46.606177,69.45,,43.97,2.884,13.45,12.78,0.67,48.0,0,NOMINAL
VEH_5085,12,2026-08-30T11:56:51.606177,70.24,,42.79,2.771,10.95,10.16,0.79,48.0,0,NOMINAL
VEH_5085,13,2026-08-30T11:57:56.606177,71.99,,45.24,2.782,12.21,11.14,1.07,38.0,0,NOMINAL
VEH_5085,14,2026-08-30T11:59:01.606177,74.84,43.08,44.23,2.802,19.27,18.24,1.03,38.2,0,NOMINAL
VEH_5085,15,2026-08-30T12:00:06.606177,64.7,,45.44,2.654,13.81,12.7,1.11,38.0,0,NOMINAL
VEH_5085,16,2026-08-30T12:01:11.606177,67.38,,46.53,3.06,11.36,10.08,1.28,38.0,0,NOMINAL
VEH_5085,17,2026-08-30T12:02:16.606177,69.56,,45.35,2.784,13.24,11.06,2.18,60.0,0,NOMINAL
VEH_5085,18,2026-08-30T12:03:21.606177,73.24,,45.44,2.795,13.17,12.04,1.13,38.0,0,NOMINAL
VEH_5085,19,2026-08-30T12:04:26.606177,76.34,,46.95,2.771,11.87,9.21,2.66,29.5,0,NOMINAL
VEH_5085,20,2026-08-30T12:05:31.606177,66.16,,47.17,3.063,9.27,6.8,2.47,31.0,0,NOMINAL
VEH_5085,21,2026-08-30T12:06:36.606177,66.25,,47.45,2.717,10.46,7.58,2.88,28.0,0,NOMINAL
VEH_5085,22,2026-08-30T12:07:41.606177,67.93,,48.29,3.171,11.11,8.36,2.75,29.5,0,NOMINAL
VEH_5085,23,2026-08-30T12:08:46.606177,73.18,,48.02,3.133,11.71,9.14,2.57,31.0,0,NOMINAL
VEH_5085,24,2026-08-30T12:09:51.606177,75.14,,48.58,2.971,10.2,7.11,3.09,28.0,0,NOMINAL
VEH_5085,25,2026-08-30T12:10:56.606177,63.84,,49.95,3.289,10.54,7.5,3.04,29.5,0,NOMINAL
VEH_5085,26,2026-08-30T12:12:01.606177,67.84,42.51,50.75,3.233,16.14,13.11,3.03,31.0,0,NOMINAL
VEH_5085,27,2026-08-30T12:13:06.606177,69.8,43.8,51.17,3.092,17.56,13.89,3.67,28.0,0,NOMINAL
VEH_5085,28,2026-08-30T12:14:11.606177,74.14,,48.35,3.077,9.91,7.04,2.87,29.5,0,NOMINAL
VEH_5085,29,2026-08-30T12:15:16.606177,72.51,,50.6,3.189,10.68,7.81,2.87,31.0,0,NOMINAL
VEH_5085,30,2026-08-30T12:16:21.606177,65.37,,52.14,3.16,11.84,8.2,3.64,28.0,0,NOMINAL
VEH_5086,1,2026-08-30T11:46:11.606177,69.13,42.69,38.23,2.232,17.93,17.21,0.72,34.3,0,NOMINAL
VEH_5086,2,2026-08-30T11:47:16.606177,70.01,42.84,41.46,2.53,19.21,18.09,1.12,34.6,0,NOMINAL
VEH_5086,3,2026-08-30T11:48:21.606177,70.86,,41.05,2.546,12.61,11.74,0.87,34.9,0,NOMINAL
VEH_5086,4,2026-08-30T11:49:26.606177,74.59,,41.78,2.244,13.59,12.61,0.98,35.2,0,NOMINAL
VEH_5086,5,2026-08-30T11:50:31.606177,65.07,,41.44,2.686,14.0,13.1,0.9,35.5,0,NOMINAL
VEH_5086,6,2026-08-30T11:51:36.606177,67.47,,40.85,2.484,12.34,11.58,0.76,35.8,0,NOMINAL
VEH_5086,7,2026-08-30T11:52:41.606177,70.81,43.19,42.43,2.377,18.4,17.29,1.11,36.1,0,NOMINAL
VEH_5086,8,2026-08-30T11:53:46.606177,72.93,42.1,44.41,2.572,19.39,18.17,1.22,36.4,0,NOMINAL
VEH_5086,9,2026-08-30T11:54:51.606177,76.0,,40.44,2.293,12.4,11.81,0.59,36.7,0,NOMINAL
VEH_5086,10,2026-08-30T11:55:56.606177,66.83,,42.85,2.41,13.24,12.3,0.94,37.0,0,NOMINAL
VEH_5086,11,2026-08-30T11:57:01.606177,66.3,,44.7,2.907,13.24,12.78,0.46,48.0,0,NOMINAL
VEH_5086,12,2026-08-30T11:58:06.606177,70.36,,44.5,2.509,10.69,10.16,0.53,48.0,0,NOMINAL
VEH_5086,13,2026-08-30T11:59:11.606177,73.33,,43.69,2.699,12.01,11.14,0.87,38.0,0,NOMINAL
VEH_5086,14,2026-08-30T12:00:16.606177,73.68,41.46,44.73,2.806,19.12,18.24,0.88,38.2,0,NOMINAL
VEH_5086,15,2026-08-30T12:01:21.606177,67.53,,44.7,2.691,13.79,12.7,1.09,38.0,0,NOMINAL
VEH_5086,16,2026-08-30T12:02:26.606177,68.85,,47.17,2.686,11.5,10.08,1.42,38.0,0,NOMINAL
VEH_5086,17,2026-08-30T12:03:31.606177,67.79,,46.33,2.651,13.04,11.06,1.98,60.0,0,NOMINAL
VEH_5086,18,2026-08-30T12:04:36.606177,74.81,,46.41,2.88,13.37,12.04,1.33,38.0,0,NOMINAL
VEH_5086,19,2026-08-30T12:05:41.606177,75.84,,46.51,2.795,11.79,9.21,2.58,29.5,0,NOMINAL
VEH_5086,20,2026-08-30T12:06:46.606177,64.97,,47.66,3.079,9.3,6.8,2.5,31.0,0,NOMINAL
VEH_5086,21,2026-08-30T12:07:51.606177,68.55,,48.38,3.089,10.67,7.58,3.09,28.0,0,NOMINAL
VEH_5086,22,2026-08-30T12:08:56.606177,67.69,,48.35,2.949,11.11,8.36,2.75,29.5,0,NOMINAL
VEH_5086,23,2026-08-30T12:10:01.606177,69.74,,47.89,2.939,11.58,9.14,2.44,31.0,0,NOMINAL
VEH_5086,24,2026-08-30T12:11:06.606177,72.41,,48.29,3.013,10.08,7.11,2.97,28.0,0,NOMINAL
VEH_5086,25,2026-08-30T12:12:11.606177,65.54,,48.71,3.353,10.4,7.5,2.9,29.5,0,NOMINAL
VEH_5086,26,2026-08-30T12:13:16.606177,67.17,42.1,50.38,2.97,16.02,13.11,2.91,31.0,0,NOMINAL
VEH_5086,27,2026-08-30T12:14:21.606177,69.76,42.27,50.28,3.171,17.25,13.89,3.36,28.0,0,NOMINAL
VEH_5086,28,2026-08-30T12:15:26.606177,71.19,,50.74,2.885,10.18,7.04,3.14,29.5,0,NOMINAL
VEH_5086,29,2026-08-30T12:16:31.606177,75.98,,49.2,2.807,10.57,7.81,2.76,31.0,0,NOMINAL
VEH_5086,30,2026-08-30T12:17:36.606177,66.01,,51.88,3.456,11.82,8.2,3.62,28.0,0,NOMINAL
VEH_5087,1,2026-08-30T11:47:26.606177,66.12,43.93,39.94,2.362,18.24,17.21,1.03,34.3,0,NOMINAL
VEH_5087,2,2026-08-30T11:48:31.606177,70.47,43.45,38.4,2.494,18.84,18.09,0.75,34.6,0,NOMINAL
VEH_5087,3,2026-08-30T11:49:36.606177,72.92,,41.0,2.647,12.66,11.74,0.92,34.9,0,NOMINAL
VEH_5087,4,2026-08-30T11:50:41.606177,75.57,,40.0,2.858,13.35,12.61,0.74,35.2,0,NOMINAL
VEH_5087,5,2026-08-30T11:51:46.606177,64.75,,40.94,2.373,13.91,13.1,0.81,35.5,0,NOMINAL
VEH_5087,6,2026-08-30T11:52:51.606177,65.69,,42.92,2.786,12.59,11.58,1.01,35.8,0,NOMINAL
VEH_5087,7,2026-08-30T11:53:56.606177,70.89,44.49,42.47,2.585,18.56,17.29,1.27,36.1,0,NOMINAL
VEH_5087,8,2026-08-30T11:55:01.606177,70.59,44.38,43.16,2.225,19.39,18.17,1.22,36.4,0,NOMINAL
VEH_5087,9,2026-08-30T11:56:06.606177,75.2,,41.62,2.555,12.56,11.81,0.75,36.7,0,NOMINAL
VEH_5087,10,2026-08-30T11:57:11.606177,63.53,,44.39,2.911,13.37,12.3,1.07,37.0,0,NOMINAL
VEH_5087,11,2026-08-30T11:58:16.606177,66.78,,44.52,2.837,13.28,12.78,0.5,48.0,0,NOMINAL
VEH_5087,12,2026-08-30T11:59:21.606177,70.57,,43.73,2.823,10.82,10.16,0.66,48.0,0,NOMINAL
VEH_5087,13,2026-08-30T12:00:26.606177,71.34,,46.07,2.662,12.31,11.14,1.17,38.0,0,NOMINAL
VEH_5087,14,2026-08-30T12:01:31.606177,73.99,44.82,43.9,2.644,19.39,18.24,1.15,38.2,0,NOMINAL
VEH_5087,15,2026-08-30T12:02:36.606177,65.32,,44.98,2.638,13.76,12.7,1.06,38.0,0,NOMINAL
VEH_5087,16,2026-08-30T12:03:41.606177,67.75,,45.98,3.219,11.29,10.08,1.21,38.0,0,NOMINAL
VEH_5087,17,2026-08-30T12:04:46.606177,70.62,,46.13,2.806,13.16,11.06,2.1,60.0,0,NOMINAL
VEH_5087,18,2026-08-30T12:05:51.606177,74.92,,47.71,3.081,13.57,12.04,1.53,38.0,0,NOMINAL
VEH_5087,19,2026-08-30T12:06:56.606177,75.26,,46.38,3.259,11.75,9.21,2.54,29.5,0,NOMINAL
VEH_5087,20,2026-08-30T12:08:01.606177,65.74,,45.91,2.96,9.06,6.8,2.26,31.0,0,NOMINAL
VEH_5087,21,2026-08-30T12:09:06.606177,65.45,,47.93,3.075,10.51,7.58,2.93,28.0,0,NOMINAL
VEH_5087,22,2026-08-30T12:10:11.606177,69.89,,47.17,2.995,11.01,8.36,2.65,29.5,0,NOMINAL
VEH_5087,23,2026-08-30T12:11:16.606177,73.41,,48.04,3.344,11.72,9.14,2.58,31.0,0,NOMINAL
VEH_5087,24,2026-08-30T12:12:21.606177,73.76,,48.41,3.199,10.13,7.11,3.02,28.0,0,NOMINAL
VEH_5087,25,2026-08-30T12:13:26.606177,65.7,,49.79,3.289,10.57,7.5,3.07,29.5,0,NOMINAL
VEH_5087,26,2026-08-30T12:14:31.606177,67.4,44.23,50.2,3.255,16.24,13.11,3.13,31.0,0,NOMINAL
VEH_5087,27,2026-08-30T12:15:36.606177,70.14,44.48,52.6,3.607,17.87,13.89,3.98,28.0,0,NOMINAL
VEH_5087,28,2026-08-30T12:16:41.606177,74.96,,51.36,3.487,10.39,7.04,3.35,29.5,0,NOMINAL
VEH_5087,29,2026-08-30T12:17:46.606177,75.2,,51.52,3.321,10.9,7.81,3.09,31.0,0,NOMINAL
VEH_5087,30,2026-08-30T12:18:51.606177,62.59,,51.87,3.139,11.71,8.2,3.51,28.0,0,NOMINAL
VEH_5088,1,2026-08-30T11:48:41.606177,69.59,42.42,40.65,2.13,18.28,17.21,1.07,34.3,0,NOMINAL
VEH_5088,2,2026-08-30T11:49:46.606177,68.99,43.55,39.94,2.552,19.04,18.09,0.95,34.6,0,NOMINAL
VEH_5088,3,2026-08-30T11:50:51.606177,72.31,,40.1,2.368,12.51,11.74,0.77,34.9,0,NOMINAL
VEH_5088,4,2026-08-30T11:51:56.606177,75.74,,39.46,2.641,13.27,12.61,0.66,35.2,0,NOMINAL
VEH_5088,5,2026-08-30T11:53:01.606177,64.37,,40.81,2.463,13.88,13.1,0.78,35.5,0,NOMINAL
VEH_5088,6,2026-08-30T11:54:06.606177,67.15,,41.24,2.604,12.39,11.58,0.81,35.8,0,NOMINAL
VEH_5088,7,2026-08-30T11:55:11.606177,72.64,44.5,41.48,2.55,18.46,17.29,1.17,36.1,0,NOMINAL
VEH_5088,8,2026-08-30T11:56:16.606177,71.17,40.69,42.54,2.716,18.89,18.17,0.72,36.4,0,NOMINAL
VEH_5088,9,2026-08-30T11:57:21.606177,75.83,,41.83,2.355,12.61,11.81,0.8,36.7,0,NOMINAL
VEH_5088,10,2026-08-30T11:58:26.606177,64.49,,44.15,2.617,13.36,12.3,1.06,37.0,0,NOMINAL
VEH_5088,11,2026-08-30T11:59:31.606177,68.68,,45.29,2.815,13.22,12.78,0.44,48.0,0,NOMINAL
VEH_5088,12,2026-08-30T12:00:36.606177,71.5,,44.49,2.654,10.73,10.16,0.57,48.0,0,NOMINAL
VEH_5088,13,2026-08-30T12:01:41.606177,71.91,,43.78,2.614,11.98,11.14,0.84,38.0,0,NOMINAL
VEH_5088,14,2026-08-30T12:02:46.606177,75.06,44.12,43.93,2.692,19.35,18.24,1.11,38.2,0,NOMINAL
VEH_5088,15,2026-08-30T12:03:51.606177,64.96,,44.67,2.897,13.7,12.7,1.0,38.0,0,NOMINAL
VEH_5088,16,2026-08-30T12:04:56.606177,66.12,,46.67,3.146,11.34,10.08,1.26,38.0,0,NOMINAL
VEH_5088,17,2026-08-30T12:06:01.606177,70.0,,47.35,3.038,12.96,11.06,1.9,60.0,0,NOMINAL
VEH_5088,18,2026-08-30T12:07:06.606177,70.78,,48.36,3.242,13.54,12.04,1.5,38.0,0,NOMINAL
VEH_5088,19,2026-08-30T12:08:11.606177,75.2,,47.12,3.007,11.86,9.21,2.65,29.5,0,NOMINAL
VEH_5088,20,2026-08-30T12:09:16.606177,63.53,,46.5,2.989,9.08,6.8,2.28,31.0,0,NOMINAL
VEH_5088,21,2026-08-30T12:10:21.606177,66.71,,47.11,3.1,10.42,7.58,2.84,28.0,0,NOMINAL
VEH_5088,22,2026-08-30T12:11:26.606177,69.62,,48.28,3.121,11.16,8.36,2.8,29.5,0,NOMINAL
VEH_5088,23,2026-08-30T12:12:31.606177,72.14,,49.61,3.286,11.92,9.14,2.78,31.0,0,NOMINAL
VEH_5088,24,2026-08-30T12:13:36.606177,75.45,,48.03,2.881,10.13,7.11,3.02,28.0,0,NOMINAL
VEH_5088,25,2026-08-30T12:14:41.606177,64.11,,50.32,3.315,10.6,7.5,3.1,29.5,0,NOMINAL
VEH_5088,26,2026-08-30T12:15:46.606177,67.46,42.81,50.13,3.431,16.07,13.11,2.96,31.0,0,NOMINAL
VEH_5088,27,2026-08-30T12:16:51.606177,70.59,42.24,50.99,3.379,17.38,13.89,3.49,28.0,0,NOMINAL
VEH_5088,28,2026-08-30T12:17:56.606177,71.43,,50.36,3.176,10.13,7.04,3.09,29.5,0,NOMINAL
VEH_5088,29,2026-08-30T12:19:01.606177,75.08,,50.79,3.213,10.78,7.81,2.97,31.0,0,NOMINAL
VEH_5088,30,2026-08-30T12:20:06.606177,65.02,,51.38,3.503,11.71,8.2,3.51,28.0,0,NOMINAL
VEH_5089,1,2026-08-30T11:49:56.606177,67.35,37.56,39.58,2.232,17.49,17.21,0.28,34.3,0,NOMINAL
VEH_5089,2,2026-08-30T11:51:01.606177,68.92,40.35,41.2,2.395,18.85,18.09,0.76,34.6,0,NOMINAL
VEH_5089,3,2026-08-30T11:52:06.606177,74.31,,40.0,2.465,12.56,11.74,0.82,34.9,0,NOMINAL
VEH_5089,4,2026-08-30T11:53:11.606177,75.33,,39.86,2.436,13.32,12.61,0.71,35.2,0,NOMINAL
VEH_5089,5,2026-08-30T11:54:16.606177,65.65,,41.15,2.571,13.97,13.1,0.87,35.5,0,NOMINAL
VEH_5089,6,2026-08-30T11:55:21.606177,67.48,,42.68,2.595,12.61,11.58,1.03,35.8,0,NOMINAL
VEH_5089,7,2026-08-30T11:56:26.606177,69.31,41.75,41.78,2.408,18.09,17.29,0.8,36.1,0,NOMINAL
VEH_5089,8,2026-08-30T11:57:31.606177,101.23,41.15,49.17,2.711,20.87,18.17,2.7,36.4,1,MICRO_STOPPAGE_PRESSURE_DROP
VEH_5089,9,2026-08-30T11:58:36.606177,74.47,,43.07,2.364,12.75,11.81,0.94,36.7,0,NOMINAL
VEH_5089,10,2026-08-30T11:59:41.606177,64.71,,44.25,2.6,13.38,12.3,1.08,37.0,0,NOMINAL
VEH_5089,11,2026-08-30T12:00:46.606177,68.59,,44.09,2.572,13.4,12.78,0.62,48.0,0,NOMINAL
VEH_5089,12,2026-08-30T12:01:51.606177,71.25,,43.73,2.473,10.84,10.16,0.68,48.0,0,NOMINAL
VEH_5089,13,2026-08-30T12:02:56.606177,72.49,,46.46,2.629,12.4,11.14,1.26,38.0,0,NOMINAL
VEH_5089,14,2026-08-30T12:04:01.606177,74.82,41.7,43.67,2.755,19.02,18.24,0.78,38.2,0,NOMINAL
VEH_5089,15,2026-08-30T12:05:06.606177,64.35,,43.9,2.697,13.57,12.7,0.87,38.0,0,NOMINAL
VEH_5089,16,2026-08-30T12:06:11.606177,66.97,,46.01,2.899,11.27,10.08,1.19,38.0,0,NOMINAL
VEH_5089,17,2026-08-30T12:07:16.606177,70.79,,47.48,2.721,12.96,11.06,1.9,60.0,0,NOMINAL
VEH_5089,18,2026-08-30T12:08:21.606177,72.11,,46.5,2.722,13.3,12.04,1.26,38.0,0,NOMINAL
VEH_5089,19,2026-08-30T12:09:26.606177,75.83,,45.98,2.659,11.71,9.21,2.5,29.5,0,NOMINAL
VEH_5089,20,2026-08-30T12:10:31.606177,65.22,,48.23,2.642,9.4,6.8,2.6,31.0,0,NOMINAL
VEH_5089,21,2026-08-30T12:11:36.606177,67.62,,48.52,2.701,10.66,7.58,3.08,28.0,0,NOMINAL
VEH_5089,22,2026-08-30T12:12:41.606177,68.92,,49.01,2.97,11.25,8.36,2.89,29.5,0,NOMINAL
VEH_5089,23,2026-08-30T12:13:46.606177,70.84,,48.46,2.964,11.7,9.14,2.56,31.0,0,NOMINAL
VEH_5089,24,2026-08-30T12:14:51.606177,74.77,,49.09,2.86,10.27,7.11,3.16,28.0,0,NOMINAL
VEH_5089,25,2026-08-30T12:15:56.606177,66.85,,49.67,2.743,10.59,7.5,3.09,29.5,0,NOMINAL
VEH_5089,26,2026-08-30T12:17:01.606177,68.58,40.73,49.67,3.083,15.8,13.11,2.69,31.0,0,NOMINAL
VEH_5089,27,2026-08-30T12:18:06.606177,70.66,42.57,52.0,3.048,17.57,13.89,3.68,28.0,0,NOMINAL
VEH_5089,28,2026-08-30T12:19:11.606177,73.08,,49.45,3.064,10.05,7.04,3.01,29.5,0,NOMINAL
VEH_5089,29,2026-08-30T12:20:16.606177,74.39,,49.01,2.98,10.49,7.81,2.68,31.0,0,NOMINAL
VEH_5089,30,2026-08-30T12:21:21.606177,66.01,,50.71,3.241,11.64,8.2,3.44,28.0,0,NOMINAL
VEH_5090,1,2026-08-30T11:51:11.606177,68.74,43.8,40.69,2.213,18.42,17.21,1.21,34.3,0,NOMINAL
VEH_5090,2,2026-08-30T11:52:16.606177,70.82,41.3,40.37,2.072,18.9,18.09,0.81,34.6,0,NOMINAL
VEH_5090,3,2026-08-30T11:53:21.606177,72.18,,39.47,2.694,12.41,11.74,0.67,34.9,0,NOMINAL
VEH_5090,4,2026-08-30T11:54:26.606177,74.82,,41.9,2.131,13.61,12.61,1.0,35.2,0,NOMINAL
VEH_5090,5,2026-08-30T11:55:31.606177,65.72,,41.85,2.553,14.08,13.1,0.98,35.5,0,NOMINAL
VEH_5090,6,2026-08-30T11:56:36.606177,71.48,,41.51,2.48,12.56,11.58,0.98,35.8,0,NOMINAL
VEH_5090,7,2026-08-30T11:57:41.606177,69.33,41.31,42.88,2.322,18.21,17.29,0.92,36.1,0,NOMINAL
VEH_5090,8,2026-08-30T11:58:46.606177,70.02,44.09,42.79,2.543,19.29,18.17,1.12,36.4,0,NOMINAL
VEH_5090,9,2026-08-30T11:59:51.606177,75.78,,42.79,2.376,12.75,11.81,0.94,36.7,0,NOMINAL
VEH_5090,10,2026-08-30T12:00:56.606177,64.51,,42.71,2.821,13.15,12.3,0.85,37.0,0,NOMINAL
VEH_5090,11,2026-08-30T12:02:01.606177,67.31,,43.85,2.703,13.4,12.78,0.62,48.0,0,NOMINAL
VEH_5090,12,2026-08-30T12:03:06.606177,70.04,,45.98,2.523,10.46,10.16,0.3,48.0,0,NOMINAL
VEH_5090,13,2026-08-30T12:04:11.606177,72.05,,45.2,2.655,12.2,11.14,1.06,38.0,0,NOMINAL
VEH_5090,14,2026-08-30T12:05:16.606177,74.54,43.07,45.23,2.796,19.41,18.24,1.17,38.2,0,NOMINAL
VEH_5090,15,2026-08-30T12:06:21.606177,62.14,,45.97,2.992,13.81,12.7,1.11,38.0,0,NOMINAL
VEH_5090,16,2026-08-30T12:07:26.606177,67.82,,45.89,2.724,11.27,10.08,1.19,38.0,0,NOMINAL
VEH_5090,17,2026-08-30T12:08:31.606177,68.86,,45.81,2.845,13.15,11.06,2.09,60.0,0,NOMINAL
VEH_5090,18,2026-08-30T12:09:36.606177,72.23,,47.15,2.696,13.4,12.04,1.36,38.0,0,NOMINAL
VEH_5090,19,2026-08-30T12:10:41.606177,75.73,,46.01,2.999,11.71,9.21,2.5,29.5,0,NOMINAL
VEH_5090,20,2026-08-30T12:11:46.606177,66.81,,48.57,2.979,9.5,6.8,2.7,31.0,0,NOMINAL
VEH_5090,21,2026-08-30T12:12:51.606177,66.66,,48.84,3.037,10.68,7.58,3.1,28.0,0,NOMINAL
VEH_5090,22,2026-08-30T12:13:56.606177,67.61,,48.42,2.882,11.12,8.36,2.76,29.5,0,NOMINAL
VEH_5090,23,2026-08-30T12:15:01.606177,73.45,,49.36,3.246,11.92,9.14,2.78,31.0,0,NOMINAL
VEH_5090,24,2026-08-30T12:16:06.606177,75.41,,48.53,2.992,10.2,7.11,3.09,28.0,0,NOMINAL
VEH_5090,25,2026-08-30T12:17:11.606177,66.47,,50.9,3.048,10.76,7.5,3.26,29.5,0,NOMINAL
VEH_5090,26,2026-08-30T12:18:16.606177,67.4,42.81,50.14,3.303,16.07,13.11,2.96,31.0,0,NOMINAL
VEH_5090,27,2026-08-30T12:19:21.606177,67.43,41.68,51.38,3.402,17.28,13.89,3.39,28.0,0,NOMINAL
VEH_5090,28,2026-08-30T12:20:26.606177,73.02,,49.81,3.083,10.1,7.04,3.06,29.5,0,NOMINAL
VEH_5090,29,2026-08-30T12:21:31.606177,74.18,,49.6,2.894,10.58,7.81,2.77,31.0,0,NOMINAL
VEH_5090,30,2026-08-30T12:22:36.606177,64.91,,50.89,3.025,11.64,8.2,3.44,28.0,0,NOMINAL
VEH_5091,1,2026-08-30T11:52:26.606177,66.44,42.78,40.79,2.259,18.24,17.21,1.03,34.3,0,NOMINAL
VEH_5091,2,2026-08-30T11:53:31.606177,69.88,42.06,40.22,2.168,18.93,18.09,0.84,34.6,0,NOMINAL
VEH_5091,3,2026-08-30T11:54:36.606177,72.57,,39.2,2.569,12.38,11.74,0.64,34.9,0,NOMINAL
VEH_5091,4,2026-08-30T11:55:41.606177,76.99,,41.4,2.118,13.6,12.61,0.99,35.2,0,NOMINAL
VEH_5091,5,2026-08-30T11:56:46.606177,64.78,,39.67,2.654,13.72,13.1,0.62,35.5,0,NOMINAL
VEH_5091,6,2026-08-30T11:57:51.606177,67.35,,40.46,2.518,12.28,11.58,0.7,35.8,0,NOMINAL
VEH_5091,7,2026-08-30T11:58:56.606177,70.24,41.26,40.11,2.587,17.81,17.29,0.52,36.1,0,NOMINAL
VEH_5091,8,2026-08-30T12:00:01.606177,71.59,41.07,44.72,2.432,19.28,18.17,1.11,36.4,0,NOMINAL
VEH_5091,9,2026-08-30T12:01:06.606177,73.69,,41.94,2.392,12.56,11.81,0.75,36.7,0,NOMINAL
VEH_5091,10,2026-08-30T12:02:11.606177,65.22,,42.8,2.797,13.18,12.3,0.88,37.0,0,NOMINAL
VEH_5091,11,2026-08-30T12:03:16.606177,69.16,,43.5,2.707,13.51,12.78,0.73,48.0,0,NOMINAL
VEH_5091,12,2026-08-30T12:04:21.606177,68.67,,44.06,2.611,10.71,10.16,0.55,48.0,0,NOMINAL
VEH_5091,13,2026-08-30T12:05:26.606177,71.15,,44.72,2.835,12.1,11.14,0.96,38.0,0,NOMINAL
VEH_5091,14,2026-08-30T12:06:31.606177,75.96,41.28,45.73,2.627,19.32,18.24,1.08,38.2,0,NOMINAL
VEH_5091,15,2026-08-30T12:07:36.606177,65.69,,45.39,2.834,13.83,12.7,1.13,38.0,0,NOMINAL
VEH_5091,16,2026-08-30T12:08:41.606177,66.08,,46.61,2.854,11.33,10.08,1.25,38.0,0,NOMINAL
VEH_5091,17,2026-08-30T12:09:46.606177,71.69,,46.69,2.8,13.11,11.06,2.05,60.0,0,NOMINAL
VEH_5091,18,2026-08-30T12:10:51.606177,71.84,,46.86,2.723,13.34,12.04,1.3,38.0,0,NOMINAL
VEH_5091,19,2026-08-30T12:11:56.606177,74.3,,47.59,2.952,11.9,9.21,2.69,29.5,0,NOMINAL
VEH_5091,20,2026-08-30T12:13:01.606177,66.32,,48.33,3.081,9.44,6.8,2.64,31.0,0,NOMINAL
VEH_5091,21,2026-08-30T12:14:06.606177,67.8,,46.41,2.959,10.35,7.58,2.77,28.0,0,NOMINAL
VEH_5091,22,2026-08-30T12:15:11.606177,68.79,,47.95,2.938,11.09,8.36,2.73,29.5,0,NOMINAL
VEH_5091,23,2026-08-30T12:16:16.606177,70.77,,50.12,2.819,11.95,9.14,2.81,31.0,0,NOMINAL
VEH_5091,24,2026-08-30T12:17:21.606177,74.6,,48.36,3.227,10.15,7.11,3.04,28.0,0,NOMINAL
VEH_5091,25,2026-08-30T12:18:26.606177,65.66,,49.86,3.153,10.58,7.5,3.08,29.5,0,NOMINAL
VEH_5091,26,2026-08-30T12:19:31.606177,66.07,41.82,50.15,3.043,15.92,13.11,2.81,31.0,0,NOMINAL
VEH_5091,27,2026-08-30T12:20:36.606177,69.5,40.72,49.79,3.275,16.99,13.89,3.1,28.0,0,NOMINAL
VEH_5091,28,2026-08-30T12:21:41.606177,72.18,,50.05,3.024,10.11,7.04,3.07,29.5,0,NOMINAL
VEH_5091,29,2026-08-30T12:22:46.606177,75.8,,51.74,3.068,10.95,7.81,3.14,31.0,0,NOMINAL
VEH_5091,30,2026-08-30T12:23:51.606177,63.54,,52.62,3.002,11.85,8.2,3.65,28.0,0,NOMINAL
VEH_5092,1,2026-08-30T11:53:41.606177,69.05,40.79,40.17,2.062,18.0,17.21,0.79,34.3,0,NOMINAL
VEH_5092,2,2026-08-30T11:54:46.606177,71.12,40.13,41.45,2.378,18.94,18.09,0.85,34.6,0,NOMINAL
VEH_5092,3,2026-08-30T11:55:51.606177,70.77,,40.08,2.58,12.46,11.74,0.72,34.9,0,NOMINAL
VEH_5092,4,2026-08-30T11:56:56.606177,75.8,,39.95,2.391,13.35,12.61,0.74,35.2,0,NOMINAL
VEH_5092,5,2026-08-30T11:58:01.606177,65.66,,41.81,2.445,14.07,13.1,0.97,35.5,0,NOMINAL
VEH_5092,6,2026-08-30T11:59:06.606177,68.14,,42.05,2.66,12.54,11.58,0.96,35.8,0,NOMINAL
VEH_5092,7,2026-08-30T12:00:11.606177,69.94,39.03,44.95,2.322,18.27,17.29,0.98,36.1,0,NOMINAL
VEH_5092,8,2026-08-30T12:01:16.606177,72.01,40.49,42.87,2.562,18.95,18.17,0.78,36.4,0,NOMINAL
VEH_5092,9,2026-08-30T12:02:21.606177,74.92,,42.21,2.564,12.64,11.81,0.83,36.7,0,NOMINAL
VEH_5092,10,2026-08-30T12:03:26.606177,64.26,,42.63,2.604,13.13,12.3,0.83,37.0,0,NOMINAL
VEH_5092,11,2026-08-30T12:04:31.606177,66.25,,43.84,2.658,13.37,12.78,0.59,48.0,0,NOMINAL
VEH_5092,12,2026-08-30T12:05:36.606177,68.76,,44.86,2.792,10.59,10.16,0.43,48.0,0,NOMINAL
VEH_5092,13,2026-08-30T12:06:41.606177,72.09,,44.95,2.458,12.16,11.14,1.02,38.0,0,NOMINAL
VEH_5092,14,2026-08-30T12:07:46.606177,73.25,40.15,46.72,2.689,19.25,18.24,1.01,38.2,0,NOMINAL
VEH_5092,15,2026-08-30T12:08:51.606177,64.78,,45.62,2.748,13.84,12.7,1.14,38.0,0,NOMINAL
VEH_5092,16,2026-08-30T12:09:56.606177,68.26,,47.23,2.817,11.49,10.08,1.41,38.0,0,NOMINAL
VEH_5092,17,2026-08-30T12:11:01.606177,67.69,,45.41,3.01,13.17,11.06,2.11,60.0,0,NOMINAL
VEH_5092,18,2026-08-30T12:12:06.606177,71.93,,46.86,3.051,13.35,12.04,1.31,38.0,0,NOMINAL
VEH_5092,19,2026-08-30T12:13:11.606177,76.13,,47.52,3.249,11.95,9.21,2.74,29.5,0,NOMINAL
VEH_5092,20,2026-08-30T12:14:16.606177,64.97,,46.5,2.822,9.13,6.8,2.33,31.0,0,NOMINAL
VEH_5092,21,2026-08-30T12:15:21.606177,68.55,,48.17,2.942,10.64,7.58,3.06,28.0,0,NOMINAL
VEH_5092,22,2026-08-30T12:16:26.606177,70.52,,48.73,3.085,11.26,8.36,2.9,29.5,0,NOMINAL
VEH_5092,23,2026-08-30T12:17:31.606177,72.45,,49.78,2.88,11.95,9.14,2.81,31.0,0,NOMINAL
VEH_5092,24,2026-08-30T12:18:36.606177,73.98,,47.5,3.159,10.01,7.11,2.9,28.0,0,NOMINAL
VEH_5092,25,2026-08-30T12:19:41.606177,62.67,,49.48,3.131,10.43,7.5,2.93,29.5,0,NOMINAL
VEH_5092,26,2026-08-30T12:20:46.606177,66.66,41.65,50.11,2.944,15.91,13.11,2.8,31.0,0,NOMINAL
VEH_5092,27,2026-08-30T12:21:51.606177,68.71,41.34,50.23,3.456,17.11,13.89,3.22,28.0,0,NOMINAL
VEH_5092,28,2026-08-30T12:22:56.606177,71.69,,50.9,2.809,10.22,7.04,3.18,29.5,0,NOMINAL
VEH_5092,29,2026-08-30T12:24:01.606177,75.26,,51.25,3.051,10.86,7.81,3.05,31.0,0,NOMINAL
VEH_5092,30,2026-08-30T12:25:06.606177,63.19,,52.71,3.307,11.85,8.2,3.65,28.0,0,NOMINAL
VEH_5093,1,2026-08-30T11:54:56.606177,68.06,43.57,41.96,2.332,18.56,17.21,1.35,34.3,0,NOMINAL
VEH_5093,2,2026-08-30T11:56:01.606177,71.3,42.14,41.27,2.252,19.14,18.09,1.05,34.6,0,NOMINAL
VEH_5093,3,2026-08-30T11:57:06.606177,73.13,,41.56,2.338,12.75,11.74,1.01,34.9,0,NOMINAL
VEH_5093,4,2026-08-30T11:58:11.606177,76.31,,40.69,2.468,13.48,12.61,0.87,35.2,0,NOMINAL
VEH_5093,5,2026-08-30T11:59:16.606177,63.98,,41.17,2.397,13.92,13.1,0.82,35.5,0,NOMINAL
VEH_5093,6,2026-08-30T12:00:21.606177,67.15,,42.52,2.679,12.58,11.58,1.0,35.8,0,NOMINAL
VEH_5093,7,2026-08-30T12:01:26.606177,71.04,44.07,41.07,2.413,18.3,17.29,1.01,36.1,0,NOMINAL
VEH_5093,8,2026-08-30T12:02:31.606177,74.67,43.82,42.83,3.04,19.41,18.17,1.24,36.4,0,NOMINAL
VEH_5093,9,2026-08-30T12:03:36.606177,75.21,,42.13,2.582,12.63,11.81,0.82,36.7,0,NOMINAL
VEH_5093,10,2026-08-30T12:04:41.606177,64.9,,45.31,2.79,13.55,12.3,1.25,37.0,0,NOMINAL
VEH_5093,11,2026-08-30T12:05:46.606177,67.28,,46.32,2.714,13.03,12.78,0.25,48.0,0,NOMINAL
VEH_5093,12,2026-08-30T12:06:51.606177,70.87,,44.36,2.912,10.73,10.16,0.57,48.0,0,NOMINAL
VEH_5093,13,2026-08-30T12:07:56.606177,72.76,,44.62,2.605,12.14,11.14,1.0,38.0,0,NOMINAL
VEH_5093,14,2026-08-30T12:09:01.606177,72.0,43.69,46.23,2.715,19.55,18.24,1.31,38.2,0,NOMINAL
VEH_5093,15,2026-08-30T12:10:06.606177,65.19,,44.84,2.75,13.74,12.7,1.04,38.0,0,NOMINAL
VEH_5093,16,2026-08-30T12:11:11.606177,69.44,,46.0,2.918,11.34,10.08,1.26,38.0,0,NOMINAL
VEH_5093,17,2026-08-30T12:12:16.606177,69.8,,46.87,2.951,13.02,11.06,1.96,60.0,0,NOMINAL
VEH_5093,18,2026-08-30T12:13:21.606177,73.06,,47.18,3.147,13.43,12.04,1.39,38.0,0,NOMINAL
VEH_5093,19,2026-08-30T12:14:26.606177,76.68,,47.51,3.131,11.97,9.21,2.76,29.5,0,NOMINAL
VEH_5093,20,2026-08-30T12:15:31.606177,64.17,,47.2,3.036,9.21,6.8,2.41,31.0,0,NOMINAL
VEH_5093,21,2026-08-30T12:16:36.606177,67.76,,47.69,3.27,10.54,7.58,2.96,28.0,0,NOMINAL
VEH_5093,22,2026-08-30T12:17:41.606177,69.05,,48.0,3.154,11.1,8.36,2.74,29.5,0,NOMINAL
VEH_5093,23,2026-08-30T12:18:46.606177,70.58,,49.11,3.325,11.79,9.14,2.65,31.0,0,NOMINAL
VEH_5093,24,2026-08-30T12:19:51.606177,76.35,,47.73,3.302,10.11,7.11,3.0,28.0,0,NOMINAL
VEH_5093,25,2026-08-30T12:20:56.606177,64.34,,49.09,3.328,10.42,7.5,2.92,29.5,0,NOMINAL
VEH_5093,26,2026-08-30T12:22:01.606177,66.45,44.4,50.4,3.179,16.26,13.11,3.15,31.0,0,NOMINAL
VEH_5093,27,2026-08-30T12:23:06.606177,69.39,43.19,50.34,3.338,17.36,13.89,3.47,28.0,0,NOMINAL
VEH_5093,28,2026-08-30T12:24:11.606177,70.25,,50.44,3.249,10.11,7.04,3.07,29.5,0,NOMINAL
VEH_5093,29,2026-08-30T12:25:16.606177,76.31,,51.77,3.106,10.97,7.81,3.16,31.0,0,NOMINAL
VEH_5093,30,2026-08-30T12:26:21.606177,65.54,,52.25,3.184,11.86,8.2,3.66,28.0,0,NOMINAL
VEH_5094,1,2026-08-30T11:56:11.606177,68.3,40.78,40.16,2.507,17.97,17.21,0.76,34.3,0,NOMINAL
VEH_5094,2,2026-08-30T11:57:16.606177,70.21,42.05,40.43,2.386,18.98,18.09,0.89,34.6,0,NOMINAL
VEH_5094,3,2026-08-30T11:58:21.606177,73.03,,40.06,2.379,12.53,11.74,0.79,34.9,0,NOMINAL
VEH_5094,4,2026-08-30T11:59:26.606177,76.52,,40.79,2.569,13.5,12.61,0.89,35.2,0,NOMINAL
VEH_5094,5,2026-08-30T12:00:31.606177,63.87,,41.15,2.459,13.92,13.1,0.82,35.5,0,NOMINAL
VEH_5094,6,2026-08-30T12:01:36.606177,66.57,,42.35,2.738,12.54,11.58,0.96,35.8,0,NOMINAL
VEH_5094,7,2026-08-30T12:02:41.606177,70.43,43.32,41.4,2.373,18.25,17.29,0.96,36.1,0,NOMINAL
VEH_5094,8,2026-08-30T12:03:46.606177,73.45,43.87,42.56,2.532,19.33,18.17,1.16,36.4,0,NOMINAL
VEH_5094,9,2026-08-30T12:04:51.606177,74.26,,41.88,2.659,12.57,11.81,0.76,36.7,0,NOMINAL
VEH_5094,10,2026-08-30T12:05:56.606177,65.02,,42.47,2.702,13.13,12.3,0.83,37.0,0,NOMINAL
VEH_5094,11,2026-08-30T12:07:01.606177,67.15,,43.98,2.825,13.37,12.78,0.59,48.0,0,NOMINAL
VEH_5094,12,2026-08-30T12:08:06.606177,67.24,,44.56,2.639,10.59,10.16,0.43,48.0,0,NOMINAL
VEH_5094,13,2026-08-30T12:09:11.606177,72.69,,45.19,2.772,12.22,11.14,1.08,38.0,0,NOMINAL
VEH_5094,14,2026-08-30T12:10:16.606177,73.85,43.36,44.81,2.913,19.36,18.24,1.12,38.2,0,NOMINAL
VEH_5094,15,2026-08-30T12:11:21.606177,66.03,,45.54,2.814,13.87,12.7,1.17,38.0,0,NOMINAL
VEH_5094,16,2026-08-30T12:12:26.606177,66.15,,47.11,3.146,11.41,10.08,1.33,38.0,0,NOMINAL
VEH_5094,17,2026-08-30T12:13:31.606177,69.08,,45.96,2.762,13.14,11.06,2.08,60.0,0,NOMINAL
VEH_5094,18,2026-08-30T12:14:36.606177,73.99,,48.71,3.047,13.69,12.04,1.65,38.0,0,NOMINAL
VEH_5094,19,2026-08-30T12:15:41.606177,74.12,,45.79,3.041,11.63,9.21,2.42,29.5,0,NOMINAL
VEH_5094,20,2026-08-30T12:16:46.606177,65.44,,47.31,2.899,9.26,6.8,2.46,31.0,0,NOMINAL
VEH_5094,21,2026-08-30T12:17:51.606177,69.14,,48.61,3.111,10.72,7.58,3.14,28.0,0,NOMINAL
VEH_5094,22,2026-08-30T12:18:56.606177,69.89,,47.89,3.047,11.11,8.36,2.75,29.5,0,NOMINAL
VEH_5094,23,2026-08-30T12:20:01.606177,76.12,,48.94,2.892,11.94,9.14,2.8,31.0,0,NOMINAL
VEH_5094,24,2026-08-30T12:21:06.606177,76.06,,49.3,3.104,10.34,7.11,3.23,28.0,0,NOMINAL
VEH_5094,25,2026-08-30T12:22:11.606177,66.16,,49.37,3.025,10.52,7.5,3.02,29.5,0,NOMINAL
VEH_5094,26,2026-08-30T12:23:16.606177,67.19,40.93,50.66,3.289,15.93,13.11,2.82,31.0,0,NOMINAL
VEH_5094,27,2026-08-30T12:24:21.606177,67.97,41.97,50.67,3.248,17.22,13.89,3.33,28.0,0,NOMINAL
VEH_5094,28,2026-08-30T12:25:26.606177,74.02,,51.29,3.1,10.35,7.04,3.31,29.5,0,NOMINAL
VEH_5094,29,2026-08-30T12:26:31.606177,74.8,,49.32,3.278,10.55,7.81,2.74,31.0,0,NOMINAL
VEH_5094,30,2026-08-30T12:27:36.606177,64.9,,51.88,3.321,11.78,8.2,3.58,28.0,0,NOMINAL
VEH_5095,1,2026-08-30T11:57:26.606177,67.29,40.82,38.24,2.326,17.66,17.21,0.45,34.3,0,NOMINAL
VEH_5095,2,2026-08-30T11:58:31.606177,70.63,40.11,40.54,2.48,18.78,18.09,0.69,34.6,0,NOMINAL
VEH_5095,3,2026-08-30T11:59:36.606177,73.36,,41.29,2.474,12.72,11.74,0.98,34.9,0,NOMINAL
VEH_5095,4,2026-08-30T12:00:41.606177,76.0,,41.13,2.259,13.53,12.61,0.92,35.2,0,NOMINAL
VEH_5095,5,2026-08-30T12:01:46.606177,64.22,,39.98,2.255,13.75,13.1,0.65,35.5,0,NOMINAL
VEH_5095,6,2026-08-30T12:02:51.606177,67.44,,41.28,2.59,12.4,11.58,0.82,35.8,0,NOMINAL
VEH_5095,7,2026-08-30T12:03:56.606177,71.19,41.08,41.49,2.206,18.03,17.29,0.74,36.1,0,NOMINAL
VEH_5095,8,2026-08-30T12:05:01.606177,70.89,40.87,43.59,2.627,19.06,18.17,0.89,36.4,0,NOMINAL
VEH_5095,9,2026-08-30T12:06:06.606177,74.26,,42.57,2.509,12.67,11.81,0.86,36.7,0,NOMINAL
VEH_5095,10,2026-08-30T12:07:11.606177,65.06,,44.48,2.726,13.43,12.3,1.13,37.0,0,NOMINAL
VEH_5095,11,2026-08-30T12:08:16.606177,67.27,,45.58,2.99,13.14,12.78,0.36,48.0,0,NOMINAL
VEH_5095,12,2026-08-30T12:09:21.606177,70.04,,43.67,2.663,10.81,10.16,0.65,48.0,0,NOMINAL
VEH_5095,13,2026-08-30T12:10:26.606177,70.94,,44.56,2.626,12.07,11.14,0.93,38.0,0,NOMINAL
VEH_5095,14,2026-08-30T12:11:31.606177,75.82,40.87,46.86,2.873,19.44,18.24,1.2,38.2,0,NOMINAL
VEH_5095,15,2026-08-30T12:12:36.606177,65.23,,46.3,2.856,13.96,12.7,1.26,38.0,0,NOMINAL
VEH_5095,16,2026-08-30T12:13:41.606177,64.84,,45.6,2.694,11.14,10.08,1.06,38.0,0,NOMINAL
VEH_5095,17,2026-08-30T12:14:46.606177,72.17,,46.25,2.754,13.19,11.06,2.13,60.0,0,NOMINAL
VEH_5095,18,2026-08-30T12:15:51.606177,71.58,,47.88,3.284,13.49,12.04,1.45,38.0,0,NOMINAL
VEH_5095,19,2026-08-30T12:16:56.606177,73.9,,47.73,2.822,11.91,9.21,2.7,29.5,0,NOMINAL
VEH_5095,20,2026-08-30T12:18:01.606177,62.92,,47.03,3.035,9.14,6.8,2.34,31.0,0,NOMINAL
VEH_5095,21,2026-08-30T12:19:06.606177,67.56,,48.17,3.094,10.61,7.58,3.03,28.0,0,NOMINAL
VEH_5095,22,2026-08-30T12:20:11.606177,71.57,,49.72,3.012,11.44,8.36,3.08,29.5,0,NOMINAL
VEH_5095,23,2026-08-30T12:21:16.606177,73.57,,48.01,3.114,11.72,9.14,2.58,31.0,0,NOMINAL
VEH_5095,24,2026-08-30T12:22:21.606177,75.38,,48.53,3.192,10.2,7.11,3.09,28.0,0,NOMINAL
VEH_5095,25,2026-08-30T12:23:26.606177,66.06,,51.06,3.2,10.77,7.5,3.27,29.5,0,NOMINAL
VEH_5095,26,2026-08-30T12:24:31.606177,66.03,39.5,50.31,3.088,15.67,13.11,2.56,31.0,0,NOMINAL
VEH_5095,27,2026-08-30T12:25:36.606177,71.31,41.16,49.98,3.035,17.13,13.89,3.24,28.0,0,NOMINAL
VEH_5095,28,2026-08-30T12:26:41.606177,72.78,,50.63,2.887,10.21,7.04,3.17,29.5,0,NOMINAL
VEH_5095,29,2026-08-30T12:27:46.606177,74.48,,51.47,3.413,10.87,7.81,3.06,31.0,0,NOMINAL
VEH_5095,30,2026-08-30T12:28:51.606177,65.25,,51.6,3.115,11.75,8.2,3.55,28.0,0,NOMINAL
VEH_5096,1,2026-08-30T11:58:41.606177,68.15,45.78,39.99,2.415,18.52,17.21,1.31,34.3,0,NOMINAL
VEH_5096,2,2026-08-30T11:59:46.606177,70.53,42.43,42.01,2.835,19.27,18.09,1.18,34.6,0,NOMINAL
VEH_5096,3,2026-08-30T12:00:51.606177,72.18,,40.07,2.59,12.5,11.74,0.76,34.9,0,NOMINAL
VEH_5096,4,2026-08-30T12:01:56.606177,73.94,,40.17,2.436,13.32,12.61,0.71,35.2,0,NOMINAL
VEH_5096,5,2026-08-30T12:03:01.606177,63.05,,41.59,2.426,13.96,13.1,0.86,35.5,0,NOMINAL
VEH_5096,6,2026-08-30T12:04:06.606177,68.57,,41.56,2.616,12.48,11.58,0.9,35.8,0,NOMINAL
VEH_5096,7,2026-08-30T12:05:11.606177,69.89,42.88,43.07,2.459,18.43,17.29,1.14,36.1,0,NOMINAL
VEH_5096,8,2026-08-30T12:06:16.606177,72.55,42.79,44.87,2.75,19.53,18.17,1.36,36.4,0,NOMINAL
VEH_5096,9,2026-08-30T12:07:21.606177,75.61,,41.37,2.34,12.53,11.81,0.72,36.7,0,NOMINAL
VEH_5096,10,2026-08-30T12:08:26.606177,64.89,,43.88,2.679,13.33,12.3,1.03,37.0,0,NOMINAL
VEH_5096,11,2026-08-30T12:09:31.606177,68.66,,44.37,2.774,13.36,12.78,0.58,48.0,0,NOMINAL
VEH_5096,12,2026-08-30T12:10:36.606177,70.25,,44.45,2.713,10.7,10.16,0.54,48.0,0,NOMINAL
VEH_5096,13,2026-08-30T12:11:41.606177,71.93,,45.1,2.963,12.18,11.14,1.04,38.0,0,NOMINAL
VEH_5096,14,2026-08-30T12:12:46.606177,74.93,43.68,44.69,2.864,19.41,18.24,1.17,38.2,0,NOMINAL
VEH_5096,15,2026-08-30T12:13:51.606177,62.23,,45.07,2.817,13.68,12.7,0.98,38.0,0,NOMINAL
VEH_5096,16,2026-08-30T12:14:56.606177,69.07,,46.61,2.687,11.42,10.08,1.34,38.0,0,NOMINAL
VEH_5096,17,2026-08-30T12:16:01.606177,71.73,,45.45,2.684,13.29,11.06,2.23,60.0,0,NOMINAL
VEH_5096,18,2026-08-30T12:17:06.606177,73.75,,47.29,3.044,13.47,12.04,1.43,38.0,0,NOMINAL
VEH_5096,19,2026-08-30T12:18:11.606177,73.77,,46.49,2.923,11.72,9.21,2.51,29.5,0,NOMINAL
VEH_5096,20,2026-08-30T12:19:16.606177,63.8,,49.13,3.061,9.49,6.8,2.69,31.0,0,NOMINAL
VEH_5096,21,2026-08-30T12:20:21.606177,65.58,,48.38,3.164,10.58,7.58,3.0,28.0,0,NOMINAL
VEH_5096,22,2026-08-30T12:21:26.606177,69.2,,49.46,2.887,11.33,8.36,2.97,29.5,0,NOMINAL
VEH_5096,23,2026-08-30T12:22:31.606177,72.97,,48.89,2.9,11.83,9.14,2.69,31.0,0,NOMINAL
VEH_5096,24,2026-08-30T12:23:36.606177,74.14,,47.98,2.912,10.08,7.11,2.97,28.0,0,NOMINAL
VEH_5096,25,2026-08-30T12:24:41.606177,63.45,,49.2,2.942,10.41,7.5,2.91,29.5,0,NOMINAL
VEH_5096,26,2026-08-30T12:25:46.606177,68.7,46.12,49.27,3.231,16.36,13.11,3.25,31.0,0,NOMINAL
VEH_5096,27,2026-08-30T12:26:51.606177,69.47,40.81,51.19,3.483,17.21,13.89,3.32,28.0,0,NOMINAL
VEH_5096,28,2026-08-30T12:27:56.606177,72.46,,50.97,3.325,10.25,7.04,3.21,29.5,0,NOMINAL
VEH_5096,29,2026-08-30T12:29:01.606177,72.66,,51.72,3.097,10.85,7.81,3.04,31.0,0,NOMINAL
VEH_5096,30,2026-08-30T12:30:06.606177,65.24,,51.14,3.392,11.68,8.2,3.48,28.0,0,NOMINAL
VEH_5097,1,2026-08-30T11:59:56.606177,66.16,39.1,40.72,2.175,17.8,17.21,0.59,34.3,0,NOMINAL
VEH_5097,2,2026-08-30T12:01:01.606177,69.18,40.58,40.98,2.23,18.86,18.09,0.77,34.6,0,NOMINAL
VEH_5097,3,2026-08-30T12:02:06.606177,71.91,,39.58,2.675,12.42,11.74,0.68,34.9,0,NOMINAL
VEH_5097,4,2026-08-30T12:03:11.606177,74.39,,42.32,2.041,13.66,12.61,1.05,35.2,0,NOMINAL
VEH_5097,5,2026-08-30T12:04:16.606177,66.82,,40.42,2.436,13.9,13.1,0.8,35.5,0,NOMINAL
VEH_5097,6,2026-08-30T12:05:21.606177,68.55,,41.5,2.419,12.47,11.58,0.89,35.8,0,NOMINAL
VEH_5097,7,2026-08-30T12:06:26.606177,70.76,38.09,41.79,2.228,17.72,17.29,0.43,36.1,0,NOMINAL
VEH_5097,8,2026-08-30T12:07:31.606177,72.12,39.05,42.09,2.513,18.67,18.17,0.5,36.4,0,NOMINAL
VEH_5097,9,2026-08-30T12:08:36.606177,73.91,,41.22,2.58,12.46,11.81,0.65,36.7,0,NOMINAL
VEH_5097,10,2026-08-30T12:09:41.606177,67.21,,42.5,2.448,13.2,12.3,0.9,37.0,0,NOMINAL
VEH_5097,11,2026-08-30T12:10:46.606177,68.62,,44.06,2.486,13.41,12.78,0.63,48.0,0,NOMINAL
VEH_5097,12,2026-08-30T12:11:51.606177,68.88,,43.94,2.653,10.73,10.16,0.57,48.0,0,NOMINAL
VEH_5097,13,2026-08-30T12:12:56.606177,72.17,,44.15,2.482,12.05,11.14,0.91,38.0,0,NOMINAL
VEH_5097,14,2026-08-30T12:14:01.606177,74.61,40.22,44.67,2.527,19.0,18.24,0.76,38.2,0,NOMINAL
VEH_5097,15,2026-08-30T12:15:06.606177,64.7,,46.95,2.391,14.04,12.7,1.34,38.0,0,NOMINAL
VEH_5097,16,2026-08-30T12:16:11.606177,67.77,,46.36,2.916,11.34,10.08,1.26,38.0,0,NOMINAL
VEH_5097,17,2026-08-30T12:17:16.606177,69.15,,46.2,2.842,13.1,11.06,2.04,60.0,0,NOMINAL
VEH_5097,18,2026-08-30T12:18:21.606177,72.35,,49.02,2.828,13.68,12.04,1.64,38.0,0,NOMINAL
VEH_5097,19,2026-08-30T12:19:26.606177,74.89,,47.34,2.85,11.88,9.21,2.67,29.5,0,NOMINAL
VEH_5097,20,2026-08-30T12:20:31.606177,65.83,,46.81,2.546,9.2,6.8,2.4,31.0,0,NOMINAL
VEH_5097,21,2026-08-30T12:21:36.606177,65.53,,48.36,2.551,10.57,7.58,2.99,28.0,0,NOMINAL
VEH_5097,22,2026-08-30T12:22:41.606177,68.13,,48.9,2.997,11.21,8.36,2.85,29.5,0,NOMINAL
VEH_5097,23,2026-08-30T12:23:46.606177,74.82,,49.78,3.148,12.02,9.14,2.88,31.0,0,NOMINAL
VEH_5097,24,2026-08-30T12:24:51.606177,74.35,,50.4,2.838,10.45,7.11,3.34,28.0,0,NOMINAL
VEH_5097,25,2026-08-30T12:25:56.606177,64.14,,49.27,3.059,10.44,7.5,2.94,29.5,0,NOMINAL
VEH_5097,26,2026-08-30T12:27:01.606177,67.23,39.14,50.58,3.107,15.71,13.11,2.6,31.0,0,NOMINAL
VEH_5097,27,2026-08-30T12:28:06.606177,70.08,38.94,50.45,3.177,16.91,13.89,3.02,28.0,0,NOMINAL
VEH_5097,28,2026-08-30T12:29:11.606177,69.05,,52.28,2.834,10.35,7.04,3.31,29.5,0,NOMINAL
VEH_5097,29,2026-08-30T12:30:16.606177,74.16,,50.3,3.002,10.68,7.81,2.87,31.0,0,NOMINAL
VEH_5097,30,2026-08-30T12:31:21.606177,64.95,,49.97,3.307,11.5,8.2,3.3,28.0,0,NOMINAL
VEH_5098,1,2026-08-30T12:01:11.606177,69.13,43.53,41.28,2.452,18.48,17.21,1.27,34.3,0,NOMINAL
VEH_5098,2,2026-08-30T12:02:16.606177,69.08,42.77,39.84,2.545,18.93,18.09,0.84,34.6,0,NOMINAL
VEH_5098,3,2026-08-30T12:03:21.606177,72.54,,40.79,2.65,12.62,11.74,0.88,34.9,0,NOMINAL
VEH_5098,4,2026-08-30T12:04:26.606177,74.96,,41.78,2.294,13.6,12.61,0.99,35.2,0,NOMINAL
VEH_5098,5,2026-08-30T12:05:31.606177,65.78,,42.33,2.406,14.15,13.1,1.05,35.5,0,NOMINAL
VEH_5098,6,2026-08-30T12:06:36.606177,67.7,,41.02,2.623,12.37,11.58,0.79,35.8,0,NOMINAL
VEH_5098,7,2026-08-30T12:07:41.606177,70.06,42.98,41.94,2.439,18.28,17.29,0.99,36.1,0,NOMINAL
VEH_5098,8,2026-08-30T12:08:46.606177,73.86,43.53,43.23,2.552,19.41,18.17,1.24,36.4,0,NOMINAL
VEH_5098,9,2026-08-30T12:09:51.606177,77.43,,43.43,2.89,12.9,11.81,1.09,36.7,0,NOMINAL
VEH_5098,10,2026-08-30T12:10:56.606177,64.71,,42.87,3.006,13.18,12.3,0.88,37.0,0,NOMINAL
VEH_5098,11,2026-08-30T12:12:01.606177,71.21,,43.28,2.576,13.6,12.78,0.82,48.0,0,NOMINAL
VEH_5098,12,2026-08-30T12:13:06.606177,71.35,,44.28,2.798,10.76,10.16,0.6,48.0,0,NOMINAL
VEH_5098,13,2026-08-30T12:14:11.606177,74.08,,43.8,3.051,12.05,11.14,0.91,38.0,0,NOMINAL
VEH_5098,14,2026-08-30T12:15:16.606177,74.8,43.46,44.69,3.006,19.38,18.24,1.14,38.2,0,NOMINAL
VEH_5098,15,2026-08-30T12:16:21.606177,65.9,,46.74,2.768,14.04,12.7,1.34,38.0,0,NOMINAL
VEH_5098,16,2026-08-30T12:17:26.606177,68.4,,46.4,3.129,11.37,10.08,1.29,38.0,0,NOMINAL
VEH_5098,17,2026-08-30T12:18:31.606177,71.25,,46.91,2.813,13.06,11.06,2.0,60.0,0,NOMINAL
VEH_5098,18,2026-08-30T12:19:36.606177,74.48,,47.44,3.031,13.51,12.04,1.47,38.0,0,NOMINAL
VEH_5098,19,2026-08-30T12:20:41.606177,73.63,,47.0,2.996,11.8,9.21,2.59,29.5,0,NOMINAL
VEH_5098,20,2026-08-30T12:21:46.606177,63.94,,47.19,2.862,9.2,6.8,2.4,31.0,0,NOMINAL
VEH_5098,21,2026-08-30T12:22:51.606177,70.26,,47.38,2.895,10.57,7.58,2.99,28.0,0,NOMINAL
VEH_5098,22,2026-08-30T12:23:56.606177,71.84,,49.41,3.284,11.4,8.36,3.04,29.5,0,NOMINAL
VEH_5098,23,2026-08-30T12:25:01.606177,75.57,,48.13,3.21,11.8,9.14,2.66,31.0,0,NOMINAL
VEH_5098,24,2026-08-30T12:26:06.606177,74.07,,48.72,2.886,10.19,7.11,3.08,28.0,0,NOMINAL
VEH_5098,25,2026-08-30T12:27:11.606177,64.96,,49.59,3.177,10.52,7.5,3.02,29.5,0,NOMINAL
VEH_5098,26,2026-08-30T12:28:16.606177,70.14,43.81,50.14,2.954,16.27,13.11,3.16,31.0,0,NOMINAL
VEH_5098,27,2026-08-30T12:29:21.606177,70.8,45.41,51.37,3.36,17.81,13.89,3.92,28.0,0,NOMINAL
VEH_5098,28,2026-08-30T12:30:26.606177,71.46,,49.57,3.164,10.01,7.04,2.97,29.5,0,NOMINAL
VEH_5098,29,2026-08-30T12:31:31.606177,75.57,,50.62,3.341,10.77,7.81,2.96,31.0,0,NOMINAL
VEH_5098,30,2026-08-30T12:32:36.606177,64.63,,50.87,3.421,11.62,8.2,3.42,28.0,0,NOMINAL
VEH_5099,1,2026-08-30T12:02:26.606177,65.18,42.26,38.95,2.446,17.87,17.21,0.66,34.3,0,NOMINAL
VEH_5099,2,2026-08-30T12:03:31.606177,69.22,40.8,41.49,2.719,18.96,18.09,0.87,34.6,0,NOMINAL
VEH_5099,3,2026-08-30T12:04:36.606177,74.42,,40.53,2.359,12.64,11.74,0.9,34.9,0,NOMINAL
VEH_5099,4,2026-08-30T12:05:41.606177,74.18,,41.2,2.284,13.49,12.61,0.88,35.2,0,NOMINAL
VEH_5099,5,2026-08-30T12:06:46.606177,63.48,,42.14,2.702,14.05,13.1,0.95,35.5,0,NOMINAL
VEH_5099,6,2026-08-30T12:07:51.606177,68.48,,41.63,2.485,12.49,11.58,0.91,35.8,0,NOMINAL
VEH_5099,7,2026-08-30T12:08:56.606177,70.64,40.84,41.86,2.615,18.04,17.29,0.75,36.1,0,NOMINAL
VEH_5099,8,2026-08-30T12:10:01.606177,72.64,42.77,42.62,2.772,19.19,18.17,1.02,36.4,0,NOMINAL
VEH_5099,9,2026-08-30T12:11:06.606177,74.5,,42.74,2.517,12.7,11.81,0.89,36.7,0,NOMINAL
VEH_5099,10,2026-08-30T12:12:11.606177,64.36,,44.16,2.502,13.36,12.3,1.06,37.0,0,NOMINAL
VEH_5099,11,2026-08-30T12:13:16.606177,65.62,,43.85,2.757,13.35,12.78,0.57,48.0,0,NOMINAL
VEH_5099,12,2026-08-30T12:14:21.606177,70.85,,43.88,2.776,10.8,10.16,0.64,48.0,0,NOMINAL
VEH_5099,13,2026-08-30T12:15:26.606177,71.07,,44.83,2.983,12.12,11.14,0.98,38.0,0,NOMINAL
VEH_5099,14,2026-08-30T12:16:31.606177,77.78,43.4,46.99,2.85,19.81,18.24,1.57,38.2,0,NOMINAL
VEH_5099,15,2026-08-30T12:17:36.606177,64.03,,45.28,3.026,13.77,12.7,1.07,38.0,0,NOMINAL
VEH_5099,16,2026-08-30T12:18:41.606177,68.01,,46.69,3.121,11.4,10.08,1.32,38.0,0,NOMINAL
VEH_5099,17,2026-08-30T12:19:46.606177,69.79,,47.22,3.149,12.97,11.06,1.91,60.0,0,NOMINAL
VEH_5099,18,2026-08-30T12:20:51.606177,70.87,,48.83,2.798,13.61,12.04,1.57,38.0,0,NOMINAL
VEH_5099,19,2026-08-30T12:21:56.606177,75.32,,47.75,3.26,11.96,9.21,2.75,29.5,0,NOMINAL
VEH_5099,20,2026-08-30T12:23:01.606177,63.34,,48.62,2.873,9.4,6.8,2.6,31.0,0,NOMINAL
VEH_5099,21,2026-08-30T12:24:06.606177,66.24,,46.96,3.076,10.39,7.58,2.81,28.0,0,NOMINAL
VEH_5099,22,2026-08-30T12:25:11.606177,71.63,,48.34,2.819,11.24,8.36,2.88,29.5,0,NOMINAL
VEH_5099,23,2026-08-30T12:26:16.606177,73.26,,49.94,3.174,12.0,9.14,2.86,31.0,0,NOMINAL
VEH_5099,24,2026-08-30T12:27:21.606177,75.04,,49.04,3.033,10.27,7.11,3.16,28.0,0,NOMINAL
VEH_5099,25,2026-08-30T12:28:26.606177,65.42,,50.72,3.107,10.7,7.5,3.2,29.5,0,NOMINAL
VEH_5099,26,2026-08-30T12:29:31.606177,66.79,41.86,49.44,3.256,15.84,13.11,2.73,31.0,0,NOMINAL
VEH_5099,27,2026-08-30T12:30:36.606177,70.46,42.63,50.89,3.439,17.41,13.89,3.52,28.0,0,NOMINAL
VEH_5099,28,2026-08-30T12:31:41.606177,72.99,,50.53,2.984,10.2,7.04,3.16,29.5,0,NOMINAL
VEH_5099,29,2026-08-30T12:32:46.606177,75.35,,51.15,3.433,10.85,7.81,3.04,31.0,0,NOMINAL
VEH_5099,30,2026-08-30T12:33:51.606177,65.57,,52.05,3.125,11.83,8.2,3.63,28.0,0,NOMINAL
